Ref ID,Site Name,Latitude,Longitude,elexonBmUnit,fuelType,demandCapacity,generationCapacity,gspGroupName
-28,Aberdare,51.71,-3.45,E_ABERDARE,GAS,0.0,15.4,South Wales
-77,Affric/Beauly,57.481,-4.459,M_CAS-BEU01,HYDRO,0.0,93.514,
-29,Baglan,51.6197,-3.8296,T_BAGE-1,CCGT,-12.0,500.0,
-29,Baglan,51.6197,-3.8296,T_BAGE-2,CCGT,-8.0,32.0,
-79,Bispham,53.8487,-3.0309,E_BSPHM-1,OCGT,0.0,20.0,North Western
-52,Breadalbane,56.481,-4.298,T_FINL-1,HYDRO,-0.1,85.794,
-31,Bridgewater,51.1101,-2.9873,E_BRIDGWTR,BIOMASS,0.0,10.18,South Western
-40,BritNed,51.44,0.7166,I_EAG-BRTN1,INT,0.0,1000.0,
-32,Brook Farm BESS,51.9865,1.1491,E_BROFB-1,BESS,-52.803,52.0,Eastern
-33,Burghfield Power Station,51.42937,-1.0033,E_BURGH-1,CCGT,-1.0,48.0,Southern
-1,Carrington Power Station,53.435771,-2.410892,T_CARR-1,CCGT,-10.0,470.0,
-1,Carrington Power Station,53.435771,-2.410892,T_CARR-2,CCGT,-11.4,470.0,
-74,Chatterly,53.0766,-2.1773,E_CHTRY-1,GAS,0.0,20.0,Midlands
-34,Chickerell Power Station,50.6235,-2.489,E_CHICK-1,GAS,-1.0,48.0,Southern
-75,Clachan,56.2776,-4.9213,T_CASKD-1,GAS,-240.0,70.0,
-75,Clachan,56.2776,-4.9213,E_CLAC-1,HYDRO,-0.226,43.38,North Scotland
-35,Contego,50.957,0.132,E_CONTB-1,BESS,-34.445,35.8,South Eastern
-2,Connah’s Quay Power Station,53.232162,-3.0813,T_CNQPS-1,CCGT,-20.0,351.162,
-2,Connah’s Quay Power Station,53.232162,-3.0813,T_CNQPS-2,CCGT,-20.0,352.0,
-2,Connah’s Quay Power Station,53.232162,-3.0813,T_CNQPS-3,CCGT,-20.0,352.0,
-2,Connah’s Quay Power Station,53.232162,-3.0813,T_CNQPS-4,CCGT,-20.0,352.0,
-3,Corby Power Station,53.510941,-0.68139,E_CORB-1,GAS,-0.1,240.0,East Midlands
-4,Coryton Power Station,51.512,-0.508,T_COSO-1,GAS,-152.986,856.186,
-5,Cottam Development Center,53.304,-0.7815,T_CDCL-1,CCGT,-12.0,445.0,
-36,Cowes,50.7471,-1.2862,E_COWE1,GAS,-2.0,70.0,Southern
-36,Cowes,50.7471,-1.2862,E_COWE2,GAS,-2.0,70.0,Southern
-37,Croyden,51.3765,-0.1162,E_CROYD-2,GAS,-6.0,50.0,South Eastern
-6,Damhead Creek Power Station,51.425278,0.601389,T_DAMC-1,CCGT,-12.0,820.0,
-81,Derby,52.8844,-1.463,E_DERBY-1,OCGT,-6.0,56.084,East Midlands
-38,Derwent,52.9064,-1.4007,E_DERW-1,CCGT,-3.0,218.0,East Midlands
-42,East-West Interconnector,53.2272,-3.0727,I_EAG-EWIC1,INT,0.0,500.0,
-50,Exeter,50.706545,-3.524292,E_EXETR-2,GAS,-6.0,50.0,South Western
-7,Didcot B,51.62363,-1.26757,E_DIDC1G,OCGT,0.0,25.0,Southern
-7,Didcot B,51.62363,-1.26757,E_DIDC2G,OCGT,0.0,25.0,Southern
-7,Didcot B,51.62363,-1.26757,E_DIDC3G,OCGT,0.0,25.0,Southern
-7,Didcot B,51.62363,-1.26757,E_DIDC4G,OCGT,0.0,25.0,Southern
-7,Didcot B,51.62363,-1.26757,T_DIDCB5,CCGT,-10.0,770.0,
-7,Didcot B,51.62363,-1.26757,T_DIDCB6,CCGT,-10.0,720.0,
-41,ElecLink,51.0984,1.1447,I_EAG-ELEC1,INT,0.0,1025.0,
-8,Enfield Power Station,51.6627,-0.022778,T_EECL-1,CCGT,-14.171,444.0,
-51,Farnham BESS,51.2482,-0.8726,E_FARNB-1,BESS,-20.0,20.0,Southern
-53,Gerrards Cross,51.5785,-0.531,E_GRCRB-1,BESS,-20.0,20.0,Southern
-30,Glanford Brigg,53.5405,-0.5036,E_BRGG-1,CCGT,-5.0,50.0,Yorkshire
-9,Grain Power Station,51.446111,0.713056,T_GRAI-6,CCGT,-14.0,468.0,
-9,Grain Power Station,51.446111,0.713056,T_GRAI-7,CCGT,-14.0,468.0,
-9,Grain Power Station,51.446111,0.713056,T_GRAI-8,CCGT,-14.0,468.0,
-9,Grain Power Station,51.446111,0.713056,T_GRAI1G,OCGT,0.0,30.0,
-9,Grain Power Station,51.446111,0.713056,T_GRAI4G,OCGT,0.0,28.77,
-10,Great Yarmouth Power Station,52.583884,1.733255,E_GYAR-1,CCGT,-18.0,402.0,Eastern
-44,Green Link,51.66,-5.06,I_EAG-GRN1,INT,0.0,1450.0,
-55,Hartlepool,54.6341,-1.1801,T_HRTL-1,NUCLEAR,-51.072,620.0,
-55,Hartlepool,54.6341,-1.1801,T_HRTL-2,NUCLEAR,-47.928,620.0,
-54,Heysham,54.0288,-2.9161,T_HEYM11,NUCLEAR,-45.0,610.0,
-54,Heysham,54.0288,-2.9161,T_HEYM12,NUCLEAR,-47.0,585.0,
-54,Heysham,54.0288,-2.9161,T_HEYM27,NUCLEAR,-27.008,660.0,
-54,Heysham,54.0288,-2.9161,T_HEYM28,NUCLEAR,-41.776,676.152,
-43,IFA 1,51.1073,0.99,I_EAG-FRAN1,INT,0.0,619.82,
-45,IFA 2,50.818,-1.194,I_EAG-IFA2,INT,0.0,1100.0,
-56,Indian Queens,50.3959,-4.8996,T_INDQ-1,OCGT,-5.0,140.08,
-11,Keadby Power Station,53.594444,-0.750442,T_KEAD-1,CCGT,-11.0,764.0,
-11,Keadby Power Station,53.594444,-0.750442,T_KEAD-2,CCGT,-20.0,890.0,
-11,Keadby Power Station,53.594444,-0.750442,T_KEADGT-3,OCGT,-0.2,30.0,
-78,Killin,56.464,-4.319,M_CAS-KIL01,HYDRO,0.0,70.0,
-57,Killingholme,53.6535,-0.2556,T_KILLPG-1,CCGT,-14.0,311.0,
-57,Killingholme,53.6535,-0.2556,T_KILLPG-2,CCGT,-6.0,316.0,
-58,Kings Lynn,52.7272,0.38011,E_KLYN-A-1,CCGT,-10.0,392.0,Eastern
-26,Immingham,53.63833,-0.23328,T_HUMR-1,CCGT,-30.0,1283.0,
-26,Immingham,53.63833,-0.23328,T_HUMR-2,RGAS,-8.36,50.0,
-26,Immingham,53.63833,-0.23328,T_HUMRD-1,,-66.7,20.0,
-73,Isle of Man Interconnector,54.1554,-4.4756,E_MANXENR-1,OTHER,-62.903,63.74,North Western
-12,Langage Power Station,50.3884,-4.01173,T_LAGA-1,CCGT,-30.0,905.0,
-13,Little Barford Power Station,52.20444,-0.26888,T_LBAR-1,CCGT,-20.0,750.0,
-13,Little Barford Power Station,52.20444,-0.26888,T_LBAR-1G,OCGT,0.0,25.0,
-14,Marchwood Power Station,50.897581,-1.438988,T_MEDP-1,CCGT,-20.0,750.0,
-14,Marchwood Power Station,50.897581,-1.438988,T_MRWD-1,CCGT,-15.0,920.0,
-72,Moorfield Drive,53.7756,-2.3643,E_MORFL-1,GAS,-1.0,20.0,North Western
-71,Mossmoran,56.097,-3.303,T_EXMOSSD-1,GAS,-20.0,4.0,
-46,Moyle,55.0694,-4.9805,I_EAG-MOYL1,INT,0.0,500.0,
-70,Nant,56.344,-5.1872,T_NANT-1,HYDRO,-0.238,20.0,
-47,Nemo,51.2965,1.3192,I_EAG-NEMO1,INT,0.0,1046.0,
-48,North Sea Link,55.126,-1.514,I_EAG-NSL1,INT,0.0,1400.0,
-69,Ocker Hill,52.5387,-2.0297,T_OCHLB-1,BESS,-57.624,58.0,
-16,Pembroke B,51.68311,-4.98842,T_PEMB-21,CCGT,-15.0,475.0,
-16,Pembroke B,51.68311,-4.98842,T_PEMB-31,CCGT,-15.0,475.0,
-16,Pembroke B,51.68311,-4.98842,T_PEMB-41,CCGT,-15.0,475.0,
-16,Pembroke B,51.68311,-4.98842,T_PEMB-51,CCGT,-15.0,475.0,
-59,Peterborough,52.5769,-0.204,E_PETEM1,CCGT,-5.0,245.0,Eastern
-59,Peterborough,52.5769,-0.204,E_PETEM3,BESS,-48.5,49.227,Eastern
-17,Peterhead Power Station,57.477213,-1.788879,T_PEHE-1,CCGT,-0.074,1200.0,
-18,Rocksavage Power Station,53.31544,-2.72541,T_PEMB-11,CCGT,-15.0,475.0,
-18,Rocksavage Power Station,53.31544,-2.72541,T_ROCK-1,CCGT,-13.2,810.0,
-19,Rye House Power Station,51.763,0.009,T_RYHPS-1,CCGT,-15.0,720.98,
-20,Salt End Power Station,53.735193,-0.243032,T_SCCL-1,CCGT,-10.0,408.2,
-20,Salt End Power Station,53.735193,-0.243032,T_SCCL-2,CCGT,-10.0,409.1,
-20,Salt End Power Station,53.735193,-0.243032,T_SCCL-3,CCGT,-77.5,409.3,
-21,Seabank Power Station,51.54,-2.669,T_SEAB-1,CCGT,-11.0,830.0,
-21,Seabank Power Station,51.54,-2.669,T_SEAB-2,CCGT,-11.0,406.0,
-62,Severn Power,51.5475,-2.975,T_SVRP-10,CCGT,-9.0,425.0,
-62,Severn Power,51.5475,-2.975,T_SVRP-20,CCGT,-9.0,425.0,
-22,Shoreham Power Station,50.82944,-0.230556,E_SHOS-1,CCGT,-16.0,460.0,South Eastern
-60,Sizewell B,52.215,1.6197,T_SIZB-1,NUCLEAR,-20.0,656.92,
-60,Sizewell B,52.215,1.6197,T_SIZB-2,NUCLEAR,-20.0,630.0,
-23,South Humber Bank,53.603,-0.146,T_SHBA-1,CCGT,-10.0,821.4,
-23,South Humber Bank,53.603,-0.146,T_SHBA-2,CCGT,-10.0,580.0,
-24,Spalding,52.8078,-0.1321,T_SEEL-1,OCGT,-10.0,300.0,
-24,Spalding,52.8078,-0.1321,T_SPLN-1,CCGT,-10.0,950.0,
-25,Staythorpe C,53.07482,-0.85573,T_STAY-1,CCGT,-15.0,464.4,
-25,Staythorpe C,53.07482,-0.85573,T_STAY-2,CCGT,-15.0,464.4,
-25,Staythorpe C,53.07482,-0.85573,T_STAY-3,CCGT,-15.0,464.4,
-25,Staythorpe C,53.07482,-0.85573,T_STAY-4,CCGT,-15.0,464.4,
-61,Sutton Bridge,52.7579,0.1923,T_SUTB-1,CCGT,-8.0,850.0,
-63,Taylors Lane,51.546,-0.2575,E_TAYL2G,OCGT,-2.3,73.325,London
-63,Taylors Lane,51.546,-0.2575,E_TAYL3G,OCGT,-2.3,72.0,London
-64,Thornhill,53.6908,-1.6291,E_THRNL-1,GAS,-6.0,50.0,Yorkshire
-65,Torness,55.968,-2.4091,T_TORN-1,NUCLEAR,-35.0,652.0,
-65,Torness,55.968,-2.4091,T_TORN-2,NUCLEAR,-35.0,700.0,
-68,Trafalgar Park,52.8916,-1.4748,E_TRFPK-1,OCGT,-1.1,14.0,East Midlands
-49,Viking Link,52.9302,-0.2205,I_EAG-VKL1,INT,0.0,1400.0,
-67,Viking Power Station,54.6067,-1.2026,E_VKING-2,GAS,-6.0,50.0,Northern
-27,West Burton B,53.361,-0.811,T_WBUGT-1,OCGT,0.0,21.94,
-27,West Burton B,53.361,-0.811,T_WBUGT-4,OCGT,0.0,21.0,
-27,West Burton B,53.361,-0.811,T_WBURB-1,CCGT,-60.0,470.0,
-27,West Burton B,53.361,-0.811,T_WBURB-2,CCGT,-7.56,470.0,
-27,West Burton B,53.361,-0.811,T_WBURB-3,CCGT,-60.0,470.0,
-27,West Burton B,53.361,-0.811,T_WBURB-41,BESS,-30.0,31.0,
-27,West Burton B,53.361,-0.811,T_WBURB-43,BESS,-30.338,31.0,
-66,Water Lane,50.7125,-3.5313,E_WTRLN-1,GAS,-1.0,20.0,South Western
34,Caledonian Papermill,55.579647785156816,-4.641050966978014,T_MEADD-1,BIOMASS,-50.1,22.0,
35,Wilton International,54.56735368869693,-1.0966660176169787,T_WILCT-1,BIOMASS,-120.0,182.0,
115,Lynemouth Power Station,55.20672462313215,-1.5324955488233458,E_LYNE1,BIOMASS,-20.0,140.0,Northern
115,Lynemouth Power Station,55.20672462313215,-1.5324955488233458,E_LYNE2,BIOMASS,-20.0,140.0,Northern
115,Lynemouth Power Station,55.20672462313215,-1.5324955488233458,E_LYNE3,BIOMASS,-20.0,140.0,Northern
120,Enviroparks Hirwaun Generation Site,51.750097011336635,-3.5392686167671648,T_HIRWN-1,OCGT,-16.0,299.0,
140,Rothes Bio-Plant,57.52641429130047,-3.207948919130131,E_MARK-1,BIOMASS,-69.979,86.139,South Scotland
153,Tees Renewable Energy Plant,54.60214887669988,-1.1612337671483868,T_TSREP-1,BIOMASS,-45.0,285.0,
174,Drax Biomass Power Station - Unit 1,53.73559174566489,-0.9910141735453064,T_DRAXX-1,BIOMASS,0.0,665.248,
174,Drax Biomass Power Station - Unit 1,53.73559174566489,-0.9910141735453064,T_DRAXX-10G,OCGT,0.0,33.152,
174,Drax Biomass Power Station - Unit 1,53.73559174566489,-0.9910141735453064,T_DRAXX-12G,OCGT,0.0,32.0,
174,Drax Biomass Power Station - Unit 1,53.73559174566489,-0.9910141735453064,T_DRAXX-2,BIOMASS,-25.26,669.4,
174,Drax Biomass Power Station - Unit 1,53.73559174566489,-0.9910141735453064,T_DRAXX-3,BIOMASS,-32.241,661.4,
174,Drax Biomass Power Station - Unit 1,53.73559174566489,-0.9910141735453064,T_DRAXX-4,BIOMASS,-32.48,645.0,
174,Drax Biomass Power Station - Unit 1,53.73559174566489,-0.9910141735453064,T_DRAXX-9G,OCGT,-1.04,32.454,
387,Great Glen Scheme,57.20163692205098,-4.723019522821999,M_CAS-MOR01,HYDRO,0.0,74.0,
388,Glendoe Hydro Scheme,57.14365486296218,-4.660781461765235,T_GLNDO-1,HYDRO,-1.124,100.0,
390,Fasnakyle Hydro Extension,57.32719688603914,-4.7964133171258885,T_FASN-1,HYDRO,-0.02,23.04,
390,Fasnakyle Hydro Extension,57.32719688603914,-4.7964133171258885,E_FASN-4,HYDRO,-0.2,8.32,North Scotland
390,Fasnakyle Hydro Extension,57.32719688603914,-4.7964133171258885,T_FASN-2,HYDRO,-0.022,23.28,
390,Fasnakyle Hydro Extension,57.32719688603914,-4.7964133171258885,E_FASN-3,HYDRO,-0.2,24.2,North Scotland
403,Foyers Falls,57.246067995702546,-4.491408858020705,T_FOYE-1,PS,-156.0,160.0,
403,Foyers Falls,57.246067995702546,-4.491408858020705,T_FOYE-2,PS,-157.3,160.0,
2487,Burbo Bank,53.48818587026934,-3.185054776046109,E_BURBO,WIND,-2.0,90.0,Merseyside North Wales
2489,Gunfleet Sands II ,51.72719238824558,1.2485831788989874,T_GNFSW-2,WIND,-4.383,64.48,
2490,Gunfleet Sands Offshore Wind Scheme,51.7308209861354,1.2206025793109498,T_GNFSW-1,WIND,-2.0,108.0,
2496,Robin Rigg East,54.76419645301477,-3.6959148750271473,T_RREW-1,WIND,-6.0,114.293,
2497,Robin Rigg West,54.7473074481716,-3.729725266660454,T_RRWW-1,WIND,-6.0,90.838,
2500,Walney 1,54.03945142274724,-3.51606830038079,T_WLNYW-1,WIND,-2.0,182.0,
2502,Hornsea 2 - Optimus and Breesea,53.96000106057409,1.5435620204407776,T_HOWBO-1,WIND,-8.741,440.0,
2502,Hornsea 2 - Optimus and Breesea,53.96000106057409,1.5435620204407776,T_HOWBO-2,WIND,-5.805,440.0,
2502,Hornsea 2 - Optimus and Breesea,53.96000106057409,1.5435620204407776,T_HOWBO-3,WIND,-5.346,440.0,
2505,European Offshore Wind Deployment Centre (EOWDC) (Aberdeen Bay - Demonstration site),57.14620306676175,-2.0728122736706305,T_ABRBO-1,WIND,-2.0,99.0,
2506,Walney 2,54.08073879578519,-3.6093013373319485,T_WLNYO-2,WIND,-2.886,183.6,
2509,Ormonde Offshore,54.088874638535536,-3.438829312004036,T_OMNDW-1,WIND,0.0,150.76,
2510,Greater Gabbard Wind Farm,51.917647728473106,1.9331505905925588,T_GRGBW-1,WIND,-5.0,240.0,
2510,Greater Gabbard Wind Farm,51.917647728473106,1.9331505905925588,T_GRGBW-2,WIND,-5.0,240.0,
2510,Greater Gabbard Wind Farm,51.917647728473106,1.9331505905925588,T_GRGBW-3,WIND,-5.0,240.0,
2511,London Array Phase 1,51.6216823646091,1.499147196016965,T_LARYW-1,WIND,-10.32,171.0,
2511,London Array Phase 1,51.6216823646091,1.499147196016965,T_LARYW-2,WIND,-10.56,171.0,
2511,London Array Phase 1,51.6216823646091,1.499147196016965,T_LARYW-3,WIND,-10.56,171.0,
2511,London Array Phase 1,51.6216823646091,1.499147196016965,T_LARYW-4,WIND,-10.56,191.099,
2512,Sheringham Shoal ,53.13532152319411,1.1504033912099374,T_SHRSW-1,WIND,-1.1,158.4,
2512,Sheringham Shoal ,53.13532152319411,1.1504033912099374,T_SHRSW-2,WIND,-1.1,158.4,
2513,Centrica (Lincs),53.18417534323744,0.49931785155931996,T_LNCSW-1,WIND,-4.0,150.0,
2513,Centrica (Lincs),53.18417534323744,0.49931785155931996,T_LNCSW-2,WIND,-4.0,150.0,
2515,Race Bank (Phase 1),53.13597713836046,0.5905549372638002,T_RCBKO-1,WIND,-3.0,284.0,
2519,West of Duddon Sands,53.98515263270635,-3.462257565388185,T_WDNSO-1,WIND,-5.0,197.0,
2519,West of Duddon Sands,53.98515263270635,-3.462257565388185,T_WDNSO-2,WIND,-5.0,201.0,
2520,Rampion Offshore Wind Farm (Hastings Zone),50.63999668423634,-0.17954347923092365,T_RMPNO-1,WIND,-10.7,200.1,
2520,Rampion Offshore Wind Farm (Hastings Zone),50.63999668423634,-0.17954347923092365,T_RMPNO-2,WIND,-10.7,200.1,
2521,Beatrice,58.0882326641737,-2.9502298560164157,T_BEATO-1,WIND,-4.0,184.0,
2521,Beatrice,58.0882326641737,-2.9502298560164157,T_BEATO-2,WIND,-3.8,166.0,
2521,Beatrice,58.0882326641737,-2.9502298560164157,T_BEATO-3,WIND,-3.458,166.0,
2521,Beatrice,58.0882326641737,-2.9502298560164157,T_BEATO-4,WIND,-4.8,165.526,
2522,Neart na Gaoithe,56.27000302533977,-2.25000244794473,T_NNGAO-1,WIND,-3.0,224.0,
2522,Neart na Gaoithe,56.27000302533977,-2.25000244794473,T_NNGAO-2,WIND,-4.055,224.0,
2524,East Anglia 1 (EA 1),52.13744213850505,2.1765833260963356,T_EAAO-1,WIND,-6.6,358.0,
2525,Hornsea 1 - Heron & Njord,53.68154456127001,1.4239517200897829,T_HOWAO-1,WIND,-6.22,400.0,
2525,Hornsea 1 - Heron & Njord,53.68154456127001,1.4239517200897829,T_HOWAO-2,WIND,-7.26,400.0,
2525,Hornsea 1 - Heron & Njord,53.68154456127001,1.4239517200897829,T_HOWAO-3,WIND,-7.3,400.0,
2526,Galloper Wind Farm,51.879994811551214,2.0451356828942284,T_GANW-11,WIND,-3.0,88.0,
2526,Galloper Wind Farm,51.879994811551214,2.0451356828942284,T_GANW-22,WIND,-3.0,385.82,
2526,Galloper Wind Farm,51.879994811551214,2.0451356828942284,T_GANW-13,WIND,-3.0,88.0,
2526,Galloper Wind Farm,51.879994811551214,2.0451356828942284,T_GANW-24,WIND,-3.0,88.0,
2532,Triton Knoll ,53.21227520888035,0.8635053410187727,T_TKNEW-1,WIND,-6.621,412.0,
2532,Triton Knoll ,53.21227520888035,0.8635053410187727,T_TKNWW-1,WIND,-6.509,412.0,
2533,Walney 3,54.089997457332096,-3.7404338725272708,T_WLNYO-3,WIND,-3.0,330.0,
2533,Walney 3,54.089997457332096,-3.7404338725272708,T_WLNYO-4,WIND,-6.651,330.0,
2533,Walney 3,54.089997457332096,-3.7404338725272708,T_WLNYO-4,WIND,-6.651,330.0,
2534,Moray East,57.96732793590531,-2.7905786355090303,T_MOWEO-1,WIND,-4.089,300.0,
2534,Moray East,57.96732793590531,-2.7905786355090303,T_MOWEO-2,WIND,-5.304,300.0,
2534,Moray East,57.96732793590531,-2.7905786355090303,T_MOWEO-3,WIND,-3.304,300.0,
2539,Burbo Bank Extension (Burbo Bank 2),53.4799947563026,-3.2701628531903832,T_BRBEO-1,WIND,-5.0,257.7,
2541,Dogger Bank A & B (was Creyke Beck A & B),55.9673398574611,1.6720173259050946,T_DBAWO-1,WIND,-1.32,302.4,
2541,Dogger Bank A & B (was Creyke Beck A & B),55.9673398574611,1.6720173259050946,T_DBAWO-2,WIND,-1.35,304.0,
2541,Dogger Bank A & B (was Creyke Beck A & B),55.9673398574611,1.6720173259050946,T_DBAWO-3,WIND,-1.79,302.8,
2541,Dogger Bank A & B (was Creyke Beck A & B),55.9673398574611,1.6720173259050946,T_DBAWO-4,WIND,-1.0,152.6,
2541,Dogger Bank A & B (was Creyke Beck A & B),55.9673398574611,1.6720173259050946,T_DBAWO-5,WIND,-1.0,138.2,
2541,Dogger Bank A & B (was Creyke Beck A & B),55.9673398574611,1.6720173259050946,T_DBBWO-1,WIND,-10.6,302.4,
2541,Dogger Bank A & B (was Creyke Beck A & B),55.9673398574611,1.6720173259050946,T_DBBWO-2,WIND,-10.7,304.4,
2541,Dogger Bank A & B (was Creyke Beck A & B),55.9673398574611,1.6720173259050946,T_DBBWO-3,WIND,-10.6,302.3,
2541,Dogger Bank A & B (was Creyke Beck A & B),55.9673398574611,1.6720173259050946,T_DBBWO-4,WIND,-5.3,152.2,
2541,Dogger Bank A & B (was Creyke Beck A & B),55.9673398574611,1.6720173259050946,T_DBBWO-5,WIND,-4.9,138.7,
2543,Gwynt y Mor ,53.45400629572875,-3.626990966947205,T_GYMR-15,WIND,-3.0,148.0,
2543,Gwynt y Mor ,53.45400629572875,-3.626990966947205,T_GYMR-17,WIND,-3.0,148.0,
2543,Gwynt y Mor ,53.45400629572875,-3.626990966947205,T_GYMR-26,WIND,-3.0,148.0,
2543,Gwynt y Mor ,53.45400629572875,-3.626990966947205,T_GYMR-28,WIND,-3.0,148.0,
2544,Humber Gateway A,53.387465717648716,0.5018921921523296,T_HMGTO-1,WIND,-6.0,108.0,
2544,Humber Gateway A,53.387465717648716,0.5018921921523296,T_HMGTO-2,WIND,-6.2,111.0,
2545,Westermost Rough A,53.09773311826352,0.5628172096072032,T_WTMSO-1,WIND,-40.0,205.0,
2546,Barrow ,53.99146465878769,-3.2984597440142656,T_BOWLW-1,WIND,-2.0,90.0,
2711,Hare Hill (East Ayrshire),55.36280731483443,-4.127070171619166,E_HRHLW-1,WIND,-2.0,30.0,South Scotland
2757,Whitelee Windfarm Extension phase 2,55.639430959108815,-4.318654462723286,T_WHILW-2,WIND,-3.5,206.0,
3109,Hadyard Hill,55.256826240029234,-4.7335756411222665,T_HADHW-1,WIND,-0.66,130.0,
3116,Black Law,55.7621920544046,-3.763017382916998,T_BLLA-1,WIND,-3.0,118.0,
3119,Braes O'Doune,56.2698321339253,-4.0596614369128545,E_BRDUW-1,WIND,-1.0,74.0,North Scotland
3190,Tullo Farm,56.963913172203206,-2.210759128202371,E_TULWW-1,WIND,-9.538,17.0,North Scotland
3202,Kilbraur Windfarm,58.040405034325794,-4.0595457345888,T_KILBW-1,WIND,-1.0,68.51,
3220,Hagshaw Hill Wind Farm Extension,55.566606906042594,-3.920899968233182,T_HAGHW-2,WIND,-0.25,51.3,
3258,Arecleoch Windfarm,55.068787803829274,-4.798840216078462,T_ARCHW-1,WIND,-3.0,114.0,
3260,Mark Hill,55.128375907381226,-4.74800293337141,T_MKHLW-1,WIND,-2.5,53.0,
3298,An Suidhe,56.218668251434806,-5.222137182919911,T_ANSUW-1,WIND,-20.0,19.36,
3301,Hagshaw Hill Wind Farm,55.555286791842455,-3.92066445537519,T_HAHAW-1,WIND,-0.25,30.258,
3311,Glens of Foudland,57.42534874059734,-2.6360961291159586,E_GLOFW-1,WIND,-2.0,26.7,North Scotland
3387,Beinn an Tuirc Windfarm Phase 3,55.54571340249197,-5.615368757349855,E_BTUIW-3,WIND,-1.0,52.0,North Scotland
3435,Gordonbush (extension),58.08822316199898,-3.959500041937082,T_GORDW-2,WIND,-0.6,58.733,
3440,Crystal Rig Wind Farm Phase 2a,55.89948380170315,-2.529323528922463,T_CRYRW-2,WIND,-40.632,150.62,
3448,Clachan Flats Wind Farm,56.28809599585477,-4.945007300662318,E_CLFLW-1,WIND,-2.0,15.0,North Scotland
3457,Toddleburn,55.76855577375082,-2.877446454994676,T_TDBNW-1,WIND,-1.0,31.6,
3489,Whitelee,55.68120992373459,-4.280034867188659,T_WHILW-1,WIND,-10.0,309.0,
3497,Corriemoillie Forest,57.626188698815554,-4.802033735778315,T_CRMLW-1,WIND,0.0,48.0,
3502,Enoch Hill,55.35584144076327,-4.23597903103644,T_ENHLW-1,WIND,0.0,70.0,
3503,Benbrack Wind Farm,55.267188052823165,-4.312978594803196,T_BENBW-1,WIND,-2.46,67.0,
3579,Dun Law Extension,55.78679896388801,-2.8423534355960474,T_DNLWW-1,WIND,-2.0,29.75,
3619,Beinneun Windfarm Extension,57.09560916799681,-4.967671328613363,T_BEINW-1,WIND,-0.8,108.8,
3627,Ewe Hill (extension),55.107095070743405,-3.3340623378062313,T_EWHLW-1,WIND,-2.0,38.0,
3647,Moy Wind Farm (2nd Application),57.388837157874875,-4.049525346815211,E_MOYEW-1,WIND,-0.4,60.0,North Scotland
3662,Gordonbush,58.05949841415309,-3.959689409647732,T_GORDW-1,WIND,-31.65,86.764,
3666,Gordonstown Hill Wind Farm,57.461924489639905,-2.482770108741427,E_GDSTW-1,WIND,-0.088,13.289,North Scotland
3772,Cour Wind Farm,55.68068210115431,-5.488417943046525,T_COUWW-1,WIND,-1.0,20.5,
3818,Tullo Wind Farm North Extension (Shiels Wind Farm),56.8440010187194,-2.4101273768625613,E_TULWW-2,WIND,-0.4,25.0,North Scotland
3846,Coire Na Cloiche Wind Farm,57.76962261927485,-4.3742918996425395,E_CNCLW-1,WIND,0.0,30.52,North Scotland
3886,Freasdail Wind Farm,55.77701361352692,-5.47408994972876,T_FSDLW-1,WIND,-0.4,22.2,
4011,Clyde Wind Farm,55.44163705268527,-3.5430350006751947,T_CLDCW-1,WIND,-5.0,200.0,
4011,Clyde Wind Farm,55.44163705268527,-3.5430350006751947,T_CLDNW-1,WIND,-5.0,200.0,
4014,Hill of Towie (Drummuir),57.622844478576894,-3.3412494734031526,E_HLTWW-1,WIND,-1.0,48.0,North Scotland
4021,Baillie Wind Farm,58.56792440256007,-3.6774237390012723,E_BABAW-1,WIND,-1.0,52.5,North Scotland
4028,Griffin Wind farm,56.58122581635071,-3.734186236007428,T_GRIFW-1,WIND,-3.0,102.0,
4028,Griffin Wind farm,56.58122581635071,-3.734186236007428,T_GRIFW-2,WIND,-3.0,104.0,
4032,Blackcraig,55.11991525418519,-4.0328029602901845,T_BLKWW-1,WIND,-0.8,56.216,
4059,Fallago Rig,55.83131062937561,-2.6880544099735877,T_FALGW-1,WIND,-2.5,144.0,
4110,Andershaw,55.50932940054248,-3.8467800710725504,E_ASHWW-1,WIND,-1.0,35.0,South Scotland
4118,Dunmaglass Wind Farm,57.25148346183579,-4.256767402703176,T_DUNGW-1,WIND,-2.0,100.0,
4119,Harestanes,55.23903211315701,-3.574516227203025,T_HRSTW-1,WIND,-51.0,142.3,
4122,Burn of Whilk,58.35676225863481,-3.2040021493637636,E_BNWKW-1,WIND,-0.1,22.5,North Scotland
4123,Lochluichart,57.6545975715119,-4.818591303569417,T_LCLTW-1,WIND,-0.5,69.0,
4178,Clyde Wind Farm Extension (Clyde 2),55.50414566383382,-3.5482057397613747,E_CLDRW-1,WIND,-0.3,39.0,North Scotland
4178,Clyde Wind Farm Extension (Clyde 2),55.50414566383382,-3.5482057397613747,T_CLDSW-1,WIND,-5.0,150.0,
4189,Dalquhandy Windfarm,55.18060950387243,-4.9115902136007925,T_DALQW-1,WIND,-0.5,42.846,
4213,Greengairs East Wind Farm,55.901076563944635,-3.9125835526237864,E_GRGRW-1,WIND,-0.5,37.649,South Scotland
4215,Crystal Rig Wind Farm Phase III,55.926416328183784,-2.5344920927385632,T_CRYRW-3,WIND,-0.1,13.8,
4225,Harburnhead Wind Farm,55.80868429217873,-3.5324683104273684,E_HBHDW-1,WIND,-0.542,51.7,South Scotland
4244,Dorenell Wind Farm (Previously Site A and B Scaut Hill),57.350902898482396,-3.1318026148232265,T_DOREW-1,WIND,-3.3,156.92,
4253,Black Law Extension - 1a,55.7621920544046,-3.763017382916998,T_BLLA-2,WIND,-2.5,69.0,
4262,Afton Wind Farm,55.31160311979624,-4.1751244503787035,T_AFTOW-1,WIND,-2.0,50.0,
4269,Dersalloch,55.30426011768098,-4.489479542783992,T_DRSLW-1,WIND,-2.5,70.9,
4300,Creag Riabhach Wind Farm,58.219303930722205,-4.5125588185471575,T_CREAW-1,WIND,-20.137,93.0,
4331,A'Chruach (Phase 1),56.152770772450566,-5.313225629205128,T_ACHRW-1,WIND,-2.0,42.6,
4332,"Aikengall II, Wester Dod Community Wind Farm",55.917211857883295,-2.4900759308943647,T_AKGLW-2,WIND,-1.0,63.84,
4337,Auchrobert Wind Farm,55.62400581824742,-3.9848529640329757,E_ABRTW-1,WIND,-10.0,36.0,South Scotland
4348,BROWNIELEYS - 3 WIND TURBINES,56.83991263929502,-2.3791519456447676,E_BRNLW-1,WIND,-0.08,7.5,North Scotland
4351,Camster II,58.4177724131839,-3.220726554346466,E_CMSTW-2,WIND,-0.34,36.0,North Scotland
4368,Galawhistle,55.539577956078084,-3.976055152414712,T_GLWSW-1,WIND,-0.72,55.2,
4371,Glen Kyllachy Wind Farm,57.320735266128374,-4.08641334750304,T_GLNKW-1,WIND,-2.0,52.0,
4373,Goole Fields,53.66592872271312,-0.8891728393503601,E_GFLDW-1,WIND,-0.22,32.8,Yorkshire
4381,Hill of Glaschyle Wind Farm,57.51052364869852,-3.6159424236103535,E_HLGLW-1,WIND,-0.4,28.0,North Scotland
4385,Kennoxhead Wind Farm,55.49792079747286,-3.9469150028731628,T_KENNW-1,WIND,-0.1,60.0,
4386,Kilgallioch wind farm,54.98845556076501,-4.803509427645966,T_KLGLW-1,WIND,-2.0,252.66,
4393,Limekiln Wind Farm,58.53216038111509,-3.7589963916201388,T_LIMKW-1,WIND,-1.917,106.0,
4430,Windy Rig Wind Farm,55.27467603434519,-4.179407436384775,T_WDRGW-1,WIND,-0.76,42.8,
4434,Pogbie Wind Farm 1,55.82185104348475,-2.8330699384416604,T_PGBIW-1,WIND,0.0,10.0,
4437,Minnygap,55.24877091447362,-3.515086056896744,T_MYGPW-1,WIND,-0.4,25.0,
4440,Middle Muir Wind Farm,55.512888927282454,-3.8044986684722835,T_MIDMW-1,WIND,-1.0,51.0,
4441,Sanquhar Community Windfarm,55.34417992045556,-4.047272221937525,T_SANQW-1,WIND,0.0,32.08,
4442,Keith Hill,55.839454281486816,-2.8421505041865625,T_KTHLW-1,WIND,0.0,4.54,
4449,Solwaybank Wind Farm,55.10017716163492,-3.107861153774039,E_SWBKW-1,WIND,0.0,34.0,South Scotland
4457,Twentyshilling Hill Wind Farm,55.31976648816565,-3.901045054523807,T_TWSHW-1,WIND,-7.324,37.8,
4462,Airies Farm,54.80205354210024,-4.659262648478667,E_AIRSW-1,WIND,0.0,38.0,South Scotland
4465,Craig Wind Farm (Extension),54.868473822279405,-5.089523497198132,E_CRGTW-1,WIND,-0.2,4.7,South Scotland
4502,Whiteside Hill,55.35741685224312,-4.030126583233524,T_WHIHW-1,WIND,-0.1,27.52,
4517,Minsca,55.12207342869502,-3.3530583866067767,E_MINSW-1,WIND,-0.26,38.123,South Scotland
4520,Dalswinton,55.18410000826092,-3.650929368261929,E_DALSW-1,WIND,-0.14,30.0,South Scotland
4525,Beinn an Tuirc Phase 2,55.57317361072003,-5.591153634205464,E_BTUIW-2,WIND,-2.334,43.7,North Scotland
4574,Sandy Knowe Wind Farm,55.36892817559549,-4.051252774716751,T_SAKNW-1,WIND,-1.0,87.0,
4586,South Kyle Wind Farm,55.317337442328736,-4.29417049439072,T_SOKYW-1,WIND,-2.0,426.916,
4591,Aikengall IIa Community Wind Farm,55.89341949377518,-2.4525978482726805,T_AKGLW-3,WIND,-1.0,163.4,
4593,Glen App,55.00066348463112,-4.991856253012698,T_GNAPW-1,WIND,-2.0,22.0,
4595,Pen Y Cymoedd,51.655545912621356,-3.6961068974345657,T_PNYCW-1,WIND,-17.16,228.0,
4597,Stronelairg Wind Farm,57.126927895024835,-4.527723973716019,T_STLGW-1,WIND,-2.756,108.0,
4597,Stronelairg Wind Farm,57.126927895024835,-4.527723973716019,T_STLGW-2,WIND,-2.0,108.0,
4597,Stronelairg Wind Farm,57.126927895024835,-4.527723973716019,T_STLGW-3,WIND,-3.316,108.0,
4599,Tullymurdoch Wind Farm,56.6549118001042,-3.3136024380933433,E_TLYMW-1,WIND,0.0,13.856,North Scotland
4605,Blary Hill Wind Farm,55.56825929901408,-5.647521308853097,E_BLARW-1,WIND,0.0,35.0,North Scotland
4615,Windy Standard III Wind Farm (Brockloch Rig Phase 2),55.27640851485738,-4.242635791689886,T_WISTW-2,WIND,-0.336,61.5,
4619,Carraig Gheal,56.33901363786083,-5.297511686331729,T_CRGHW-1,WIND,-0.2,46.0,
4622,Viking Wind Farm,60.33932777575502,-1.2083849262780058,T_VKNGW-1,WIND,-3.0,121.8,
4622,Viking Wind Farm,60.33932777575502,-1.2083849262780058,T_VKNGW-2,WIND,-3.0,121.8,
4622,Viking Wind Farm,60.33932777575502,-1.2083849262780058,T_VKNGW-3,WIND,-3.0,121.8,
4622,Viking Wind Farm,60.33932777575502,-1.2083849262780058,T_VKNGW-4,WIND,-3.0,121.8,
4625,Strathy North,58.49000733660832,-4.034306006354248,T_STRNW-1,WIND,-0.6,70.0,
4628,Kype Muir Wind Farm Extension,55.63265464858278,-4.036798931240679,T_KYPEW-1,WIND,-3.631,67.0,
4631,Crystal Rig Wind Farm Phase IV,55.90308444502012,-2.527773110520608,T_CRYRW-4,WIND,-21.601,48.2,
4633,Crossdykes,55.17615128851111,-3.173001501929541,T_CRDEW-1,WIND,-2.0,24.0,
4633,Crossdykes,55.17615128851111,-3.173001501929541,T_CRDEW-2,WIND,-2.0,24.0,
4636,Halsary Wind Farm,58.4309030905962,-3.4447039302071034,T_HALSW-1,WIND,-1.0,30.0,
4638,Glenchamber Wind Farm,54.963423280476356,-4.756037017136311,E_GLCHW-1,WIND,0.0,27.44,South Scotland
4640,Bhlaraidh (previously Balmacaan),57.21915039822567,-4.5833525533957635,T_BHLAW-1,WIND,-2.0,108.0,
4643,Kype Muir Wind Farm,55.63265464858278,-4.036798931240679,T_KPMRW-1,WIND,-2.0,89.0,
4645,Assel Valley Wind Farm,55.226481320928336,-4.780461095621324,E_ASLVW-1,WIND,-6.0,26.0,South Scotland
4646,Bad a Cheo Wind Farm,58.42046583291605,-3.429441696630216,T_BDCHW-1,WIND,-1.0,270.0,
4664,Corriegarth,57.19008794323439,-4.360741874867508,T_CGTHW-1,WIND,-0.432,69.0,
4669,Beinn Tharsuinn Windfarm Project,57.80527831768731,-4.3300652044851855,E_BETHW-1,WIND,-5.7,29.75,North Scotland
4674,Edinbane Wind Farm,57.46913016610231,-6.439569893263354,T_EDINW-1,WIND,-0.34,41.4,
4676,Farr Wind Farm,57.333924018745776,-4.103795093127025,T_FARR-1,WIND,-14.0,92.0,
4676,Farr Wind Farm,57.333924018745776,-4.103795093127025,T_FARR-2,WIND,-14.0,92.0,
4682,Millennium Windfarm,57.15523015429025,-4.885656480678458,T_MILWW-1,WIND,-1.0,65.0,
4882,Cwm Dyli,53.04254959206628,-4.034036385987476,E_CWMD-1,HYDRO,-1.0,9.9,Merseyside North Wales
4988,Kirk Hill Wind Farm,55.306421973642,-4.741540419452844,E_KHLLW-1,WIND,0.0,18.8,South Scotland
5051,Dorenell Wind Farm (extension),57.350902898482396,-3.1318026148232265,T_DOREW-2,WIND,-3.3,156.92,
5393,Douglas West and Dalquhandy Renewable Energy Project,55.587360523602214,-3.890658482842051,T_DOUGW-1,WIND,-0.532,45.0,
5455,Cumberhead Wind Farm,55.571846121944894,-3.9595613936352922,T_CUMHW-1,WIND,-2.0,52.0,
5867,East Anglia 2 (EA 2),52.72099202503572,2.17443698715372,T_EAAO-2,WIND,-7.5,367.0,
6089,Uskmouth Power Station ,51.54852983855682,-2.949248712467334,T_USKM-13,BIOMASS,0.0,14.0,
6136,Kincardine Offshore Windfarm,56.997283764114485,-1.8738008689822565,E_KINCW-1,WIND,-0.5,49.6,North Scotland
6147,Pines Burn Wind Farm,55.3537460177561,-2.730299492014545,E_PIBUW-1,WIND,0.0,36.0,South Scotland
6158,Moray West Offshore Wind Farm Project,58.06989119208057,-3.313258396614115,T_MOWWO-1,WIND,-3.0,215.0,
6158,Moray West Offshore Wind Farm Project,58.06989119208057,-3.313258396614115,T_MOWWO-2,WIND,-3.0,215.0,
6158,Moray West Offshore Wind Farm Project,58.06989119208057,-3.313258396614115,T_MOWWO-3,WIND,-3.0,143.0,
6158,Moray West Offshore Wind Farm Project,58.06989119208057,-3.313258396614115,T_MOWWO-4,WIND,-4.0,287.0,
6227,JG Pears' animal rendering facility,53.21377033666618,-0.7979771854891929,T_JGPR-1,BIOMASS,-14.99,13.0,
6299,Thanet (extension),51.42062246272057,1.5962613432204542,T_THNTO-1,WIND,-3.0,287.699,
6299,Thanet (extension),51.42062246272057,1.5962613432204542,T_THNTO-2,WIND,-3.0,230.159,
6501,Race Bank (Phase 2),53.13597713836046,0.5905549372638002,T_RCBKO-2,WIND,-3.0,290.0,
6502,Cleve Hill Solar Project,51.338770042069925,0.9157952312324839,T_CLVHS-1,SOLAR,-0.92,112.0,
6502,Cleve Hill Solar Project,51.338770042069925,0.9157952312324839,T_CLVHS-2,SOLAR,-2.0,205.0,
6556,Sofia (Teesside B),55.20999604431112,2.3366694892191178,T_SOFOW-11,WIND,-15.0,457.0,
6556,Sofia (Teesside B),55.20999604431112,2.3366694892191178,T_SOFOW-12,WIND,-15.0,457.0,
6556,Sofia (Teesside B),55.20999604431112,2.3366694892191178,T_SOFOW-21,WIND,-15.0,457.0,
6556,Sofia (Teesside B),55.20999604431112,2.3366694892191178,T_SOFOW-22,WIND,-15.0,457.0,
6607,North Kyle Energy Project,55.35173658263907,-4.360736739970304,T_NOKYW-1,WIND,-2.0,106.0,
6607,North Kyle Energy Project,55.35173658263907,-4.360736739970304,T_NOKYW-2,WIND,-2.0,106.0,
6708,Broken Cross (Former Surface Mine),55.604501958636746,-3.8166663816527495,T_BROCW-1,WIND,-1.0,48.0,
6757,Luichart Power Station,57.574547323848016,-4.688631510873022,M_CAS-CON01,HYDRO,-1.846,95.226,
6826,Douglas West Wind Farm (extension),55.587360523602214,-3.890658482842051,T_DWEXW-1,WIND,-16.365,63.608,
6839,Dinorwig,53.11860956206179,-4.11464076724023,T_DINO-1,PS,-303.2,320.0,
6839,Dinorwig,53.11860956206179,-4.11464076724023,T_DINO-2,PS,-294.0,320.0,
6839,Dinorwig,53.11860956206179,-4.11464076724023,T_DINO-3,PS,-302.2,320.0,
6839,Dinorwig,53.11860956206179,-4.11464076724023,T_DINO-4,PS,-294.0,320.0,
6839,Dinorwig,53.11860956206179,-4.11464076724023,T_DINO-5,PS,-299.0,320.0,
6839,Dinorwig,53.11860956206179,-4.11464076724023,T_DINO-6,PS,-294.0,320.0,
6840,Ffestiniog,52.98083537386877,-3.969493097165028,T_FFES-1,PS,-75.0,91.033,
6840,Ffestiniog,52.98083537386877,-3.969493097165028,T_FFES-2,PS,-75.0,91.875,
6840,Ffestiniog,52.98083537386877,-3.969493097165028,T_FFES-3,PS,-75.0,90.922,
6840,Ffestiniog,52.98083537386877,-3.969493097165028,T_FFES-4,PS,-75.0,90.92,
6841,Cruachan,56.41115560306665,-5.115963094829085,T_CRUA-1,PS,-134.0,123.0,
6884,Hywind 2,57.510824112941485,-1.802754649226266,E_HYWDW-1,WIND,-0.803,30.0,North Scotland
6910,Broxburn ,55.919246191257365,-3.4556072676887624,E_BROXB-1,BESS,-50.0,50.0,South Scotland
6927,Pen y Cymoedd Energy Storage,51.655545912621356,-3.6961068974345657,T_PNYCB-1,BESS,-22.0,22.0,
6929,Traston Road,51.568105484431264,-2.966771932733255,E_NEWPB-1,BESS,-20.931,20.933,South Wales
6949,Tollgate Battery Storage Facility,51.73523396139602,-0.23674049232783356,E_TOLLB-1,BESS,-50.481,49.0,Eastern
6977,Wolverhampton West Sub Station,52.57319903692012,-2.184472169737068,E_WOLVB-1,BESS,-52.0,56.0,Midlands
7005,Pillswood Phase 1 ,53.80133451188785,-0.4148124424926916,E_PILLB-1,BESS,-49.9,49.9,Yorkshire
7012,Land off Shilton Lane,55.91256729779231,-4.477214764739923,E_SHILB-1,OTHER,-40.0,40.0,South Scotland
7044,"Enderby Storage, Redcomb Farm",52.597461580563696,-1.223193829013544,T_ENDRB-1,BESS,-57.0,57.0,
7058,Chapel Farm,51.925837565538544,-0.4997356779306267,E_CHAPB-1,BESS,-50.21,50.169,Eastern
7088,Dollymans Storage,51.59368751375815,0.5651400740804876,E_DOLLB-1,BESS,-100.82,102.0,Eastern
7155,Land at Carnegie Road,53.41993409551846,-2.9277002950623667,E_CRSSB-1,BESS,-20.63,20.0,Merseyside North Wales
7163,Arbroath Battery Storage,56.56549366019931,-2.6190325913428127,E_ARBRB-1,BESS,-35.964,34.511,North Scotland
7174,Whitelee Wind Farm Battery Storage Extension,55.69552009726177,-4.172241630640034,T_WHLWB-1,BESS,-50.2,50.2,
7283,Sundon Substation,51.930091534871,-0.4984004688731252,T_SUNDB-1,BESS,-57.0,50.246,
7315,"Jamesfield Organic Centre, Phase 2",56.34281831238629,-3.291747771857822,E_JAMBB-2,BESS,-19.314,19.0,North Scotland
7360,Pillswood Phase 2,53.802284372043516,-0.4166302952098292,E_PILLB-2,BESS,-49.9,49.9,Yorkshire
7368,Kemsley Substation,51.36678849312028,0.7441354925441365,T_KEMB-1,BESS,-46.51,40.137,
7395,Harestanes Windfarm,55.264017064273325,-3.5604192017686667,T_HRSTB-1,BESS,-52.0,52.0,
7476,Strathrory Wind Farm,57.766493298944646,-4.2888391554370875,E_STRHW-1,WIND,-0.5,36.0,North Scotland
7571,Cowley electricity sub-station,51.71759080614906,-1.1859353436477693,T_COWB-1,COWLEY,-50.107,50.431,
7616,Down Barn Farm,51.19356856885054,-1.6855478480206691,E_DBFRM-1,SOLAR,-1.0,20.0,Southern
7630,Burwell Solar Farm,52.28400119667021,0.3049898021815002,T_BRCHS-1,SOLAR,-1.612,50.0,
7688,Holes Bay,50.726327521366585,-1.990214668397168,E_BHOLB-1,BESS,-7.426,7.12,Southern
7692,Dudgeon Extension Project,53.14934541776758,1.1868342373103151,T_DDGNO-1,WIND,-1.818,108.0,
7692,Dudgeon Extension Project,53.14934541776758,1.1868342373103151,T_DDGNO-2,WIND,-1.32,90.0,
7692,Dudgeon Extension Project,53.14934541776758,1.1868342373103151,T_DDGNO-3,WIND,-1.816,102.0,
7692,Dudgeon Extension Project,53.14934541776758,1.1868342373103151,T_DDGNO-4,WIND,-1.4,102.0,
7696,Thurrock Flexible Generation Plant,51.457729095790526,0.38486285776037193,T_THUPG-1,GAS,-4.3,180.0,
7696,Thurrock Flexible Generation Plant,51.457729095790526,0.38486285776037193,T_THUPG-2,GAS,-4.3,170.0,
7696,Thurrock Flexible Generation Plant,51.457729095790526,0.38486285776037193,T_THURB-1,BESS,-100.0,100.0,
7696,Thurrock Flexible Generation Plant,51.457729095790526,0.38486285776037193,T_THURB-2,BESS,-100.0,100.0,
7696,Thurrock Flexible Generation Plant,51.457729095790526,0.38486285776037193,T_THURB-3,BESS,-100.0,100.0,
7780,Newton Wood Farm,53.13909367454035,-1.3219124617653342,E_NEWTB-1,BESS,-52.0,52.0,East Midlands
7851,Kilgallioch Windfarm (Extension - Solar),54.993739342267695,-4.738773216698849,T_KLGLW-2,MULTI,-51.0,225.0,
7885,Coventry National Grid Substation,52.454381617782936,-1.4643105072332787,T_COVNB-1,BESS,-58.257,50.449,
7907,Bustleholme Substation,52.553234171174225,-1.9570381001527313,T_BUSTB-1,BESS,-57.0,52.237,
7985,Unit 5 XL Business Park,53.56219380549334,-2.8069727929126413,E_SKELB-1,BESS,-50.642,49.9,North Western
7989,Roaring Hill (Resubmission),56.207430566312446,-3.2034875652501067,E_ROARB-1,BESS,-50.0,50.0,South Scotland
8026,Bulphan Fen Solar Farm & Battery Storage,51.53921951099315,0.3408970488086742,T_BLPFS-1,SOLAR,0.0,46.561,
8027,Bulphan Fen Solar Farm & Battery Storage,51.53921951099315,0.3408970488086742,T_BLPFB-1,BESS,-52.0,56.606,
8051,Larks Green Solar Farm,51.577941431772096,-2.4774181981308305,T_LARKS-1,OTHER,-1.18,49.9,
8052,Larks Green Solar Farm,51.577941431772096,-2.4774181981308305,T_LARKB-1,OTHER,-52.0,52.0,
8160,Bloxwich Battery,52.59009068305063,-2.0100236946313705,E_ARNKB-1,BESS,-41.62,41.66,Midlands
8195,Richborough Energy Park,51.31196285363679,1.3458835024112945,T_RICHB-1,OTHER,-49.9,49.9,
8195,Richborough Energy Park,51.31196285363679,1.3458835024112945,T_RICHB-2,OTHER,-49.9,49.9,
8249,Brentwood nergy Storage System,51.64025988476594,0.36229838731547864,E_BRETB-1,BESS,-52.0,52.0,Eastern
8249,Brentwood nergy Storage System,51.64025988476594,0.36229838731547864,E_BRETB-2,BESS,-52.0,52.0,Eastern
8268,Lakeside Energy Storage Facility,53.73272969920235,-0.9895057931155148,T_LKSDB-1,BESS,-99.9,105.0,
8283,Native River,53.26489081325296,-2.9461736573405486,T_NTRVB-1,BESS,-57.0,57.0,
8392,Stairfoot Battery Storage Facility,53.550326823426495,-1.448598544884233,E_BARNB-1,BESS,-44.0,44.0,Yorkshire
8439,National Grids Rainhill Substation Battery storage facility,53.4196808251461,-2.738520625403369,T_SZJNB-1,BESS,-57.0,57.0,
8527,"Coylton Substation, Coylton - Battery Energy Storage",55.45240436128294,-4.407442528449597,T_COYLB-1,BESS,-50.0,50.0,
8809,Bristol Avenue - Battery Energy Storage Facility,53.849529191387994,-3.028496878554856,E_BLKPB-1,BESS,-25.604,25.3,North Western
8830,Neilston  Greener Grid Park,55.84550120983298,-4.427886557225473,T_NLSTB-1,BESS,-50.0,50.0,
8894,Tebworth - Solar Farm,51.92145821431758,-0.5772390611688063,T_TEBWS-1,SOLAR,-1.0,45.928,
8895,Tebworth - Battery Storage,51.92145821431758,-0.5772390611688063,T_TEBWB-1,BESS,-39.9,39.9,
9013,East Kilbride - Battery storage,55.33357057006934,-3.444565218712166,E_CATHB-1,BESS,-49.9,49.9,South Scotland
9046,Barton Hill Industrial Park - Battery Energy Storage Facility,50.48671031219087,-3.5444574702535214,E_BTNHL-1,BESS,-1.0,20.92,South Western
9046,Barton Hill Industrial Park - Battery Energy Storage Facility,50.48671031219087,-3.5444574702535214,E_TORQB-1,BESS,-23.041,22.364,South Western
9227,Cruachan Hydro Expansion,56.432222304662325,-5.237209816369666,T_CRUA-2,PS,-134.0,124.76,
9275,North Tawton Primary Substation - Battery Storage,50.796770583012496,-3.912857211733093,E_NTAWB-1,BESS,-32.0,32.0,South Western
9292,"Weirs Drove, Burwell - Battery Storage Facility",52.274446051087736,0.3153985547507729,E_BURWB-1,BESS,-50.861,50.533,Eastern
9377,"Capenhurst Lane, Capenhurst - Battery storage",53.26790467276378,-2.9503794390553533,T_CAPNB-1,BESS,-58.007,57.0,
9522,Wishaw Battery Storage Facility,55.76911426464768,-3.939027770857925,T_WISHB-1,BESS,-51.0,51.0,
9563,Davies Road - Whitebirk Battery Storage,53.75395476580811,-2.445408569396819,E_WHTBB-1,BESS,-25.0,25.0,North Western
9610,Tye Lane - Solar Farm,52.08375991544644,1.079401002362006,T_TYLNS-1,SOLAR,0.0,49.9,
9673,"Upton Lane, Nursling - Battery Storage Facility",50.94921841498039,-1.471766010061982,T_NURSB-1,BESS,-52.0,48.0,
9696,Kilmarnock South Substation - Battery storage,55.57817373321285,-4.468694564099592,T_KILSB-1,BESS,-53.972,52.952,
9696,Kilmarnock South Substation - Battery storage,55.57817373321285,-4.468694564099592,T_KILSB-2,BESS,-50.878,51.894,
9696,Kilmarnock South Substation - Battery storage,55.57817373321285,-4.468694564099592,T_KILSB-3,BESS,-53.61,53.734,
9696,Kilmarnock South Substation - Battery storage,55.57817373321285,-4.468694564099592,T_KILSB-4,BESS,-51.178,51.904,
9696,Kilmarnock South Substation - Battery storage,55.57817373321285,-4.468694564099592,T_KILSB-5,BESS,-50.412,50.856,
9696,Kilmarnock South Substation - Battery storage,55.57817373321285,-4.468694564099592,T_KILSB-6,BESS,-51.59,51.226,
9723,Blackhillock Electricity Substation - Battery Energy Storage System,57.51839618731563,-2.947598297707729,T_BLHLB-1,BESS,-51.04,50.0,
9723,Blackhillock Electricity Substation - Battery Energy Storage System,57.51839618731563,-2.947598297707729,T_BLHLB-2,BESS,-51.04,50.42,
9723,Blackhillock Electricity Substation - Battery Energy Storage System,57.51839618731563,-2.947598297707729,T_BLHLB-3,BESS,-54.0,54.0,
9723,Blackhillock Electricity Substation - Battery Energy Storage System,57.51839618731563,-2.947598297707729,T_BLHLB-4,BESS,-54.82,54.42,
10022,Kirkhaw Lane - Battery Storage Energy,53.7210946356797,-1.2759860647165486,T_FERRB-1,BESS,-76.1,76.0,
10022,Kirkhaw Lane - Battery Storage Energy,53.7210946356797,-1.2759860647165486,T_FERRB-2,BESS,-75.94,76.0,
10267,Berry Burn Wind Farm (extension),57.446614446507496,-3.475662825571835,E_BRYBW-1,WIND,0.0,62.708,North Scotland
10429,Netherlands Way - Battery Energy Facility,53.610025176371146,-0.17761777170175957,E_STALB-1,BESS,-83.066,80.844,Yorkshire
10456,"Jamesfield Organic Centre, Phase 1",56.34281831238629,-3.291747771857822,E_JAMBB-1,BESS,-30.0,30.0,North Scotland
10690,Whitegate Battery Storage,53.53215633361225,-2.1657931773488945,T_WTGTB-1,BESS,-57.0,58.0,
10796,Gloucestershire Science And Technology Par -  Energy Storage Facility,51.6904428264062,-2.498595519072089,E_BERKB-1,BESS,-52.0,52.0,Midlands
10796,Gloucestershire Science And Technology Par -  Energy Storage Facility,51.6904428264062,-2.498595519072089,E_BERKB-2,BESS,-52.0,52.0,Midlands
10936,Uskmouth Power Station - Battery Storage,51.54852983855682,-2.949248712467334,T_USKMB-2,OTHER,-57.5,57.5,
10936,Uskmouth Power Station - Battery Storage,51.54852983855682,-2.949248712467334,T_USKMB-3,OTHER,-57.5,57.5,
10936,Uskmouth Power Station - Battery Storage,51.54852983855682,-2.949248712467334,T_USKMB-4,OTHER,-57.5,57.5,
10936,Uskmouth Power Station - Battery Storage,51.54852983855682,-2.949248712467334,T_USKMB-5,OTHER,-57.5,57.5,
10995,Tummel Bridge Power Station - Hydro Plant,56.706398593394425,-4.021927893027362,M_CAS-CLU01,HYDRO,-0.04,76.2,
10995,Tummel Bridge Power Station - Hydro Plant,56.706398593394425,-4.021927893027362,M_CAS-GAR01,HYDRO,-17.27,40.0,
10995,Tummel Bridge Power Station - Hydro Plant,56.706398593394425,-4.021927893027362,T_ERRO-1,HYDRO,-0.068,25.3,
10995,Tummel Bridge Power Station - Hydro Plant,56.706398593394425,-4.021927893027362,T_ERRO-2,HYDRO,-0.1,25.26,
10995,Tummel Bridge Power Station - Hydro Plant,56.706398593394425,-4.021927893027362,T_ERRO-3,HYDRO,-0.02,25.66,
11034,Coalburn Energy -  Battery Storage,55.610595395207284,-3.8491420949052797,T_COALB-1,BESS,-100.0,100.0,
11034,Coalburn Energy -  Battery Storage,55.610595395207284,-3.8491420949052797,T_COALB-2,BESS,-100.0,100.0,
11034,Coalburn Energy -  Battery Storage,55.610595395207284,-3.8491420949052797,T_COALB-3,BESS,-100.0,100.0,
11034,Coalburn Energy -  Battery Storage,55.610595395207284,-3.8491420949052797,T_COALB-4,BESS,-100.0,100.0,
11034,Coalburn Energy -  Battery Storage,55.610595395207284,-3.8491420949052797,T_COALB-5,BESS,-100.0,100.0,
11160,Chadderton - Battery energy storage facility,53.53110440682916,-2.1660002701814913,E_OLDHB-1,BESS,-20.0,20.0,North Western
11177,Kincraig - Solar Farm and battery storage system,57.3126160565048,-2.063879004188533,E_KINCS-1,SOLAR,-0.5,20.6,North Scotland
11590,"Overhill Farm, Rothienorman  - Battery Energy Storage",57.40350711808667,-2.52172757692662,E_OVRHB-1,BESS,-0.386,49.0,North Scotland
11720,Clay Tye Farm Phase 1 - Storage Facility,51.551774532637225,0.29528093366450936,E_CLAYB-1,BESS,-49.5,49.5,Eastern
11721,Clay Tye Farm Phase 2 - Storage Facility,51.551774532637225,0.29528093366450936,E_CLAYB-2,BESS,-49.5,49.5,Eastern
11725,Indian Queens Sub-Station - Battery Storage,50.39089745481745,-4.896828560276212,T_INDQB-1,BESS,-47.5,47.5,
11787,Catsbrain Farm - Battery Storage ,51.600844726547464,-1.7487574287601677,E_SWDNB-1,BESS,-19.794,19.0,Southern
11857,"Port Of Tyne, Tyne Dock - Battery Storage",54.977269150581094,-1.4559002012691287,E_POTES-1,BESS,-35.0,35.0,Northern
12293,Hawkers Hill Energy Park,51.01348700962582,-2.2128041272723187,E_HAWKB-1,BESS,-20.0,20.0,Southern
12725,"National Grid Electricity Substation, Capenhurst Lane - Battery Storage",53.25687725221154,-2.953478370695327,T_PINFB-1,BESS,-27.88,27.08,
12725,"National Grid Electricity Substation, Capenhurst Lane - Battery Storage",53.25687725221154,-2.953478370695327,T_PINFB-2,BESS,-26.82,26.0,
12725,"National Grid Electricity Substation, Capenhurst Lane - Battery Storage",53.25687725221154,-2.953478370695327,T_PINFB-3,BESS,-26.0,26.0,
12725,"National Grid Electricity Substation, Capenhurst Lane - Battery Storage",53.25687725221154,-2.953478370695327,T_PINFB-4,BESS,-26.0,26.0,
14006,Sloy Hydroelectric Power Station - Pumped Hydro Conversion,56.08073086216929,-4.835734040832222,M_SLOY-1,HYDRO,-0.118,50.0,
14006,Sloy Hydroelectric Power Station - Pumped Hydro Conversion,56.08073086216929,-4.835734040832222,T_SLOY-2,HYDRO,-0.022,41.0,
14006,Sloy Hydroelectric Power Station - Pumped Hydro Conversion,56.08073086216929,-4.835734040832222,T_SLOY-3,HYDRO,-0.038,41.46,
14006,Sloy Hydroelectric Power Station - Pumped Hydro Conversion,56.08073086216929,-4.835734040832222,M_SLOY-4,HYDRO,-0.02,40.0,
14144,Seagreen Phase 1A,56.63551563949121,-1.926620695498276,T_SGRWO-1,WIND,-4.3,358.0,
14144,Seagreen Phase 1A,56.63551563949121,-1.926620695498276,T_SGRWO-2,WIND,-2.64,220.0,
14144,Seagreen Phase 1A,56.63551563949121,-1.926620695498276,T_SGRWO-3,WIND,-4.43,374.618,
14144,Seagreen Phase 1A,56.63551563949121,-1.926620695498276,T_SGRWO-4,WIND,-2.6,140.0,
14144,Seagreen Phase 1A,56.63551563949121,-1.926620695498276,T_SGRWO-5,WIND,-3.42,300.0,
14144,Seagreen Phase 1A,56.63551563949121,-1.926620695498276,T_SGRWO-6,WIND,-5.6,380.0,
14729,"Wilton International, Greystones Road - Phase 1",54.572707904516506,-1.1295026759671924,T_LIONB-1,BESS,-50.0,50.0,
14729,"Wilton International, Greystones Road - Phase 1",54.572707904516506,-1.1295026759671924,T_LIONB-2,BESS,-50.0,50.0,
14729,"Wilton International, Greystones Road - Phase 1",54.572707904516506,-1.1295026759671924,T_LIONB-3,BESS,-50.0,50.0,
15164,Monk Fryston Battery Storage,53.75361726741268,-1.2676154844643892,T_MKFRB-1,BESS,-57.357,57.0,
15343,Cumberhead West Wind Farm,55.599021289290846,-3.888026672939479,T_CUMHW-2,WIND,-5.0,126.0,
15543,Cruachan Upgrade Project (Unis 3 & 4),56.39590639284085,-5.120043021158701,T_CRUA-3,PS,-120.0,101.48,
15543,Cruachan Upgrade Project (Unis 3 & 4),56.39590639284085,-5.120043021158701,T_CRUA-4,PS,-120.0,104.0,
15543,Cruachan Upgrade Project (Unis 3 & 4),56.39590639284085,-5.120043021158701,T_CRUAD-1,PS,-10.0,1.244,
15994,Burwell - Battery Storage,52.27860049622189,0.3172300588892922,E_BURWB-2,BESS,-52.0,52.0,Eastern
15994,Burwell - Battery Storage,52.27860049622189,0.3172300588892922,E_BURWB-3,BESS,-30.0,30.0,Eastern
16008,Sutton Bridge Solar Farm,52.757183090432434,0.1939781655645276,T_SUTBS-1,OTHER,-2.0,49.419,
16137,"Coupar Angus, Pleasance Road - Battery Energy Facility",56.542148904454315,-3.2734428064856163,E_CUPAB-1,BESS,-41.543,41.314,North Scotland
17065,"Pengarnddu Industrial Estate, Dowlais - Hydrogen Electrolyser Plant Facility",51.769323086526505,-3.33773819111386,E_DOWL-1,GAS,-1.0,21.02,South Wales
17343,"Sudmeadow Road, Hempsted - Battery Energy Storage System",51.86088381806111,-2.2600425976356524,E_SUDME-1,BESS,-1.1,40.0,Midlands
17750,Lister Battery Limited - Battery Energy Storage System,53.41628649302246,-2.920487584075045,T_LRDSC-1,OTHER,-16.382,1.003,
17874,Tilbury Green Power Station - Solar PV Panels,51.47046956881977,0.3335362498218448,E_TGP1,SOLAR,0.0,43.0,Eastern
18975,"Station Road, Fiddlers Ferry - Battery Energy Storage",53.37317577586348,-2.6613961805279365,T_FIDL-1,BESS,-20.0,68.0,
18975,"Station Road, Fiddlers Ferry - Battery Energy Storage",53.37317577586348,-2.6613961805279365,T_FIDL-2,BESS,-20.0,20.0,
18975,"Station Road, Fiddlers Ferry - Battery Energy Storage",53.37317577586348,-2.6613961805279365,T_FIDL-3,BESS,-20.0,20.0,
18975,"Station Road, Fiddlers Ferry - Battery Energy Storage",53.37317577586348,-2.6613961805279365,T_FIDLST1,BESS,-66.0,20.0,
19288,Thornton Battery Storage,53.91198319509425,-0.8161634068754215,T_BLWNB-1,BESS,-200.0,200.0,
19570,"Roosecote Power Station, Rampside Road - Battery Energy Storage System",54.10523441634906,-3.190166301610109,E_ROOSB-1,BESS,-49.0,49.0,North Western
20328,Broadditch Battery Energy,51.41344690469626,0.32974902281532026,E_BROAB-1,BESS,-11.0,11.0,South Eastern
20396,Hutton Battery Storage (Lower Road),51.63776891985292,0.35826150541910134,E_ARNKB-2,BESS,-9.391,49.0,Eastern
20402,Tye Lane - Solar Farm,52.08375991544644,1.079401002362006,T_TYLNB-1,BESS,-57.0,58.0,
