CfD_Name,Region,CfD_Location_Postcode,Generation_Since_Start_MWh,Generation_Last_Year_MWh,Total_GHG_Avoided_TCO2E,CFD_ID,Allocation_Round,Technology_Type,Transmission_or_Distribution_connection,Status,Expected_Start_Date,Maximum_Contract_Capacity_MW
Laynes Wood,South West England,GL18 1HG,,,,AR6-LAW-700,Allocation Round 6,Solar PV,Distribution,Pre-MDD,2028-01-01 00:00:00.0000000,49.9
Lark Hill Solar Farm,East of England,SS4 3SA,,,,AR7-LHS-700,Allocation Round 7,Solar PV,Distribution,Pre-MDD,2028-06-01 00:00:00.0000000,49.9
Tralorg Wind Farm,Glasgow and Strathclyde,KA26 0TX,285618.83,55486.825,31702.917,AAA-PNE-187,Allocation Round 1,Onshore Wind,Transmission,Live (Post-FIC),2020-10-13 00:00:00.0000000,18.684
Norfolk Vanguard East CFD Unit C Phase 1,East of England,PE37 8EG,,,,AR7-NVA-010,Allocation Round 7,Offshore Wind,Transmission,Pre-MDD,2029-02-17 00:00:00.0000000,75.0
Carlton Solar Farm 2,Yorkshire and The Humber,YO88PN,,,,AR7-CST-700,Allocation Round 7,Solar PV,Distribution,Pre-MDD,2027-08-25 00:00:00.0000000,12.4
Enoch Hill 2,Glasgow and Strathclyde,KA18 4PR,,,,AR7-EHT-610,Allocation Round 7,Onshore Wind,Transmission,Pre-MDD,2028-04-01 00:00:00.0000000,9.6
Steeraway Solar Farm,West Midlands,TF1 2JU,,,,AR6-STS-700,Allocation Round 6,Solar PV,Distribution,Pre-MDD,2026-10-01 00:00:00.0000000,30.0
Lawns Solar Farm,North West England,FY8 4NG,,,,AR5-LAS-700,Allocation Round 5,Solar PV,Distribution,Pre-Start Date,2028-03-31 00:00:00.0000000,20.0
Worlds End Solar Farm,South West England,GL13 9RA,,,,AR6-WOE-700,Allocation Round 6,Solar PV,Distribution,Pre-MDD,2028-03-31 00:00:00.0000000,49.9
Peradon Solar Farm,South West England,EX15 2NG,,,,AR5-PES-700,Allocation Round 5,Solar PV,Distribution,Pre-MDD,2027-04-01 00:00:00.0000000,49.0
Lethans Extension Wind Farm,Glasgow and Strathclyde,KA18 4NR,,,,AR7-LEE-610,Allocation Round 7,Onshore Wind,Transmission,Pre-MDD,2029-03-31 00:00:00.0000000,70.0
Enoch Hill Windfarm,Glasgow and Strathclyde,KA6 7PT,,,,AR5-EHW-610,Allocation Round 5,Onshore Wind,Transmission,Pre-MDD,2027-04-01 00:00:00.0000000,69.0
Dogger Bank South East CfD Unit A Phase 1,Yorkshire and The Humber,HU16 5SB,,,,AR7-DOB-011,Allocation Round 7,Offshore Wind,Transmission,Pre-MDD,2031-03-30 00:00:00.0000000,403.0
Aller Langport Solar Park,South West England,TA10 0QR,16202.648,16202.648,1707.484,AR5-ALS-700,Allocation Round 5,Solar PV,Distribution,Live (Post-FIC),2025-07-01 00:00:00.0000000,10.0
Gonerby Solar,East Midlands,NG32 2AB,,,,AR5-GOS-700,Allocation Round 5,Solar PV,Distribution,Pre-Start Date,2028-03-31 00:00:00.0000000,49.99
NextPower SPV 9 Ltd,East Midlands,LE12 5TL,,,,AR5-NSN-700,Allocation Round 5,Solar PV,Distribution,Pre-MDD,2028-03-31 00:00:00.0000000,24.2
Low Farm Solar Park,East Midlands,PE24 4JS,38319.603,32836.139,4038.012,AR4-LFS-700,Allocation Round 4,Solar PV,Distribution,Live (Post-FIC),2025-04-30 00:00:00.0000000,40.06
Dogger Bank A P1,Yorkshire and The Humber,HU16 5SB,,,,AR3-DP1-101,Allocation Round 3,Offshore Wind,Transmission,Pre-Start Date,2026-11-30 00:00:00.0000000,302.4
Dogger Bank B P3,Yorkshire and The Humber,HU16 5SB,,,,AR3-DP2-203,Allocation Round 3,Offshore Wind,Transmission,Pre-Start Date,2027-07-01 00:00:00.0000000,456.6
West Burton Solar Project - AR7 - Site 2,East Midlands,LN1 2PQ,,,,AR7-WBU-710,Allocation Round 7,Solar PV,Transmission,Pre-MDD,2029-03-31 00:00:00.0000000,182.6
West Burton Solar Project - AR7 - Site 3,East Midlands,LN1 2EG,,,,AR7-WBS-710,Allocation Round 7,Solar PV,Transmission,Pre-MDD,2029-03-31 00:00:00.0000000,207.3
Garendon Solar Plant,East Midlands,LE12 9SH,,,,AR7-GSP-700,Allocation Round 7,Solar PV,Distribution,Pre-MDD,2028-10-31 00:00:00.0000000,49.99
Fambridge,East of England,SS4 3RY,,,,AR6-FAM-700,Allocation Round 6,Solar PV,Distribution,Pre-MDD,2028-03-31 00:00:00.0000000,39.52
Grim12 Grimsby,Yorkshire and The Humber,DN37 9NU,,,,AR5-GRG-700,Allocation Round 5,Solar PV,Distribution,Pre-MDD,2026-08-31 00:00:00.0000000,49.9
Horton Solar Farm,South West England,EX5 2NX,,,,AR6-HOS-700,Allocation Round 6,Solar PV,Distribution,Pre-MDD,2028-03-31 00:00:00.0000000,50.0
Triton Knoll Offshore Wind Farm Phase 2,East Midlands,PE20 3BN,3417808.639,767389.905,357304.816,AR2-TKN-203,Allocation Round 2,Offshore Wind,Transmission,Live (Post-FIC),2021-07-05 00:00:00.0000000,207.2
Bluebell Wood Solar Farm,South West England,BA116QQ,,,,AR7-BWO-700,Allocation Round 7,Solar PV,Distribution,Pre-MDD,2029-02-26 00:00:00.0000000,49.0
Rock Farm Solar Farm,West Midlands,SY8 2DT,,,,AR6-ROS-700,Allocation Round 6,Solar PV,Distribution,Pre-MDD,2027-05-01 00:00:00.0000000,40.0
HW SOLAR FARM LIMITED,East of England,CO16 9BN,,,,AR6-HWS-700,Allocation Round 6,Solar PV,Distribution,Pre-MDD,2028-03-31 00:00:00.0000000,18.0
Wormald Green Solar Farm,Yorkshire and The Humber,HG3 3QJ,,,,AR7-WGS-700,Allocation Round 7,Solar PV,Distribution,Pre-MDD,2027-07-02 00:00:00.0000000,43.0
South Park Solar Farm,South East England,SP11 9LP,,,,AR6-SOS-700,Allocation Round 6,Solar PV,Distribution,Pre-MDD,2028-03-31 00:00:00.0000000,14.93
Langer Lane,East Midlands,S42 6TS,,,,AR7-LAL-700,Allocation Round 7,Solar PV,Distribution,Pre-MDD,2029-01-01 00:00:00.0000000,7.5
HSS24,Yorkshire and The Humber,YO26 8JT,,,,AR6-HSS-700,Allocation Round 6,Solar PV,Distribution,Pre-MDD,2027-07-15 00:00:00.0000000,32.0
Cobwood Solar Farm 1,South East England,RH13 8DL,,,,AR7-CSA-700,Allocation Round 7,Solar PV,Distribution,Pre-MDD,2027-10-31 00:00:00.0000000,20.0
Triton Knoll Offshore Wind Farm Phase 1,East Midlands,PE20 3BN,3644216.077,808401.167,381532.74,AR2-TKN-103,Allocation Round 2,Offshore Wind,Transmission,Live (Post-FIC),2021-05-17 00:00:00.0000000,216.6
Langford,South West England,EX15 1RQ,,,,AR5-LAN-700,Allocation Round 5,Solar PV,Distribution,Pre-Start Date,2028-01-01 00:00:00.0000000,35.71
Dogger Bank South West CfD Unit A Phase 3,Yorkshire and The Humber,HU16 5SB,,,,AR7-DBS-013,Allocation Round 7,Offshore Wind,Transmission,Pre-MDD,2031-12-01 00:00:00.0000000,539.0
Clacton,East of England,CO16 0HN,,,,AR5-CLA-700,Allocation Round 5,Solar PV,Distribution,Pre-MDD,2028-03-31 00:00:00.0000000,20.0
Benthead Solar Farm,Glasgow and Strathclyde,KA13 7RU,,,,AR6-BEA-700,Allocation Round 6,Solar PV,Distribution,Pre-MDD,2027-02-14 00:00:00.0000000,63.0
Dogger Bank South West CfD Unit A Phase 1,Yorkshire and The Humber,HU16 5SB,,,,AR7-DBS-011,Allocation Round 7,Offshore Wind,Transmission,Pre-MDD,2030-10-30 00:00:00.0000000,403.0
Whinfield Solar Farm,North East England,DL1 3LE,,,,AR6-WSO-700,Allocation Round 6,Solar PV,Distribution,Pre-MDD,2026-09-01 00:00:00.0000000,22.8
Dudgeon Phase 1,East of England,PE37 8EG,3359291.176,393945.321,609683.619,INV-DUD-001,Investment Contract,Offshore Wind,Transmission,Live (Post-FIC),,88.54
Corriegarth 2 Wind Farm Limited,Highland and Islands,IV2 6UL,,,,AR6-CTW-610,Allocation Round 6,Onshore Wind,Transmission,Pre-MDD,2028-04-01 00:00:00.0000000,66.19
Dogger Bank B P2,Yorkshire and The Humber,HU16 5SB,,,,AR3-DP2-202,Allocation Round 3,Offshore Wind,Transmission,Pre-Start Date,2027-04-01 00:00:00.0000000,441.0
Dogger Bank A P2,Yorkshire and The Humber,HU16 5SB,,,,AR3-DP1-102,Allocation Round 3,Offshore Wind,Transmission,Pre-Start Date,2027-01-31 00:00:00.0000000,441.0
Dogger Bank South East CfD Unit A Phase 2,Yorkshire and The Humber,HU16 5SB,,,,AR7-DOB-012,Allocation Round 7,Offshore Wind,Transmission,Pre-MDD,2032-03-15 00:00:00.0000000,558.0
Norfolk Vanguard East CFD Unit B Phase 1,East of England,PE37 8EG,,,,AR7-NVC-010,Allocation Round 7,Offshore Wind,Transmission,Pre-MDD,2029-01-28 00:00:00.0000000,90.0
Coldharbour Solar Farm,South West England,EX18 7NQ,,,,AR6-COS-700,Allocation Round 6,Solar PV,Distribution,Pre-MDD,2028-03-31 00:00:00.0000000,46.0
Moray West Offshore Wind Farm,Aberdeen and North East,AB55 5NY,,,,AR4-MRY-010,Allocation Round 4,Offshore Wind,Transmission,Pre-Start Date,2027-03-31 00:00:00.0000000,220.5
Norfolk Vanguard West CFD Unit A Phase 1,East of England,PE37 8EG,,,,AR7-NVW-011,Allocation Round 7,Offshore Wind,Transmission,Pre-MDD,2028-07-08 00:00:00.0000000,615.0
Sheraton Hall Solar Farm,North East England,TS27 4RD,,,,AR6-SHS-700,Allocation Round 6,Solar PV,Distribution,Pre-MDD,2028-01-01 00:00:00.0000000,40.0
Fernishaw Farm PV and Energy Storage Facility,Glasgow and Strathclyde,ML1 5NQ,,,,AR7-FPA-700,Allocation Round 7,Solar PV,Distribution,Pre-MDD,2028-12-01 00:00:00.0000000,49.9
LONGPASTURE SOLAR FARM LIMITED,North East England,DL2 1ST,,,,AR6-LON-700,Allocation Round 6,Solar PV,Distribution,Pre-MDD,2028-03-31 00:00:00.0000000,49.9
Burbo Bank Extension Offshore Wind Farm,North West Wales,LL17 0LH,8137602.554,894290.178,1476401.032,INV-BUR-001,Investment Contract,Offshore Wind,Transmission,Live (Post-FIC),,258.0
Viking Wind Farm AR5,Highland and Islands,ZE2 9LP,,,,AR5-VWA-910,Allocation Round 5,Remote Island Wind,Transmission,Pre-MDD,2028-03-31 00:00:00.0000000,223.6
Greenburn Wind Park,Glasgow and Strathclyde,KA18 2SG,,,,AR5-GRW-610,Allocation Round 5,Onshore Wind,Transmission,Pre-MDD,2029-03-14 00:00:00.0000000,63.0
Dogger Bank South East CfD Unit A Phase 3,Yorkshire and The Humber,HU16 5SB,,,,AR7-DOB-013,Allocation Round 7,Offshore Wind,Transmission,Pre-MDD,2032-07-01 00:00:00.0000000,539.0
Henley Solar Farm,West Midlands,SY8 4JX,,,,AR6-HES-700,Allocation Round 6,Solar PV,Distribution,Pre-MDD,2027-02-14 00:00:00.0000000,12.0
Hatherton Solar Farm,North West England,CW5 7RA,,,,AR7-HAS-700,Allocation Round 7,Solar PV,Distribution,Pre-MDD,2027-12-01 00:00:00.0000000,12.0
Easter Drumclair wind farm,"Tayside, Central and Fife",FK1 3DD,,,,AR6-EDW-600,Allocation Round 6,Onshore Wind,Distribution,Live (Pre-FIC),2026-10-04 00:00:00.0000000,6.0
East End Solar Farm,East of England,CM19 5HE,,,,AR7-EES-700,Allocation Round 7,Solar PV,Distribution,Pre-MDD,2028-02-25 00:00:00.0000000,35.0
Carn Nicholas Solar Farm,South West Wales,SA1 7BL,15627.177,10585.289,1648.813,AR4-CNS-700,Allocation Round 4,Solar PV,Distribution,Live (Post-FIC),2025-04-17 00:00:00.0000000,8.0
Fell Wind Farm,Scotland South,DG3 4ER,,,,AR5-FEW-610,Allocation Round 5,Onshore Wind,Transmission,Pre-MDD,2029-10-31 00:00:00.0000000,50.0
Bishampton Solar PV,West Midlands,WR10 2LZ,50773.413,29887.005,5362.105,AR4-BSP-700,Allocation Round 4,Solar PV,Distribution,Live (Post-FIC),2025-01-01 00:00:00.0000000,30.0
Higher Hawkerland solar farm,South West England,EX5 2JW,,,,AR6-HHS-700,Allocation Round 6,Solar PV,Distribution,Pre-MDD,2028-03-31 00:00:00.0000000,10.204
Foley Farms,West Midlands,HR1 4HG,,,,AR7-FOF-700,Allocation Round 7,Solar PV,Distribution,Pre-MDD,2028-04-01 00:00:00.0000000,16.3
CBT24,South West England,TQ12 4SS,,,,AR6-CBT-700,Allocation Round 6,Solar PV,Distribution,Pre-MDD,2026-08-31 00:00:00.0000000,12.8
Wyndham Estate,South West England,TA23 0QB,,,,AR7-WYE-700,Allocation Round 7,Solar PV,Distribution,Pre-MDD,2028-08-01 00:00:00.0000000,21.05
Ford Oaks Solar Farm,South West England,EX5 2EU,,,,AR7-FOS-700,Allocation Round 7,Solar PV,Distribution,Pre-MDD,2027-04-02 00:00:00.0000000,30.0
Norfolk Vanguard East CFD Unit A Phase 2,East of England,PE37 8EG,,,,AR7-NVE-012,Allocation Round 7,Offshore Wind,Transmission,Pre-MDD,2029-10-11 00:00:00.0000000,690.0
Cumberhead West,Glasgow and Strathclyde,ML11 0HW,,,,AR4-CWS-610,Allocation Round 4,Onshore Wind,Transmission,Pre-Start Date,2027-03-31 00:00:00.0000000,113.2
WINDY STANDARD III LIMITED,Scotland South,DG7 3TJ,,,,AR6-WSI-610,Allocation Round 6,Onshore Wind,Transmission,Pre-MDD,2026-12-24 00:00:00.0000000,87.6
DEWSHILL WIND FARM,Glasgow and Strathclyde,ML7 4NY,,,,AR7-DWI-600,Allocation Round 7,Onshore Wind,Distribution,Pre-MDD,2029-03-31 00:00:00.0000000,11.4
Burcot,South East England,OX14 3GW,,,,AR7-BUA-700,Allocation Round 7,Solar PV,Distribution,Pre-MDD,2028-04-01 00:00:00.0000000,49.9
Foxwalks solar farm,West Midlands,B61 7HB,,,,AR7-FOX-700,Allocation Round 7,Solar PV,Distribution,Pre-MDD,2028-05-01 00:00:00.0000000,29.4
Stargoose Solar Farm,East of England,CB23 8BA,,,,AR6-SSO-700,Allocation Round 6,Solar PV,Distribution,Pre-MDD,2027-05-01 00:00:00.0000000,49.99
Moor House Wind Farm,North East England,DL2 1SN,282590.653,37021.768,45164.115,AAA-BAN-190,Allocation Round 1,Onshore Wind,Distribution,Live (Post-FIC),,11.96
Awel y Môr Offshore Wind Farm A Phase 1,North West Wales,LL170LJ,,,,AR7-AYM-011,Allocation Round 7,Offshore Wind,Transmission,Pre-MDD,2031-04-30 00:00:00.0000000,232.5
Mopes Lane Solar,South West England,SN5 4HS,,,,AR7-MOL-700,Allocation Round 7,Solar PV,Distribution,Pre-MDD,2028-03-31 00:00:00.0000000,5.3
Leckhampstead Farm,East Midlands,MK19 6BZ,,,,AR6-LEC-700,Allocation Round 6,Solar PV,Distribution,Pre-MDD,2027-01-30 00:00:00.0000000,15.0
Common Barn Wind Farm,East of England,PE19 5YA,115118.852,17527.229,15391.726,AAA-COM-191,Allocation Round 1,Onshore Wind,Distribution,Live (Post-FIC),,6.07
Foel Trawsnant Wind Farm,South East Wales,CF34 9PR,,,,AR5-FTW-600,Allocation Round 5,Onshore Wind,Distribution,Pre-MDD,2029-02-28 00:00:00.0000000,34.8
UKF086 Attleborough Road,East of England,NR17 1NL,,,,AR7-UAR-700,Allocation Round 7,Solar PV,Distribution,Pre-MDD,2027-04-01 00:00:00.0000000,18.0
CYP25,South West Wales,SA79JG,,,,AR7-CYP-700,Allocation Round 7,Solar PV,Distribution,Pre-MDD,2028-04-30 00:00:00.0000000,15.0
Thorpe Estate Solar PV,West Midlands,B79 0AQ,,,,AR6-TES-700,Allocation Round 6,Solar PV,Distribution,Pre-MDD,2026-08-01 00:00:00.0000000,49.9
Rotherham solar 1 Ltd,Yorkshire and The Humber,S66 7RN,,,,AR7-RSO-700,Allocation Round 7,Solar PV,Distribution,Pre-MDD,2029-03-31 00:00:00.0000000,37.0
Ben Sca Wind Farm,Highland and Islands,IV51 9PP,,,,AR5-BSW-600,Allocation Round 5,Onshore Wind,Distribution,Pre-MDD,2026-12-31 00:00:00.0000000,40.8
Purton solar farm,South West England,SN5 4HG,,,,AR5-PSF-700,Allocation Round 5,Solar PV,Distribution,Pre-MDD,2028-04-01 00:00:00.0000000,15.0
Washdyke Solar Farm,East Midlands,NG34 0EZ,,,,AR7-WAS-700,Allocation Round 7,Solar PV,Distribution,Pre-MDD,2028-06-01 00:00:00.0000000,24.75
Little Hale,East Midlands,NG34 9BG,,,,AR7-LIH-710,Allocation Round 7,Solar PV,Transmission,Pre-MDD,2029-03-31 00:00:00.0000000,49.99
HF25,West Midlands,WR8 9LD,,,,AR7-HFT-700,Allocation Round 7,Solar PV,Distribution,Pre-MDD,2027-12-31 00:00:00.0000000,32.0
Tonbridge,South East England,TN12 6SJ,,,,AR7-TON-700,Allocation Round 7,Solar PV,Distribution,Pre-MDD,2030-03-30 00:00:00.0000000,6.0
HGPV Solar,Aberdeen and North East,AB42 0PT,,,,AR7-HGS-700,Allocation Round 7,Solar PV,Distribution,Pre-MDD,2027-02-01 00:00:00.0000000,9.2
Alfreton Solar Farm,East Midlands,DE55 7EN,34903.001,20349.566,3685.823,AR4-ASF-700,Allocation Round 4,Solar PV,Distribution,Live (Post-FIC),2025-01-22 00:00:00.0000000,14.576
Sofia Offshore Wind Farm Phase 1,North East England,TS1 1DS,,,,AR3-SOW-101,Allocation Round 3,Offshore Wind,Transmission,Pre-Start Date,2026-08-31 00:00:00.0000000,364.0
BB2 Wind Farm,Aberdeen and North East,IV36 2QH,,,,AR5-BBW-600,Allocation Round 5,Onshore Wind,Distribution,Pre-MDD,2028-07-01 00:00:00.0000000,43.2
Hornsea Project 2 Phase 2,Yorkshire and The Humber,DN40 3LU,3997549.053,1939189.549,423737.702,AR2-HRN-206,Allocation Round 2,Offshore Wind,Transmission,Live (Post-FIC),2024-03-28 00:00:00.0000000,454.56
Manor Farm Solar Farm,South East England,OX12 0DW,,,,AR7-MAN-700,Allocation Round 7,Solar PV,Distribution,Pre-MDD,2028-09-01 00:00:00.0000000,23.88
Wymondley,East of England,SG4 7EZ,,,,AR7-WYM-710,Allocation Round 7,Solar PV,Transmission,Pre-MDD,2029-03-31 00:00:00.0000000,28.16
Inkersall Grange Solar Farm,East Midlands,NG22 8TN,51091.433,51091.433,5375.164,AR4-IGS-700,Allocation Round 4,Solar PV,Distribution,Live (Pre-FIC),2026-01-01 00:00:00.0000000,49.9
EA3B,East of England,IP8 4JL,,,,AR6-EAT-010,Allocation Round 6,Offshore Wind,Transmission,Pre-MDD,2027-04-01 00:00:00.0000000,158.9
Hornsea Offshore Wind Farm Phase 3,Yorkshire and The Humber,DN40 3NR,8219884.028,1654596.482,864012.741,INV-HOR-003,Investment Contract,Offshore Wind,Transmission,Live (Post-FIC),2021-03-31 00:00:00.0000000,400.0
Westfield Solar,"Tayside, Central and Fife",KY5 0HJ,,,,AR7-WEA-700,Allocation Round 7,Solar PV,Distribution,Pre-MDD,2027-11-30 00:00:00.0000000,29.9
K3 CHP Facility,South East England,ME10 2TD,786220.314,149643.82,92508.752,AAA-K3C-180,Allocation Round 1,Energy from Waste,Distribution,Live (Post-FIC),,45.0
Minety,South West England,SN16 9DX,,,,AR5-MIN-710,Allocation Round 5,Solar PV,Transmission,Pre-MDD,2028-01-01 00:00:00.0000000,47.5
Hornsea Offshore Wind Farm Phase 2,Yorkshire and The Humber,DN40 3NR,10081788.819,1760303.055,1203788.572,INV-HOR-002,Investment Contract,Offshore Wind,Transmission,Live (Post-FIC),,400.0
Hornsea Project 2 Phase 1,Yorkshire and The Humber,DN40 3LU,3887358.076,1918140.044,412032.691,AR2-HRN-106,Allocation Round 2,Offshore Wind,Transmission,Live (Post-FIC),2024-03-28 00:00:00.0000000,449.76
Staveley,East Midlands,S43 3YH,31221.629,28010.12,3291.018,AR4-STV-700,Allocation Round 4,Solar PV,Distribution,Live (Post-FIC),2025-06-30 00:00:00.0000000,20.0
Siddington Solar Park,South West England,GL7 6DB,17787.646,17787.646,1875.039,AR4-SID-700,Allocation Round 4,Solar PV,Distribution,Live (Post-FIC),2025-04-30 00:00:00.0000000,16.7
Aithrie,Edinburgh and Lothians,EH30 9SN,,,,AR6-AIT-700,Allocation Round 6,Solar PV,Distribution,Pre-MDD,2028-03-31 00:00:00.0000000,29.9
Tormywheel Extension,Glasgow and Strathclyde,ML11 8EP,,,,AR7-TOE-600,Allocation Round 7,Onshore Wind,Distribution,Pre-MDD,2028-03-31 00:00:00.0000000,9.4
Cawarden Solar Farm,West Midlands,WS15 3HQ,,,,AR4-CSF-700,Allocation Round 4,Solar PV,Distribution,Pre-Start Date,2026-12-31 00:00:00.0000000,35.71
Aston Flamville Solar PV,East Midlands,LE10 3AQ,,,,AR6-AFS-700,Allocation Round 6,Solar PV,Distribution,Pre-MDD,2026-08-01 00:00:00.0000000,20.0
Glassthorpe Solar Farm,East Midlands,NN7 3NF,,,,AR7-GLA-700,Allocation Round 7,Solar PV,Distribution,Pre-MDD,2027-09-30 00:00:00.0000000,41.0
Alaska Wind Farm,South West England,BH20 7NY,,,,AR6-ALW-600,Allocation Round 6,Onshore Wind,Distribution,Pre-MDD,2028-03-31 00:00:00.0000000,8.0
Benbrack Wind Farm,Scotland South,DG7 3TL,5095.676,5095.676,535.431,AR5-BWI-610,Allocation Round 5,Onshore Wind,Transmission,Live (Pre-FIC),2026-08-31 00:00:00.0000000,31.1
Pembrokeshire Solar Park,Mid and West Wales,SA72 4SU,,,,AR7-PEM-700,Allocation Round 7,Solar PV,Distribution,Pre-MDD,2027-11-30 00:00:00.0000000,9.9
Energyfarm UK Pencarreg LLP,Mid and West Wales,SA19 7RG,,,,AR7-EUP-600,Allocation Round 7,Onshore Wind,Distribution,Pre-MDD,2027-10-31 00:00:00.0000000,5.01
MONTREATHMONT ENERGY CENTRE LIMITED,"Tayside, Central and Fife",DD8 2TW,,,,AR6-MEC-700,Allocation Round 6,Solar PV,Distribution,Pre-MDD,2029-10-08 00:00:00.0000000,34.37
Hornsea Project 2 Phase 3,Yorkshire and The Humber,DN40 3LU,3953238.463,1984368.041,419005.572,AR2-HRN-306,Allocation Round 2,Offshore Wind,Transmission,Live (Post-FIC),2024-03-28 00:00:00.0000000,453.92
Bilbo Solar,Aberdeen and North East,AB43 8QU,,,,AR6-BSO-700,Allocation Round 6,Solar PV,Distribution,Pre-MDD,2026-11-01 00:00:00.0000000,25.0
Inch Cape Phase 3,Edinburgh and Lothians,EH32 0JA,,,,AR4-ICP-013,Allocation Round 4,Offshore Wind,Transmission,Pre-Start Date,2031-03-30 00:00:00.0000000,300.0
Stokeford Solar Farm,South West England,BH20 6AN,39955.499,26766.871,4218.48,AR4-SSF-700,Allocation Round 4,Solar PV,Distribution,Live (Post-FIC),2025-04-24 00:00:00.0000000,20.09
Forest Gate Solar,South West England,SN15 3RS,,,,AR6-FGS-700,Allocation Round 6,Solar PV,Distribution,Pre-MDD,2027-06-01 00:00:00.0000000,40.0
Cleve Hill Solar Project,South East England,ME13 9EF,88029.219,88029.219,9264.432,AR4-CLH-710,Allocation Round 4,Solar PV,Transmission,Live (Post-FIC),2025-11-03 00:00:00.0000000,109.79
Leigh Delamere Solar,South West England,SN14 6JZ,,,,AR6-LDS-700,Allocation Round 6,Solar PV,Distribution,Pre-MDD,2027-06-01 00:00:00.0000000,40.0
Brynryhd Solar Farm,Mid and West Wales,SA4 0FD,,,,AR6-BRY-700,Allocation Round 6,Solar PV,Distribution,Pre-MDD,2028-01-01 00:00:00.0000000,30.0
Maesmawr Solar Park,South Central Wales,CF38 1SL,,,,AR6-MAE-700,Allocation Round 6,Solar PV,Distribution,Pre-MDD,2026-08-01 00:00:00.0000000,20.0
Moreton Brook Solar Farm,West Midlands,WS15 3NP,,,,AR7-MBS-700,Allocation Round 7,Solar PV,Distribution,Pre-MDD,2029-03-31 00:00:00.0000000,49.9
Drax 3rd conversion unit (unit 1),Yorkshire and The Humber,YO8 8PH,36658142.612,3882678.041,7370877.205,INV-DRX-001,Investment Contract,Biomass Conversion,Transmission,Live (Post-FIC),,645.0
Colbrans Solar ESS Limited,South East England,BN8 6BZ,,,,AR7-CSE-700,Allocation Round 7,Solar PV,Distribution,Pre-MDD,2029-03-31 00:00:00.0000000,39.9
Romsey Solar Farm Phase 2,South East England,SO51 9LH,,,,AR4-RSF-700,Allocation Round 4,Solar PV,Distribution,Live (Post-FIC),2026-06-22 00:00:00.0000000,6.48
Bucklesham Solar Limited,East of England,IP10 0BW,,,,AR7-BUC-700,Allocation Round 7,Solar PV,Distribution,Pre-MDD,2029-03-31 00:00:00.0000000,22.5
Orbital Marine Eday 3,Highland and Islands,KW17 2AA,,,,AR5-ORM-504,Allocation Round 5,Tidal Stream,Distribution,Pre-Start Date,2028-03-16 00:00:00.0000000,2.4
New Hall Solar Farm,Yorkshire and The Humber,WF4 4RP,,,,AR7-NHS-700,Allocation Round 7,Solar PV,Distribution,Pre-MDD,2028-05-31 00:00:00.0000000,22.2
Bramley Solar,South East England,RG7 2NL,,,,AR6-BRS-710,Allocation Round 6,Solar PV,Transmission,Pre-MDD,2027-08-15 00:00:00.0000000,49.9
Parley Court,South West England,BH23 6BB,,,,AR7-PAC-700,Allocation Round 7,Solar PV,Distribution,Pre-MDD,2030-03-01 00:00:00.0000000,40.0
Little Drum,Scotland South,DG6 4XF,,,,AR7-LID-700,Allocation Round 7,Solar PV,Distribution,Pre-MDD,2028-03-31 00:00:00.0000000,36.0
Berden Solar,East of England,SG9 0JB,,,,AR7-BEC-700,Allocation Round 7,Solar PV,Distribution,Pre-MDD,2027-05-31 00:00:00.0000000,40.25
Preston Hill Solar Farm,West Midlands,ST19 5RA,,,,AR6-PHS-700,Allocation Round 6,Solar PV,Distribution,Pre-MDD,2028-03-31 00:00:00.0000000,49.9
Achlachan Wind Farm,Highland and Islands,KW1 5XU,203350.304,30988.66,26891.769,AAA-ACH-183,Allocation Round 1,Onshore Wind,Distribution,Live (Post-FIC),,10.0
Manor Farm PV,South East England,PO22 9UR,,,,AR4-MFP-700,Allocation Round 4,Solar PV,Distribution,Pre-MDD,2027-07-01 00:00:00.0000000,15.0
Exeter,South West England,EX15 2PG,,,,AR6-EXE-700,Allocation Round 6,Solar PV,Distribution,Pre-MDD,2028-03-31 00:00:00.0000000,34.58
Aberarder Wind Farm,Highland and Islands,IV2 6UE,,,,AR5-ABW-610,Allocation Round 5,Onshore Wind,Transmission,Pre-MDD,2028-03-31 00:00:00.0000000,49.99
BF31 WHF SOLAR LIMITED,East of England,CO10 8UA,,,,AR7-BWS-700,Allocation Round 7,Solar PV,Distribution,Pre-MDD,2029-03-31 00:00:00.0000000,25.0
Bracon Ash Solar Farm,East of England,NR14 8HJ,,,,AR5-BRS-700,Allocation Round 5,Solar PV,Distribution,Pre-Start Date,2027-04-01 00:00:00.0000000,5.376
Ynnir Lleuad,North West Wales,LL65 1YL,,,,AR5-YNL-510,Allocation Round 5,Tidal Stream,Transmission,Pre-MDD,2028-03-31 00:00:00.0000000,10.0
Drumduff Extension Wind Farm,Edinburgh and Lothians,EH48 3TJ,,,,AR7-DEW-600,Allocation Round 7,Onshore Wind,Distribution,Pre-MDD,2028-06-29 00:00:00.0000000,13.05
Berwick Bank Phase B (Phase 3),Edinburgh and Lothians,EH42 1SF,,,,AR7-BBP-013,Allocation Round 7,Offshore Wind,Transmission,Pre-MDD,2031-05-01 00:00:00.0000000,460.0
Carlton Solar Farm,Yorkshire and The Humber,YO88PN,,,,AR6-CAS-700,Allocation Round 6,Solar PV,Distribution,Pre-MDD,2026-09-30 00:00:00.0000000,37.5
Tamworth Solar LTD,West Midlands,B790ED,,,,AR6-TAS-700,Allocation Round 6,Solar PV,Distribution,Pre-MDD,2027-02-01 00:00:00.0000000,30.0
Spencers Wood,South East England,RG7 1PT,,,,AR7-SPW-700,Allocation Round 7,Solar PV,Distribution,Pre-MDD,2028-06-14 00:00:00.0000000,19.0
Carno Wind Farm Extension Phase III,Mid and West Wales,SY17 5JT,,,,AR6-CWE-600,Allocation Round 6,Onshore Wind,Distribution,Pre-MDD,2028-03-01 00:00:00.0000000,45.0
County Lane,West Midlands,WV7 3AH,,,,AR7-COU-700,Allocation Round 7,Solar PV,Distribution,Pre-MDD,2028-10-10 00:00:00.0000000,9.0
Norfolk Vanguard West CFD Unit A Phase 2,East of England,PE37 8EG,,,,AR7-NVW-012,Allocation Round 7,Offshore Wind,Transmission,Pre-MDD,2028-12-01 00:00:00.0000000,600.0
Kemberton Solar Farm,West Midlands,TF11 9LB,,,,AR6-KES-700,Allocation Round 6,Solar PV,Distribution,Pre-MDD,2027-01-04 00:00:00.0000000,15.0
Basildon,East of England,CM13 3SG,28550.44,25073.828,3010.217,AR4-BSL-700,Allocation Round 4,Solar PV,Distribution,Live (Post-FIC),2025-06-30 00:00:00.0000000,15.0
Seagreen Phase 1,"Tayside, Central and Fife",DD3 0PY,,,,AR3-SEW-101,Allocation Round 3,Offshore Wind,Transmission,Pre-Start Date,2026-09-30 00:00:00.0000000,138.0
Barnfields,South East England,PO40 9UQ,,,,AR6-BAR-700,Allocation Round 6,Solar PV,Distribution,Pre-MDD,2028-03-31 00:00:00.0000000,14.82
Lorg Wind Farm,Scotland South,DG7 3UF,,,,AR6-LWF-610,Allocation Round 6,Onshore Wind,Transmission,Pre-MDD,2029-01-17 00:00:00.0000000,44.0
NEXTPOWER CRIFTON LIMITED,East Midlands,NG22 8TR,13725.405,13725.405,1442.205,AR4-NXP-700,Allocation Round 4,Solar PV,Distribution,Live (Post-FIC),2026-06-24 00:00:00.0000000,40.0
Triangle Farm Solar Park,East of England,CB7 5HX,116404.606,12161.624,19727.703,AAA-CAM-197,Allocation Round 1,Solar PV,Distribution,Live (Post-FIC),,10.9
Middle Muir Wind Farm,Scotland South,ML12 6SZ,773527.987,121812.262,112554.832,AAA-BAN-192,Allocation Round 1,Onshore Wind,Transmission,Live (Post-FIC),,50.73
Copper Bottom Solar Farm,South West England,TR14 0LU,,,,AR7-CBO-700,Allocation Round 7,Solar PV,Distribution,Pre-MDD,2028-03-31 00:00:00.0000000,30.0
Clocaenog Forest Wind Farm,North West Wales,LL16 4SP,1544935.512,240249.406,193242.993,AAA-CLO-186,Allocation Round 1,Onshore Wind,Distribution,Live (Post-FIC),,95.68
Awel y Môr Offshore Wind Farm A Phase 2,North West Wales,LL170LJ,,,,AR7-AYM-012,Allocation Round 7,Offshore Wind,Transmission,Pre-MDD,2031-07-25 00:00:00.0000000,542.5
Imerys Wind Farm,South West England,PL25 5TH,,,,AR7-IMW-600,Allocation Round 7,Onshore Wind,Distribution,Pre-MDD,2027-04-01 00:00:00.0000000,19.96
Primrose,East of England,CO12 5NB,,,,AR5-PRI-700,Allocation Round 5,Solar PV,Distribution,Pre-MDD,2028-04-03 00:00:00.0000000,17.6
Hatherden Solar,South East England,SP11 0HJ,,,,AR4-NXT-700,Allocation Round 4,Solar PV,Distribution,Pre-Start Date,2026-06-30 00:00:00.0000000,40.0
Viking Wind Farm,Highland and Islands,ZE2 9LP,,,,AR4-VWF-910,Allocation Round 4,Remote Island Wind,Transmission,Pre-Start Date,2027-03-31 00:00:00.0000000,220.0
Derril Water Solar Farm,South West England,EX22 6LJ,,,,AR6-DWS-700,Allocation Round 6,Solar PV,Distribution,Pre-MDD,2026-07-01 00:00:00.0000000,15.5
Lurg Hill Wind Farm,Aberdeen and North East,AB55 6NH,,,,AR5-LHW-600,Allocation Round 5,Onshore Wind,Distribution,Pre-MDD,2027-01-01 00:00:00.0000000,15.0
St Cleres,East of England,CM3 4AR,27416.878,24278.883,2890.608,AR4-SCL-700,Allocation Round 4,Solar PV,Distribution,Live (Post-FIC),2025-06-30 00:00:00.0000000,15.0
Thorpe Bank Solar Farm,North East England,TS21 3JL,,,,AR4-TBS-700,Allocation Round 4,Solar PV,Distribution,Pre-Start Date,2026-08-10 00:00:00.0000000,40.0
Hornsea Project Three Offshore Wind Farm AR6 C,East of England,NR14 8PG,,,,AR6-HOP-010,Allocation Round 6,Offshore Wind,Transmission,Pre-MDD,2027-12-01 00:00:00.0000000,360.0
Morlais Magallanes GR3 Extension,North West Wales,LL65 1YL,,,,AR5-MMG-500,Allocation Round 5,Tidal Stream,Distribution,Pre-MDD,2028-04-30 00:00:00.0000000,3.0
MeyGen Phase 2,Highland and Islands,KW1 4YH,,,,AR4-MEY-510,Allocation Round 4,Tidal Stream,Transmission,Pre-Start Date,2031-06-30 00:00:00.0000000,28.0
Manhay Geothermal Power Plant,South West England,TR13 0ND,,,,AR5-MGP-800,Allocation Round 5,Geothermal,Distribution,Pre-MDD,2027-01-01 00:00:00.0000000,5.0
Red Barn Solar,South West England,SN14 6DH,,,,AR7-RBS-700,Allocation Round 7,Solar PV,Distribution,Pre-MDD,2027-08-16 00:00:00.0000000,40.0
AR108 BOLT SOLAR FARM LIMITED,East of England,PE280LB,,,,AR7-ABS-700,Allocation Round 7,Solar PV,Distribution,Pre-MDD,2029-03-31 00:00:00.0000000,6.0
Hett Moor Solar Farm,North East England,DH6 5JL,,,,AR7-HMS-700,Allocation Round 7,Solar PV,Distribution,Pre-MDD,2028-11-01 00:00:00.0000000,44.4
Mid Whitestones Solar,Aberdeen and North East,AB53 5XX,,,,AR7-MWS-700,Allocation Round 7,Solar PV,Distribution,Pre-MDD,2029-03-15 00:00:00.0000000,9.9
Church Farm Solar Farm,East Midlands,NG11 0DE,,,,AR7-CHU-700,Allocation Round 7,Solar PV,Distribution,Pre-MDD,2028-10-01 00:00:00.0000000,49.65
Mor Energy GO3 Phase2,North West Wales,LL65 1YL,,,,AR7-MEG-510,Allocation Round 7,Tidal Stream,Transmission,Pre-MDD,2029-10-01 00:00:00.0000000,5.5
Sheepcote Solar,East of England,CM77 8PE,,,,AR7-SHE-700,Allocation Round 7,Solar PV,Distribution,Pre-MDD,2027-04-01 00:00:00.0000000,13.8
Energy Works (Hull),Yorkshire and The Humber,HU8 8AD,0.0,,0.0,AAA-ENE-171,Allocation Round 1,Advanced Conversion Technology,Distribution,Live (Post-FIC),,25.0
Walney Extension Offshore Wind Farm Phase 2,North West England,LA3 3QP,10693898.419,1452769.76,1698569.467,INV-WAL-002,Investment Contract,Offshore Wind,Transmission,Live (Post-FIC),,330.0
Hornsea Project Three Offshore Wind Farm AR6 A,East of England,NR14 8PG,,,,AR6-HPT-010,Allocation Round 6,Offshore Wind,Transmission,Pre-MDD,2027-06-01 00:00:00.0000000,360.0
Holly Lane Energy Park,West Midlands,CV7 7EB,,,,AR7-HLE-700,Allocation Round 7,Solar PV,Distribution,Pre-MDD,2028-06-01 00:00:00.0000000,25.0
Coven Solar,West Midlands,WV9 5AZ,,,,AR7-COV-700,Allocation Round 7,Solar PV,Distribution,Pre-MDD,2027-05-01 00:00:00.0000000,39.59
Stoneshollow,East Midlands,CV13 0EH,,,,AR5-STO-700,Allocation Round 5,Solar PV,Distribution,Pre-Start Date,2028-01-01 00:00:00.0000000,49.9
Sofia Offshore Wind Farm Phase 3,North East England,TS1 1DS,,,,AR3-SOW-103,Allocation Round 3,Offshore Wind,Transmission,Pre-Start Date,2026-10-31 00:00:00.0000000,616.0
TWYN HYWEL ENERGY PARK LIMITED,South East Wales,CF46 6PN,,,,AR7-THE-610,Allocation Round 7,Onshore Wind,Transmission,Pre-MDD,2028-03-31 00:00:00.0000000,93.8
Eaton Socon,East of England,PE19 8JD,,,,AR7-ESO-700,Allocation Round 7,Solar PV,Distribution,Pre-MDD,2029-03-31 00:00:00.0000000,33.7
Ynnir Lleuad 2,North West Wales,LL65 1YL,,,,AR6-YLT-510,Allocation Round 6,Tidal Stream,Transmission,Pre-MDD,2028-06-01 00:00:00.0000000,10.0
Hebden Green,North West England,CW7 4EH,,,,AR7-HEG-700,Allocation Round 7,Solar PV,Distribution,Pre-MDD,2028-06-04 00:00:00.0000000,15.0
Wickham,East of England,IP13 9AD,,,,AR4-WCK-700,Allocation Round 4,Solar PV,Distribution,Pre-MDD,2028-04-03 00:00:00.0000000,35.0
Twyford Solar Farm,East Midlands,LE7 9DL,,,,AR7-TWS-700,Allocation Round 7,Solar PV,Distribution,Pre-MDD,2027-10-01 00:00:00.0000000,10.0
Ynni'r Lleuad 3,North West Wales,LL65 1YL,,,,AR7-YLL-510,Allocation Round 7,Tidal Stream,Transmission,Pre-MDD,2029-06-30 00:00:00.0000000,10.0
Beatrice Offshore Wind Farm Limited (Phase 1),Aberdeen and North East,AB55 5NY,6673393.062,918343.453,1009222.24,INV-BEA-001,Investment Contract,Offshore Wind,Transmission,Live (Post-FIC),,252.0
Pentland Floating Offshore Wind Farm Phase 1,Highland and Islands,KW14 7TZ,,,,AR7-PFO-911,Allocation Round 7,Floating Offshore Wind,Transmission,Pre-MDD,2031-03-30 00:00:00.0000000,37.0
MYNYDD FFORCH DWM,South East Wales,SA12 9SS,,,,AR7-MFD-600,Allocation Round 7,Onshore Wind,Distribution,Pre-MDD,2027-09-01 00:00:00.0000000,26.8
Fair Oaks Renewable Energy Park,East Midlands,NG11 6JX,,,,AR7-FOR-700,Allocation Round 7,Solar PV,Distribution,Pre-MDD,2027-11-30 00:00:00.0000000,49.9
Highfield,East of England,SG8 9NJ,,,,AR7-HIG-700,Allocation Round 7,Solar PV,Distribution,Pre-MDD,2027-04-01 00:00:00.0000000,13.5
ENERGYFARM UK MARGREE LLP,Scotland South,DG7 3XJ,,,,AR5-EUM-610,Allocation Round 5,Onshore Wind,Transmission,Pre-MDD,2030-10-31 00:00:00.0000000,50.0
NEXTPOWER SPV 14 LIMITED,South East England,OX13 5PA,,,,AR6-NES-700,Allocation Round 6,Solar PV,Distribution,Pre-MDD,2028-03-31 00:00:00.0000000,42.8
Hornsea Project Three Offshore Wind Farm AR6 B,East of England,NR14 8PG,,,,AR6-HPR-010,Allocation Round 6,Offshore Wind,Transmission,Pre-MDD,2027-10-01 00:00:00.0000000,360.0
Clachaig Glen,Highland and Islands,PA28 6QG,,,,AR7-CLG-600,Allocation Round 7,Onshore Wind,Distribution,Pre-MDD,2028-04-03 00:00:00.0000000,52.8
Prentice Farm,East of England,CM3 8RS,,,,AR7-PRA-700,Allocation Round 7,Solar PV,Distribution,Pre-MDD,2028-11-01 00:00:00.0000000,20.0
UKZ020 Maleys,East of England,NR9 5DG,,,,AR7-UMA-704,Allocation Round 7,Solar PV,Distribution,Pre-MDD,2027-10-28 00:00:00.0000000,24.5
Moray Offshore Windfarm (East) Phase 3,Highland and Islands,KW6 6EL,1275009.374,471737.556,135176.144,AR2-MRY-307,Allocation Round 2,Offshore Wind,Transmission,Live (Post-FIC),2024-03-04 00:00:00.0000000,318.77
Inch Cape A,Edinburgh and Lothians,EH32 0JA,,,,AR6-ICA-010,Allocation Round 6,Offshore Wind,Transmission,Pre-MDD,2027-07-31 00:00:00.0000000,177.41
NEXTPOWER PENTLOW LIMITED,East of England,CO10 7GA,5379.296,5379.296,565.233,AR4-NEX-700,Allocation Round 4,Solar PV,Distribution,Live (Post-FIC),2026-06-24 00:00:00.0000000,15.0
Wick Farm,South West England,SN15 2LU,,,,AR4-WFR-710,Allocation Round 4,Solar PV,Transmission,Pre-Start Date,2027-01-31 00:00:00.0000000,49.99
Brinsea,South West England,BS49 5JJ,,,,AR7-BRI-700,Allocation Round 7,Solar PV,Distribution,Pre-MDD,2028-10-31 00:00:00.0000000,49.9
Skeeby Solar Farm,Yorkshire and The Humber,DL10 7ED,,,,AR6-SKS-700,Allocation Round 6,Solar PV,Distribution,Pre-MDD,2027-04-01 00:00:00.0000000,39.0
Morlais Verdant Isles BL3,North West Wales,LL65 1YL,,,,AR5-MVI-510,Allocation Round 5,Tidal Stream,Transmission,Pre-MDD,2028-04-02 00:00:00.0000000,4.9
Enso Green Holdings H Limited,South West England,TA7 0BB,,,,AR5-EGH-710,Allocation Round 5,Solar PV,Transmission,Pre-MDD,2028-03-31 00:00:00.0000000,40.0
Moreton Lane Solar Farm,South West England,GL2 7PN,,,,AR5-MLS-700,Allocation Round 5,Solar PV,Distribution,Pre-Start Date,2028-01-01 00:00:00.0000000,49.0
Swinlees Wind Farm,Glasgow and Strathclyde,KA24 5LA,,,,AR7-SWA-604,Allocation Round 7,Onshore Wind,Distribution,Pre-MDD,2029-03-31 00:00:00.0000000,25.56
Cloiche Wind Farm,Aberdeen and North East,PH20 1AJ,,,,AR6-CLW-610,Allocation Round 6,Onshore Wind,Transmission,Pre-MDD,2028-03-31 00:00:00.0000000,130.5
Milton Farm Solar Farm,South West England,GL7 5TA,,,,AR7-MIS-700,Allocation Round 7,Solar PV,Distribution,Pre-MDD,2029-03-31 00:00:00.0000000,10.0
Longfield Solar Energy Farm,East of England,CM3 3AS,,,,AR6-LSE-710,Allocation Round 6,Solar PV,Transmission,Pre-MDD,2028-06-30 00:00:00.0000000,299.0
Fleet Solar Farm,South East England,RG29 1BW,,,,AR7-FLE-710,Allocation Round 7,Solar PV,Transmission,Pre-MDD,2028-03-31 00:00:00.0000000,47.5
Lower Farm Solar Farm,West Midlands,ST18 0LX,,,,AR7-LOA-700,Allocation Round 7,Solar PV,Distribution,Pre-MDD,2029-03-31 00:00:00.0000000,49.0
Stowmarket,East of England,IP14 5HA,,,,AR7-STB-700,Allocation Round 7,Solar PV,Distribution,Pre-MDD,2030-03-30 00:00:00.0000000,20.0
HOPSRIG WIND FARM LIMITED,Scotland South,DG13 0PA,,,,AR7-HOW-610,Allocation Round 7,Onshore Wind,Transmission,Pre-MDD,2029-03-31 00:00:00.0000000,48.0
Straws Hadley Solar Farm,South East England,HP224LN,,,,AR7-STH-700,Allocation Round 7,Solar PV,Distribution,Pre-MDD,2028-06-01 00:00:00.0000000,39.5
Shaftesbury,South West England,SP7 9PS,,,,AR5-SHA-700,Allocation Round 5,Solar PV,Distribution,Pre-MDD,2028-03-31 00:00:00.0000000,20.0
Harlesford,South East England,OX9 7BX,,,,AR4-HRL-700,Allocation Round 4,Solar PV,Distribution,Pre-Start Date,2026-06-30 00:00:00.0000000,26.65
Fleet Solar Limited,South East England,RG29 1ST,,,,AR7-FSO-710,Allocation Round 7,Solar PV,Transmission,Pre-MDD,2029-03-31 00:00:00.0000000,47.5
ENERGYFARM HYNDBURN II LTD,North West England,BB5 3RP,,,,AR7-EHI-600,Allocation Round 7,Onshore Wind,Distribution,Pre-MDD,2027-10-31 00:00:00.0000000,8.2
Energyfarm UK New Rides Solar LLP,South East England,ME12 4DD,,,,AR7-EUN-700,Allocation Round 7,Solar PV,Distribution,Pre-MDD,2027-04-01 00:00:00.0000000,10.0
Charleston,"Tayside, Central and Fife",DD2 5QQ,,,,AR6-CHA-700,Allocation Round 6,Solar PV,Distribution,Pre-MDD,2027-02-01 00:00:00.0000000,20.0
Eastfields,West Midlands,CV47 2ST,25588.687,25588.687,2689.244,AR4-EST-700,Allocation Round 4,Solar PV,Distribution,Live (Post-FIC),2026-04-01 00:00:00.0000000,25.0
MeyGen AR54,Highland and Islands,KW1 4YH,,,,AR5-MAR-510,Allocation Round 5,Tidal Stream,Transmission,Pre-MDD,2031-06-30 00:00:00.0000000,1.6
Yelvertoft Solar Farm,East Midlands,NN6 6NA,39990.609,39990.609,4209.035,AR4-YSF-700,Allocation Round 4,Solar PV,Distribution,Live (Post-FIC),2025-10-28 00:00:00.0000000,36.09
Pentland Floating Offshore Wind Farm Phase 2,Highland and Islands,KW14 7TZ,,,,AR7-PFO-912,Allocation Round 7,Floating Offshore Wind,Transmission,Pre-MDD,2031-09-29 00:00:00.0000000,55.5
Whitecross Solar Farm,East Midlands,NG34 9NS,59125.142,38412.275,6239.591,AR4-NEL-700,Allocation Round 4,Solar PV,Distribution,Live (Post-FIC),2025-03-31 00:00:00.0000000,23.0
Hinckley,West Midlands,LE10 3DP,,,,AR5-HIN-700,Allocation Round 5,Solar PV,Distribution,Pre-MDD,2028-03-31 00:00:00.0000000,35.0
Chillington Estate,West Midlands,WV8 1RB,,,,AR7-CES-700,Allocation Round 7,Solar PV,Distribution,Pre-MDD,2029-01-01 00:00:00.0000000,40.0
Kitland Solar Farm,South West England,BS40 5HT,,,,AR7-KIS-700,Allocation Round 7,Solar PV,Distribution,Pre-MDD,2029-03-31 00:00:00.0000000,39.99
OUSE VALLEY SOLAR FARM CIC,South East England,BN85RR,,,,AR7-OVS-700,Allocation Round 7,Solar PV,Distribution,Pre-MDD,2028-04-01 00:00:00.0000000,10.0
Strathy Wood Windfarm,Highland and Islands,KW13 6YU,,,,AR5-SWW-610,Allocation Round 5,Onshore Wind,Transmission,Pre-Start Date,2027-04-01 00:00:00.0000000,62.7
Preston Farm Solar Park,South East England,RG25 2DS,1777.201,1777.201,186.741,AR5-PRS-700,Allocation Round 5,Solar PV,Distribution,Live (Pre-FIC),2026-08-01 00:00:00.0000000,20.0
Totmonslow Solar,West Midlands,ST10 4JJ,,,,AR7-TOS-700,Allocation Round 7,Solar PV,Distribution,Pre-MDD,2026-08-01 00:00:00.0000000,17.59
MORLAIS Tidal Tech GR1 W1.1,North West Wales,LL65 1YL,,,,AR7-MTT-510,Allocation Round 7,Tidal Stream,Transmission,Pre-MDD,2028-04-04 00:00:00.0000000,3.0
Kilgallioch windfarm extension,Scotland South,DG8 0PE,,,,AR4-KWE-610,Allocation Round 4,Onshore Wind,Transmission,Pre-Start Date,2027-03-31 00:00:00.0000000,51.3
Locks Farm Solar,South East England,SO32 1DR,,,,AR6-NSO-700,Allocation Round 6,Solar PV,Distribution,Pre-MDD,2028-01-01 00:00:00.0000000,13.1
Wickham Hall,East of England,CM23 1JH,,,,AR7-WIH-700,Allocation Round 7,Solar PV,Distribution,Pre-MDD,2028-03-01 00:00:00.0000000,40.0
Bettyhill Wind Farm Phase 2,Highland and Islands,KW14 7SQ,,,,AR7-BWP-600,Allocation Round 7,Onshore Wind,Distribution,Pre-MDD,2028-03-01 00:00:00.0000000,48.0
Locquiers Solar Farm,South West England,GL17 0HQ,,,,AR5-LOS-700,Allocation Round 5,Solar PV,Distribution,Pre-Start Date,2027-04-30 00:00:00.0000000,12.0
Billsbrae,"Tayside, Central and Fife",KY4 8EY,,,,AR6-BIL-700,Allocation Round 6,Solar PV,Distribution,Pre-MDD,2027-12-20 00:00:00.0000000,25.0
Scurf Dyke Solar,Yorkshire and The Humber,YO25 9RD,45883.377,45883.377,4821.223,AR4-SDS-700,Allocation Round 4,Solar PV,Distribution,Live (Post-FIC),2026-04-01 00:00:00.0000000,49.9
Hulam Solar Farm,North East England,TS27 4SA,,,,AR5-HUS-700,Allocation Round 5,Solar PV,Distribution,Pre-MDD,2028-01-01 00:00:00.0000000,49.99
Yanel Farm Solar,South West England,BS25 5QQ,,,,AR6-YAS-700,Allocation Round 6,Solar PV,Distribution,Pre-MDD,2028-04-01 00:00:00.0000000,36.0
Sandon Brook,East of England,CM3 8BD,,,,AR5-SAB-700,Allocation Round 5,Solar PV,Distribution,Pre-MDD,2028-03-31 00:00:00.0000000,41.7
Bicker Fen Solar Limited,East Midlands,PE24 5AY,22401.437,14764.236,2362.765,AR4-MFS-700,Allocation Round 4,Solar PV,Distribution,Live (Post-FIC),2025-04-24 00:00:00.0000000,18.164
Clashindarroch II Wind Farm,Aberdeen and North East,AB544YL,,,,AR6-CLI-600,Allocation Round 6,Onshore Wind,Distribution,Pre-MDD,2028-03-31 00:00:00.0000000,63.0
Sheepwash Solar Farm,South East England,TN12 9NX,,,,AR6-SHP-700,Allocation Round 6,Solar PV,Distribution,Pre-MDD,2027-05-01 00:00:00.0000000,49.99
Parkgate Farm Solar,East of England,CM8 3PS,,,,AR6-PAS-700,Allocation Round 6,Solar PV,Distribution,Pre-MDD,2028-03-31 00:00:00.0000000,18.0
Beatrice Offshore Wind Farm Limited (Phase 2),Aberdeen and North East,AB55 5NY,8288682.823,1279634.507,1118301.375,INV-BEA-002,Investment Contract,Offshore Wind,Transmission,Live (Post-FIC),,336.0
Caldecote Manor Farm,East of England,PE19 6XH,,,,AR7-CMA-700,Allocation Round 7,Solar PV,Distribution,Pre-MDD,2028-03-01 00:00:00.0000000,18.2
Brenig Wind Farm,North West Wales,LL16 5RN,770165.958,110113.894,103133.658,AAA-BRE-177,Allocation Round 1,Onshore Wind,Distribution,Live (Post-FIC),,37.6
Dogger Bank C P3,North East England,TS6 8DN,,,,AR3-DP3-303,Allocation Round 3,Offshore Wind,Transmission,Pre-Start Date,2027-07-01 00:00:00.0000000,456.6
HW25,South West England,PL15 8UB,,,,AR7-HWT-700,Allocation Round 7,Solar PV,Distribution,Pre-MDD,2028-05-31 00:00:00.0000000,32.0
Oaklands Solar Farm,South Central Wales,CF5 6TQ,,,,AR7-OAS-700,Allocation Round 7,Solar PV,Distribution,Pre-MDD,2027-04-02 00:00:00.0000000,49.99
Belvoir,East Midlands,NG13 0DZ,,,,AR7-BEE-700,Allocation Round 7,Solar PV,Distribution,Pre-MDD,2028-04-01 00:00:00.0000000,49.9
Layer,East of England,CO2 0LS,68418.479,63483.4,7213.647,AR4-LYR-700,Allocation Round 4,Solar PV,Distribution,Live (Post-FIC),2025-06-30 00:00:00.0000000,45.0
Golticlay Wind Farm 2,Highland and Islands,KW3 6DA,,,,AR7-GWT-600,Allocation Round 7,Onshore Wind,Distribution,Pre-MDD,2028-05-01 00:00:00.0000000,13.2
Ducklington Solar,South East England,OX29 7YL,,,,AR6-DUS-700,Allocation Round 6,Solar PV,Distribution,Pre-MDD,2028-03-31 00:00:00.0000000,18.0
Cullerlie Solar PV,Aberdeen and North East,AB32 6XA,,,,AR4-CSP-700,Allocation Round 4,Solar PV,Distribution,Pre-Start Date,2026-06-30 00:00:00.0000000,8.75
Anglesey,North West Wales,LL65 3SL,,,,AR5-ANG-700,Allocation Round 5,Solar PV,Distribution,Pre-MDD,2028-03-31 00:00:00.0000000,28.5
Raspberry,South East England,ME9 8QG,,,,AR7-RAA-700,Allocation Round 7,Solar PV,Distribution,Pre-MDD,2027-04-01 00:00:00.0000000,49.9
West Burton Solar Project - AR7 - Site 1,East Midlands,LN1 2ZS,,,,AR7-WEB-710,Allocation Round 7,Solar PV,Transmission,Pre-MDD,2029-03-31 00:00:00.0000000,90.1
Grange Farm Palgrave,East of England,IP22 1AZ,,,,AR7-GRP-700,Allocation Round 7,Solar PV,Distribution,Pre-MDD,2027-04-01 00:00:00.0000000,12.0
Berkeley,South West England,GL13 9ED,,,,AR6-BER-700,Allocation Round 6,Solar PV,Distribution,Pre-MDD,2028-03-31 00:00:00.0000000,34.58
Glendye Wind Farm,Aberdeen and North East,AB31 6LT,,,,AR7-GLW-610,Allocation Round 7,Onshore Wind,Transmission,Pre-MDD,2030-03-29 00:00:00.0000000,124.8
Blythe House Solar Farm Limited,West Midlands,ST10 4JN,,,,AR7-BLH-700,Allocation Round 7,Solar PV,Distribution,Pre-MDD,2029-03-31 00:00:00.0000000,45.3
Bracks Farm Solar Park,East of England,CB7 5XT,15926.676,15926.676,1673.505,AR4-BFS-700,Allocation Round 4,Solar PV,Distribution,Live (Post-FIC),2026-04-01 00:00:00.0000000,20.0
Golticlay Wind Farm,Highland and Islands,KW3 6DA,,,,AR6-GOW-600,Allocation Round 6,Onshore Wind,Distribution,Pre-MDD,2027-04-01 00:00:00.0000000,62.7
Litchardon Solar Farm,South West England,EX31 3QE,63992.451,32616.768,6771.016,AR4-LSF-700,Allocation Round 4,Solar PV,Distribution,Live (Post-FIC),2025-01-01 00:00:00.0000000,49.9
Kiln Fields Solar Park,South East England,RG27 8TE,12211.263,12211.263,1283.106,AR6-KFS-700,Allocation Round 6,Solar PV,Distribution,Live (Post-FIC),2026-04-01 00:00:00.0000000,15.0
Orbital Marine Eday 5,Highland and Islands,KW17 2AA,,,,AR7-OMA-504,Allocation Round 7,Tidal Stream,Distribution,Pre-MDD,2030-06-01 00:00:00.0000000,2.4
Hagshaw Hill Repowering,Scotland South,ML11 0SE,,,,AR4-HHR-610,Allocation Round 4,Onshore Wind,Transmission,Live (Pre-FIC),2027-03-31 00:00:00.0000000,79.8
Land at Dawley Road (New Works),West Midlands,TF6 5BS,,,,AR5-LAD-700,Allocation Round 5,Solar PV,Distribution,Pre-MDD,2028-03-03 00:00:00.0000000,21.0
Moray Offshore Windfarm (East) Phase 1,Highland and Islands,KW6 6EL,1311807.309,491338.785,139078.981,AR2-MRY-107,Allocation Round 2,Offshore Wind,Transmission,Live (Post-FIC),2024-03-04 00:00:00.0000000,309.469
Toot Hill Farm,East of England,CM59SQ,,,,AR7-TOH-700,Allocation Round 7,Solar PV,Distribution,Pre-MDD,2027-07-01 00:00:00.0000000,18.0
Hale Farm,South East England,HP22 5AX,,,,AR7-HAA-700,Allocation Round 7,Solar PV,Distribution,Pre-MDD,2027-04-01 00:00:00.0000000,40.0
Black Flatts Solar Farm,West Midlands,WS15 3HT,,,,AR5-BFS-700,Allocation Round 5,Solar PV,Distribution,Pre-MDD,2027-12-30 00:00:00.0000000,42.0
Oulton Solar Farm Phase 2,East of England,NR11 6AF,,,,AR4-OSF-700,Allocation Round 4,Solar PV,Distribution,Pre-Start Date,2026-08-24 00:00:00.0000000,6.0
Stowey Road,South West England,BS39 5TQ,,,,AR7-STR-700,Allocation Round 7,Solar PV,Distribution,Pre-MDD,2028-03-01 00:00:00.0000000,49.9
Tacher Turbines,Highland and Islands,KW5 6DX,,,,AR6-TAT-600,Allocation Round 6,Onshore Wind,Distribution,Pre-MDD,2026-10-01 00:00:00.0000000,12.9
Houndbeare Farm Solar Farm,South West England,EX5 2EZ,3265.947,3265.947,343.172,AR4-HFS-700,Allocation Round 4,Solar PV,Distribution,Live (Pre-FIC),2026-06-30 00:00:00.0000000,10.53
Old Hall Solar Farm,East Midlands,LE14 3PP,,,,AR7-OHS-700,Allocation Round 7,Solar PV,Distribution,Pre-MDD,2028-09-01 00:00:00.0000000,17.91
Talgren Solar Ltd,South East Wales,CF72 8LQ,,,,AR7-TSO-700,Allocation Round 7,Solar PV,Distribution,Pre-MDD,2027-04-01 00:00:00.0000000,7.23
Claydon,South West England,GL20 7BH,,,,AR4-CLY-700,Allocation Round 4,Solar PV,Distribution,Pre-Start Date,2026-07-31 00:00:00.0000000,45.0
Deptford Farm PV & Battery,South West England,EX37 9BP,,,,AR7-DPB-700,Allocation Round 7,Solar PV,Distribution,Pre-MDD,2029-02-01 00:00:00.0000000,30.0
Clash Gour Wind Farm,Aberdeen and North East,IV36 2QH,,,,AR5-CGW-610,Allocation Round 5,Onshore Wind,Transmission,Pre-MDD,2029-10-31 00:00:00.0000000,168.75
Walpole Green Limited,East of England,PE14 7JA,,,,AR4-WGL-710,Allocation Round 4,Solar PV,Transmission,Pre-Start Date,2026-12-17 00:00:00.0000000,34.2
CLIFTON,South West England,BA22 9UZ,,,,AR4-CLF-700,Allocation Round 4,Solar PV,Distribution,Pre-Start Date,2026-08-01 00:00:00.0000000,35.0
Enso Green Holdings I Limited,Yorkshire and The Humber,DN7 4BX,,,,AR5-ENG-710,Allocation Round 5,Solar PV,Transmission,Pre-MDD,2028-10-27 00:00:00.0000000,57.0
PERWINNES SOLAR AND BATTERY STORAGE LIMITED,Aberdeen and North East,AB21 7AP,,,,AR7-PSA-700,Allocation Round 7,Solar PV,Distribution,Pre-MDD,2029-03-31 00:00:00.0000000,45.0
Coire Na Cloiche Windfarm,Highland and Islands,IV19 1LH,470350.817,61569.489,62175.916,AAA-COI-196,Allocation Round 1,Onshore Wind,Distribution,Live (Post-FIC),,30.0
Berwick Bank Phase B (Phase 2),Edinburgh and Lothians,EH42 1SF,,,,AR7-BBP-012,Allocation Round 7,Offshore Wind,Transmission,Pre-MDD,2031-04-01 00:00:00.0000000,460.0
Hornsea Offshore Wind Farm Phase 1,Yorkshire and The Humber,DN40 3NR,11828247.712,1742704.08,1574523.045,INV-HOR-001,Investment Contract,Offshore Wind,Transmission,Live (Post-FIC),,400.0
Chestnut Solar Farm,East Midlands,LE74UZ,,,,AR6-CHE-700,Allocation Round 6,Solar PV,Distribution,Pre-MDD,2026-08-31 00:00:00.0000000,20.0
Orkney Community Wind Farm Project - Quanterness,Highland and Islands,KW15 1TX,,,,AR4-OKN-900,Allocation Round 4,Remote Island Wind,Distribution,Pre-MDD,2028-09-15 00:00:00.0000000,28.8
Mynydd Y Gwair Wind Farm,South West Wales,SA5 7PX,723683.834,110112.762,93605.482,AAA-MYN-178,Allocation Round 1,Onshore Wind,Distribution,Live (Post-FIC),,32.215
Park Hill Energy Extension,"Tayside, Central and Fife",DD11 5RG,,,,AR6-HEE-700,Allocation Round 6,Solar PV,Distribution,Pre-MDD,2028-03-31 00:00:00.0000000,8.0
MeyGen AR62,Highland and Islands,KW14YH,,,,AR6-MED-510,Allocation Round 6,Tidal Stream,Transmission,Pre-MDD,2031-06-30 00:00:00.0000000,9.0
Nanclach Wind Farm,Aberdeen and North East,IV12 5RQ,807611.218,106654.949,105222.275,AAA-NAN-184,Allocation Round 1,Onshore Wind,Distribution,Live (Post-FIC),,39.1
Aberthaw East,South Central Wales,CF62 3BJ,,,,AR7-ABE-700,Allocation Round 7,Solar PV,Distribution,Pre-MDD,2030-03-30 00:00:00.0000000,20.0
UKZ015 Mallows,East Midlands,PE22 0TL,,,,AR7-UKM-700,Allocation Round 7,Solar PV,Distribution,Pre-MDD,2027-10-29 00:00:00.0000000,10.0
Grey Street Solar Ltd (Fiskerton 3),East Midlands,LN3 4EZ,,,,AR6-GSS-700,Allocation Round 6,Solar PV,Distribution,Pre-MDD,2026-07-01 00:00:00.0000000,49.9
Triton Knoll Offshore Wind Farm Phase 3,East Midlands,PE20 3BN,4755159.874,1537943.197,501980.047,AR2-TKN-303,Allocation Round 2,Offshore Wind,Transmission,Live (Post-FIC),2023-04-01 00:00:00.0000000,423.7
UKZ024 Station Road,East of England,NR15 2AJ,,,,AR7-USR-700,Allocation Round 7,Solar PV,Distribution,Pre-MDD,2027-10-25 00:00:00.0000000,15.0
UKZ139 Apple Tree,East of England,IP19 0JR,,,,AR7-UAT-700,Allocation Round 7,Solar PV,Distribution,Pre-MDD,2027-10-29 00:00:00.0000000,27.0
Ashorne,West Midlands,CV33 9JY,,,,AR5-ASH-700,Allocation Round 5,Solar PV,Distribution,Pre-Start Date,2028-01-01 00:00:00.0000000,49.9
Arecleoch Wind Farm Extension,Glasgow and Strathclyde,KA26 0QH,,,,AR4-AWF-610,Allocation Round 4,Onshore Wind,Transmission,Pre-Start Date,2027-03-31 00:00:00.0000000,74.1
Rayleigh Fobbing,East of England,SS17 9JW,,,,AR6-RAF-710,Allocation Round 6,Solar PV,Transmission,Pre-MDD,2028-03-31 00:00:00.0000000,49.9
Camilty Wind Farm,Edinburgh and Lothians,EH55 8RH,,,,AR6-CAW-600,Allocation Round 6,Onshore Wind,Distribution,Pre-MDD,2027-01-01 00:00:00.0000000,21.6
Corner Copse,South West England,SN6 7SE,,,,AR4-CCP-700,Allocation Round 4,Solar PV,Distribution,Pre-Start Date,2026-11-01 00:00:00.0000000,49.9
Limekiln Wind Farm,Highland and Islands,KW14 7RH,,,,AR5-LIW-610,Allocation Round 5,Onshore Wind,Transmission,Pre-Start Date,2028-03-31 00:00:00.0000000,106.0
Dogger Bank South West CfD Unit A Phase 2,Yorkshire and The Humber,HU16 5SB,,,,AR7-DBS-012,Allocation Round 7,Offshore Wind,Transmission,Pre-MDD,2031-11-30 00:00:00.0000000,558.0
Hinkley Point C,South West England,TA5 1UD,,,,NUC-HPC-198,Bespoke,Nuclear,Transmission,Pre-MDD,,3287.16
MeyGen AR51,Highland and Islands,KW1 4YH,,,,AR5-MEY-510,Allocation Round 5,Tidal Stream,Transmission,Pre-MDD,2031-06-30 00:00:00.0000000,11.8
Sneddon Law Community Wind Farm,Glasgow and Strathclyde,KA4 8PP,178473.743,84165.378,18917.771,AAA-SNE-179,Allocation Round 1,Onshore Wind,Distribution,Live (Post-FIC),2024-04-01 00:00:00.0000000,29.813
Saffron Walden,East of England,CB10 2LJ,,,,AR5-SAW-700,Allocation Round 5,Solar PV,Distribution,Pre-MDD,2028-03-31 00:00:00.0000000,12.0
Little Crow Solar Park,Yorkshire and The Humber,DN20 0BQ,,,,AR6-LCS-700,Allocation Round 6,Solar PV,Distribution,Pre-MDD,2028-03-31 00:00:00.0000000,99.9
Harbury,West Midlands,CV47 2SL,,,,AR5-HAR-700,Allocation Round 5,Solar PV,Distribution,Pre-MDD,2028-03-31 00:00:00.0000000,40.0
Low Farm Solar Farm,Yorkshire and The Humber,WF4 4BB,,,,AR6-LSO-700,Allocation Round 6,Solar PV,Distribution,Pre-MDD,2027-12-01 00:00:00.0000000,49.9
Kings Lynn,East of England,PE32 2DA,,,,AR5-KIL-700,Allocation Round 5,Solar PV,Distribution,Pre-MDD,2028-04-03 00:00:00.0000000,49.9
Pearie Law II Wind Farm Ltd,Edinburgh and Lothians,EH55 8LT,,,,AR5-PLI-600,Allocation Round 5,Onshore Wind,Distribution,Pre-MDD,2028-03-31 00:00:00.0000000,20.7
Chleansaid Wind Farm,Highland and Islands,IV27 4DJ,,,,AR6-CHW-610,Allocation Round 6,Onshore Wind,Transmission,Pre-MDD,2028-11-01 00:00:00.0000000,96.0
WOODINGTON SOLAR LIMITED,South East England,SO51 6DQ,,,,AR5-WOS-700,Allocation Round 5,Solar PV,Distribution,Pre-MDD,2028-03-31 00:00:00.0000000,44.0
Dudgeon Phase 2,East of England,PE37 8EG,7559204.806,903735.762,1318418.739,INV-DUD-002,Investment Contract,Offshore Wind,Transmission,Live (Post-FIC),,206.23
Pencloe Wind Farm,Glasgow and Strathclyde,KA184PR,,,,AR7-PEW-610,Allocation Round 7,Onshore Wind,Transmission,Pre-MDD,2026-09-30 00:00:00.0000000,72.0
California Farm Battery Storage and Solar Plant,North East England,TS21 1ED,,,,AR7-CBS-700,Allocation Round 7,Solar PV,Distribution,Pre-MDD,2027-12-02 00:00:00.0000000,49.9
Bramford Green Limited,East of England,IP8 4JL,,,,AR6-BRG-710,Allocation Round 6,Solar PV,Transmission,Pre-Start Date,2028-04-01 00:00:00.0000000,22.5
Galton Manor Solar Farm,South West England,DT2 8BZ,,,,AR5-GMS-700,Allocation Round 5,Solar PV,Distribution,Pre-MDD,2029-06-29 00:00:00.0000000,20.0
PERRINPIT ROAD SOLAR LIMITED,South West England,BS36 2AT,,,,AR5-PER-700,Allocation Round 5,Solar PV,Distribution,Pre-MDD,2028-04-01 00:00:00.0000000,38.63
Melksham Calne Green,South West England,SN12 8LZ,,,,AR5-MCG-710,Allocation Round 5,Solar PV,Transmission,Pre-Start Date,2027-10-01 00:00:00.0000000,18.3
Rayleigh Solar Farm,East of England,SS6 9tQ,,,,AR6-RAS-700,Allocation Round 6,Solar PV,Distribution,Pre-MDD,2028-03-31 00:00:00.0000000,30.0
LOWER TEAN LEYS SOLAR FARM LIMITED,West Midlands,ST10 4NS,,,,AR7-LTL-700,Allocation Round 7,Solar PV,Distribution,Pre-MDD,2029-03-31 00:00:00.0000000,49.9
HIGHER STOCKBRIDGE,South West England,DT9 6EP,,,,AR4-HST-700,Allocation Round 4,Solar PV,Distribution,Pre-Start Date,2027-07-15 00:00:00.0000000,35.0
Burnt House Farm,North East England,NE22 6AZ,,,,AR5-BUH-700,Allocation Round 5,Solar PV,Distribution,Pre-MDD,2027-04-01 00:00:00.0000000,40.0
Cowley House Solar Farm,North East England,TS21 3HG,,,,AR4-CHS-700,Allocation Round 4,Solar PV,Distribution,Pre-Start Date,2026-08-10 00:00:00.0000000,40.0
Mount Farm Solar,West Midlands,WR12 7JA,,,,AR7-MOU-700,Allocation Round 7,Solar PV,Distribution,Pre-MDD,2027-10-31 00:00:00.0000000,25.0
North Dairy Solar Park,South West England,DT2 7EA,,,,AR6-NDS-700,Allocation Round 6,Solar PV,Distribution,Pre-MDD,2028-03-31 00:00:00.0000000,47.0
Charity Farm,West Midlands,SY4 5TA,139735.531,15016.524,26780.184,AAA-LIG-176,Allocation Round 1,Solar PV,Distribution,Live (Post-FIC),,11.94
Sofia Offshore Wind Farm Phase 2,North East England,TS1 1DS,,,,AR3-SOW-102,Allocation Round 3,Offshore Wind,Transmission,Pre-Start Date,2026-09-30 00:00:00.0000000,420.0
North Fossil Solar Farm,South West England,DT2 8DB,,,,AR4-NFS-700,Allocation Round 4,Solar PV,Distribution,Pre-Start Date,2030-05-01 00:00:00.0000000,29.4
Seagreen Phase 2,"Tayside, Central and Fife",DD3 0PY,,,,AR3-SEW-102,Allocation Round 3,Offshore Wind,Transmission,Pre-Start Date,2027-03-30 00:00:00.0000000,158.0
Rolleston Farm Park 2,West Midlands,DE13 9HQ,,,,AR7-ROT-700,Allocation Round 7,Solar PV,Distribution,Pre-MDD,2026-04-06 00:00:00.0000000,12.0
Bengrove Solar Farm,South West England,GL2 9NU,,,,AR7-BEB-700,Allocation Round 7,Solar PV,Distribution,Pre-MDD,2029-02-05 00:00:00.0000000,15.0
Sallachy Wind farm,Highland and Islands,IV274NY,,,,AR7-SWI-600,Allocation Round 7,Onshore Wind,Distribution,Pre-MDD,2030-03-30 00:00:00.0000000,44.1
West House Solar Farm,North East England,TS21 4BA,,,,AR6-WHS-700,Allocation Round 6,Solar PV,Distribution,Pre-MDD,2027-08-19 00:00:00.0000000,41.4
Marsh Lane Solar Farm,East of England,IP22 1BA,,,,AR7-MAL-700,Allocation Round 7,Solar PV,Distribution,Pre-MDD,2029-03-31 00:00:00.0000000,30.0
Orbital Marine Eday 4,Highland and Islands,KW17 2AA,,,,AR5-OME-504,Allocation Round 5,Tidal Stream,Distribution,Pre-Start Date,2028-03-16 00:00:00.0000000,4.8
Penhallow Geothermal Power Plant,South West England,TR4 9LT,,,,AR5-PGP-800,Allocation Round 5,Geothermal,Distribution,Pre-MDD,2027-10-01 00:00:00.0000000,5.0
Manor Farm Solar Plant,South East England,MK19 6DT,,,,AR7-MSP-700,Allocation Round 7,Solar PV,Distribution,Pre-MDD,2027-04-01 00:00:00.0000000,25.0
HANNINGFIELD GREEN LIMITED,East of England,CM2 7TD,,,,AR7-HAG-700,Allocation Round 7,Solar PV,Distribution,Pre-MDD,2027-07-01 00:00:00.0000000,36.7
Lodge Hill Solar Park,South West England,BA13 4AR,,,,AR7-LHI-700,Allocation Round 7,Solar PV,Distribution,Pre-MDD,2028-03-31 00:00:00.0000000,12.0
GWL25,South West Wales,SA4 9EX,,,,AR7-GWL-700,Allocation Round 7,Solar PV,Distribution,Pre-MDD,2027-09-30 00:00:00.0000000,16.26
Cox's Brook Solar Park,South West England,GL2 9PG,,,,AR7-COB-700,Allocation Round 7,Solar PV,Distribution,Pre-MDD,2027-04-01 00:00:00.0000000,16.0
Parc Dyffryn,South Central Wales,CF5 6ST,,,,AR7-PAD-700,Allocation Round 7,Solar PV,Distribution,Pre-MDD,2029-09-29 00:00:00.0000000,49.95
Moorshield Wind Farm,Glasgow and Strathclyde,G77 6SQ,,,,AR7-MWI-600,Allocation Round 7,Onshore Wind,Distribution,Pre-MDD,2029-03-31 00:00:00.0000000,18.0
Tycroes solar farm,Mid and West Wales,SA18 3RE,8528.22,8528.22,896.108,AR4-TSF-700,Allocation Round 4,Solar PV,Distribution,Live (Pre-FIC),2026-06-30 00:00:00.0000000,31.575
Energyfarm UK Hare Craig LLP,Glasgow and Strathclyde,KA18 3SA,,,,AR5-EUH-610,Allocation Round 5,Onshore Wind,Transmission,Pre-MDD,2027-10-31 00:00:00.0000000,46.2
Kirk Hill Wind Farm,Glasgow and Strathclyde,KA26 9SP,,,,AR6-KHW-600,Allocation Round 6,Onshore Wind,Distribution,Pre-MDD,2026-08-01 00:00:00.0000000,7.05
BF27 BF SOLAR LIMITED,North East England,DL13 5AW,,,,AR7-BBS-700,Allocation Round 7,Solar PV,Distribution,Pre-MDD,2028-04-01 00:00:00.0000000,40.0
Grantham,East Midlands,NG32 2DF,,,,AR7-GRA-700,Allocation Round 7,Solar PV,Distribution,Pre-MDD,2030-03-30 00:00:00.0000000,33.0
Green Volt Offshore Windfarm (GV01),Aberdeen and North East,AB53 6XS,,,,AR6-GVO-910,Allocation Round 6,Floating Offshore Wind,Transmission,Pre-MDD,2029-03-31 00:00:00.0000000,400.0
Costa Head Wind Farm,Highland and Islands,KW17 2NW,,,,AR3-CHW-002,Allocation Round 3,Remote Island Wind,Transmission,Pre-MDD,2028-06-30 00:00:00.0000000,16.32
Inch Cape B,Edinburgh and Lothians,EH32 0JA,,,,AR6-ICB-010,Allocation Round 6,Offshore Wind,Transmission,Pre-MDD,2027-07-31 00:00:00.0000000,88.7
Magallanes EMEC Berth 1 Extension,Highland and Islands,KW17 2AA,,,,AR6-MEM-500,Allocation Round 6,Tidal Stream,Distribution,Pre-MDD,2029-03-31 00:00:00.0000000,3.0
Honeyhall,South West England,BS49 5JN,,,,AR7-HON-700,Allocation Round 7,Solar PV,Distribution,Pre-MDD,2028-10-31 00:00:00.0000000,30.0
Cowley Baldon Green Limited,South East England,OX44 9PA,,,,AR5-CBG-710,Allocation Round 5,Solar PV,Transmission,Pre-Start Date,2027-04-01 00:00:00.0000000,49.2
Copse Lodge,East Midlands,NN13 6EB,,,,AR6-COL-700,Allocation Round 6,Solar PV,Distribution,Pre-MDD,2028-01-01 00:00:00.0000000,9.98
Solwaybank Wind Farm,Scotland South,DG14 0XS,472188.929,102089.203,51507.874,AAA-SOL-181,Allocation Round 1,Onshore Wind,Distribution,Live (Post-FIC),2020-11-27 00:00:00.0000000,29.93
MORETON MORRELL SOLAR LIMITED,West Midlands,CV35 9DQ,,,,AR7-MMS-700,Allocation Round 7,Solar PV,Distribution,Pre-MDD,2029-03-31 00:00:00.0000000,20.0
Birch,East of England,CO2 0NN,,,,AR5-BIS-700,Allocation Round 5,Solar PV,Distribution,Pre-MDD,2028-03-31 00:00:00.0000000,25.0
Three Bridges,East of England,NR20 3EJ,,,,AR7-THB-700,Allocation Round 7,Solar PV,Distribution,Pre-MDD,2027-04-01 00:00:00.0000000,15.0
Parc Caenewydd PV & BESS,South West Wales,SA4 4LN,,,,AR7-PCP-700,Allocation Round 7,Solar PV,Distribution,Pre-MDD,2027-12-02 00:00:00.0000000,44.0
Dogger Bank C P1,North East England,TS6 8DN,,,,AR3-DP3-301,Allocation Round 3,Offshore Wind,Transmission,Pre-Start Date,2027-07-01 00:00:00.0000000,302.4
Dogger Bank B P1,Yorkshire and The Humber,HU16 5SB,,,,AR3-DP2-201,Allocation Round 3,Offshore Wind,Transmission,Pre-Start Date,2027-01-01 00:00:00.0000000,302.4
Gunthorpe Road,East Midlands,PE14 7JH,,,,AR6-GUR-710,Allocation Round 6,Solar PV,Transmission,Pre-MDD,2028-03-31 00:00:00.0000000,49.9
Staveley Solar Farm,East Midlands,LE15 9NS,,,,AR7-STA-700,Allocation Round 7,Solar PV,Distribution,Pre-MDD,2027-09-30 00:00:00.0000000,40.0
Upper Ogmore Wind Farm,South East Wales,CF32 8AH,,,,AR7-UOW-600,Allocation Round 7,Onshore Wind,Distribution,Pre-MDD,2029-03-31 00:00:00.0000000,25.8
Brogborough Solar Farm,East of England,MK43 0TN,,,,AR7-BRO-700,Allocation Round 7,Solar PV,Distribution,Pre-MDD,2027-04-02 00:00:00.0000000,30.5
Berryhill Solar Farm,"Tayside, Central and Fife",DD2 5LN,,,,AR5-BES-700,Allocation Round 5,Solar PV,Distribution,Pre-MDD,2028-01-01 00:00:00.0000000,45.0
Fibden Farm,West Midlands,WR9 0NA,,,,AR7-FIB-700,Allocation Round 7,Solar PV,Distribution,Pre-MDD,2028-03-01 00:00:00.0000000,32.0
Rowley Hill,East of England,CB9 7JU,,,,AR7-ROH-700,Allocation Round 7,Solar PV,Distribution,Pre-MDD,2028-10-30 00:00:00.0000000,16.0
Guisborough Estate,North East England,TS14 6QX,,,,AR7-GUE-700,Allocation Round 7,Solar PV,Distribution,Pre-MDD,2029-01-01 00:00:00.0000000,39.6
Braintree,East of England,CM77 8DS,28111.677,28111.677,2957.945,AR4-BRN-700,Allocation Round 4,Solar PV,Distribution,Live (Post-FIC),2025-12-17 00:00:00.0000000,26.0
High Park Foot Solar PV,North West England,CA6 6NH,,,,AR4-HPF-700,Allocation Round 4,Solar PV,Distribution,Pre-Start Date,2027-03-01 00:00:00.0000000,20.0
Walney Extension Offshore Wind Farm Phase 1,North West England,LA3 3QP,10867099.997,1274009.627,1827554.385,INV-WAL-001,Investment Contract,Offshore Wind,Transmission,Live (Post-FIC),,330.0
Lynemouth Power Station,North East England,NE61 5YJ,16604462.205,2797393.007,2668073.658,INV-LYN-001,Investment Contract,Biomass Conversion,Distribution,Live (Post-FIC),,406.79
Priory Generation,East of England,SG4 7EZ,,,,AR7-PRG-710,Allocation Round 7,Solar PV,Transmission,Pre-MDD,2029-03-31 00:00:00.0000000,34.56
Rag Lane Solar,South West England,G12 8LD,,,,AR4-RLS-700,Allocation Round 4,Solar PV,Distribution,Pre-Start Date,2026-07-19 00:00:00.0000000,38.84
Cotmoor,East Midlands,NG25 0QP,,,,AR5-COT-700,Allocation Round 5,Solar PV,Distribution,Pre-Start Date,2028-01-01 00:00:00.0000000,49.9
Keithick,"Tayside, Central and Fife",PH13 9HE ,,,,AR7-KEI-700,Allocation Round 7,Solar PV,Distribution,Pre-MDD,2029-03-30 00:00:00.0000000,16.0
Hasland Solar Farm,East Midlands,S44 5XH,,,,AR4-HSF-700,Allocation Round 4,Solar PV,Distribution,Pre-Start Date,2027-05-02 00:00:00.0000000,49.9
ENERGYFARM UK GARBET LLP,Aberdeen and North East,AB55 4DQ,,,,AR5-EUG-600,Allocation Round 5,Onshore Wind,Distribution,Pre-Start Date,2026-10-31 00:00:00.0000000,39.9
Lains Farm Solar Limited,South East England,SP11 8PX,,,,AR7-LAA-700,Allocation Round 7,Solar PV,Distribution,Pre-MDD,2029-03-31 00:00:00.0000000,18.0
Wellbank,"Tayside, Central and Fife",DD5 3PN,,,,AR7-WEL-700,Allocation Round 7,Solar PV,Distribution,Pre-MDD,2028-05-31 00:00:00.0000000,25.0
Colchester Solar Farm,East of England,CO6 1RR,,,,AR7-COA-700,Allocation Round 7,Solar PV,Distribution,Pre-MDD,2028-05-01 00:00:00.0000000,15.0
SANQUHAR II COMMUNITY WIND FARM BMU 2,Scotland South,DG3 4NN,,,,AR7-SIC-610,Allocation Round 7,Onshore Wind,Transmission,Pre-MDD,2028-04-01 00:00:00.0000000,186.0
Teesside Renewable Energy Project,North East England,TS6 6UD,3259632.335,1260067.32,345002.243,INV-TEE-001,Investment Contract,Dedicated Biomass,Transmission,Live (Post-FIC),,287.516
Myttons,West Midlands,TF6 6BP,,,,AR4-MYT-710,Allocation Round 4,Solar PV,Transmission,Pre-MDD,2029-04-30 00:00:00.0000000,49.99
Brookthorpe Solar Farm,South West England,GL4 0UT,,,,AR7-BRD-700,Allocation Round 7,Solar PV,Distribution,Pre-MDD,2027-10-01 00:00:00.0000000,8.0
Blarghour Wind Farm,Highland and Islands,PA33 1BW,,,,AR5-BLW-610,Allocation Round 5,Onshore Wind,Transmission,Pre-MDD,2028-09-30 00:00:00.0000000,67.2
Abergorki Wind Farm,South East Wales,CF42 6TF,,,,AR6-AWI-600,Allocation Round 6,Onshore Wind,Distribution,Pre-MDD,2026-06-30 00:00:00.0000000,9.6
Tolldish Hall Farm Solar,West Midlands,CV2 1NR,,,,AR6-THS-700,Allocation Round 6,Solar PV,Distribution,Pre-MDD,2028-03-31 00:00:00.0000000,21.18
Kype Muir Wind Farm,Glasgow and Strathclyde,ML10 6RE,1457565.278,226473.063,200618.551,AAA-BAN-189,Allocation Round 1,Onshore Wind,Transmission,Live (Post-FIC),,87.23
Quarry,South East England,OX29 9UH,,,,AR7-QUA-700,Allocation Round 7,Solar PV,Distribution,Pre-MDD,2028-06-23 00:00:00.0000000,35.0
Meerdyke Solar Farm,East of England,PE14 7DL,,,,AR6-MES-700,Allocation Round 6,Solar PV,Distribution,Pre-MDD,2028-03-31 00:00:00.0000000,49.9
Duxhurst Solar Farm,South East England,RH2 8PT,,,,AR6-DSO-700,Allocation Round 6,Solar PV,Distribution,Pre-MDD,2028-03-31 00:00:00.0000000,19.49
Glenniston Solar Farm,"Tayside, Central and Fife",KY5 0AX,,,,AR6-GLS-700,Allocation Round 6,Solar PV,Distribution,Pre-MDD,2027-04-30 00:00:00.0000000,39.0
Three Oaks Renewable Energy Park,Yorkshire and The Humber,YO25 4NN,,,,AR7-TOR-700,Allocation Round 7,Solar PV,Distribution,Pre-MDD,2028-09-30 00:00:00.0000000,39.0
Callies,South East England,HP17 8XW,,,,AR6-CAL-700,Allocation Round 6,Solar PV,Distribution,Pre-MDD,2028-03-31 00:00:00.0000000,36.56
EMEC Magallanes Berth 1,Highland and Islands,KW17 2AA,,,,AR5-EMB-500,Allocation Round 5,Tidal Stream,Distribution,Pre-MDD,2027-09-01 00:00:00.0000000,1.5
Sunderlandwick Solar PV Farm,Yorkshire and The Humber,YO25 9AD,,,,AR7-SUN-700,Allocation Round 7,Solar PV,Distribution,Pre-MDD,2029-03-01 00:00:00.0000000,35.0
NRT24,North East England,TS21 1EX,,,,AR6-NRT-710,Allocation Round 6,Solar PV,Transmission,Pre-MDD,2028-01-15 00:00:00.0000000,40.9
Hesta Head Wind Farm,Highland and Islands,KW17 2RL,,,,AR3-HHW-001,Allocation Round 3,Remote Island Wind,Transmission,Pre-MDD,2028-06-30 00:00:00.0000000,20.4
Strathy South Wind Farm,Highland and Islands,KW14 7RZ,,,,AR5-SSW-610,Allocation Round 5,Onshore Wind,Transmission,Pre-MDD,2028-03-31 00:00:00.0000000,217.0
Firsfield Solar Farm,East of England,IP31 1BB,,,,AR7-FIS-700,Allocation Round 7,Solar PV,Distribution,Pre-MDD,2028-07-01 00:00:00.0000000,46.99
Norfolk Vanguard West CFD Unit B Phase 1,East of England,PE37 8EG,,,,AR7-NVB-010,Allocation Round 7,Offshore Wind,Transmission,Pre-MDD,2028-04-13 00:00:00.0000000,90.0
Adur Valley,South East England,BN44 3AD,,,,AR6-ADV-700,Allocation Round 6,Solar PV,Distribution,Pre-MDD,2028-03-31 00:00:00.0000000,14.25
Bedworth Solar,West Midlands,CV12 0NE,,,,AR6-BED-700,Allocation Round 6,Solar PV,Distribution,Pre-MDD,2028-03-31 00:00:00.0000000,16.0
Old Malton Solar Farm,Yorkshire and The Humber,YO17 6SB,,,,AR7-OMS-700,Allocation Round 7,Solar PV,Distribution,Pre-MDD,2028-10-02 00:00:00.0000000,49.9
Brynwell Farm Solar,South Central Wales,CF11 8AS,,,,AR7-BRA-700,Allocation Round 7,Solar PV,Distribution,Pre-MDD,2027-09-30 00:00:00.0000000,15.31
Inch Cape Phase 2,Edinburgh and Lothians,EH32 0JA,,,,AR4-ICP-012,Allocation Round 4,Offshore Wind,Transmission,Pre-Start Date,2031-03-29 00:00:00.0000000,300.0
Enso Green Holdings K Limited,East Midlands,NG23 6TH,,,,AR4-EGH-710,Allocation Round 4,Solar PV,Transmission,Pre-MDD,2029-10-31 00:00:00.0000000,49.99
Sandbay,South West England,BS22 9YT,,,,AR7-SAN-700,Allocation Round 7,Solar PV,Distribution,Pre-MDD,2029-03-30 00:00:00.0000000,17.56
MeyGen AR53,Highland and Islands,KW1 4YH,,,,AR5-MEB-510,Allocation Round 5,Tidal Stream,Transmission,Pre-MDD,2031-06-30 00:00:00.0000000,2.94
Dogger Bank A P3,Yorkshire and The Humber,HU16 5SB,,,,AR3-DP1-103,Allocation Round 3,Offshore Wind,Transmission,Pre-Start Date,2027-03-31 00:00:00.0000000,456.6
Burt20 Burtree Lane,North East England,DL2 2XZ,,,,AR5-BBL-700,Allocation Round 5,Solar PV,Distribution,Pre-MDD,2026-09-30 00:00:00.0000000,40.0
Norfolk Vanguard East CFD Unit A Phase 1,East of England,PE37 8EG,,,,AR7-NVE-011,Allocation Round 7,Offshore Wind,Transmission,Pre-MDD,2029-05-15 00:00:00.0000000,525.0
WSE HARTFORD WOOD LIMITED,North East England,NE22 5RS,,,,AR6-WSH-700,Allocation Round 6,Solar PV,Distribution,Pre-MDD,2028-03-31 00:00:00.0000000,49.9
NEXTPOWER HORTON WOOD Ltd,South East England,DA3 8AH,,,,AR6-NHW-700,Allocation Round 6,Solar PV,Distribution,Pre-MDD,2028-01-01 00:00:00.0000000,50.0
Barnsdale Solar Park,Yorkshire and The Humber,WF10 2AX,,,,AR5-BAS-700,Allocation Round 5,Solar PV,Distribution,Pre-MDD,2026-10-28 00:00:00.0000000,40.0
Moorside Solar Farm,North West England,LA1 3JY,,,,AR5-MOS-700,Allocation Round 5,Solar PV,Distribution,Pre-MDD,2029-10-30 00:00:00.0000000,20.0
Rampisham Woods Solar,South West England,DT2 0HS,7064.679,7064.679,743.782,AR5-RWS-700,Allocation Round 5,Solar PV,Distribution,Live (Pre-FIC),2025-12-14 00:00:00.0000000,7.6
Heathland Wind Farm,Glasgow and Strathclyde,ML11 8ER,,,,AR5-HEW-610,Allocation Round 5,Onshore Wind,Transmission,Pre-MDD,2028-03-31 00:00:00.0000000,40.0
Field Form Solar,West Midlands,CV9 2QB,,,,AR7-FFS-700,Allocation Round 7,Solar PV,Distribution,Pre-MDD,2028-04-01 00:00:00.0000000,5.01
Priestgill Wind Farm,Scotland South,ML12 6RW,,,,AR6-PRW-610,Allocation Round 6,Onshore Wind,Transmission,Pre-MDD,2027-03-31 00:00:00.0000000,43.63
Cattybrook Solar Farm,South West England,BS32 4ES,,,,AR7-CAT-700,Allocation Round 7,Solar PV,Distribution,Pre-MDD,2028-05-29 00:00:00.0000000,49.9
High Constellation Wind Farm,Highland and Islands,PA29 6XS,,,,AR4-HCW-610,Allocation Round 4,Onshore Wind,Transmission,Terminated,2025-12-01 00:00:00.0000000,50.0
High Constellation Wind Farm,Highland and Islands,PA29 6XS,,,,AR7-HIC-610,Allocation Round 7,Onshore Wind,Transmission,Pre-MDD,2028-04-01 00:00:00.0000000,50.0
Eastbourne,South East England,BN22 8XS,,,,AR7-EAB-700,Allocation Round 7,Solar PV,Distribution,Pre-MDD,2030-03-30 00:00:00.0000000,17.0
Dudgeon Phase 3,East of England,PE37 8EG,3671115.502,444611.771,636771.806,INV-DUD-003,Investment Contract,Offshore Wind,Transmission,Live (Post-FIC),,100.14
Five Lanes Solar,South West England,SN16 9RX,,,,AR7-FLS-700,Allocation Round 7,Solar PV,Distribution,Pre-MDD,2028-10-31 00:00:00.0000000,31.58
Norfolk Vanguard West CFD Unit C Phase 1,East of England,PE37 8EG,,,,AR7-NOV-010,Allocation Round 7,Offshore Wind,Transmission,Pre-MDD,2028-04-29 00:00:00.0000000,75.0
BROWNHILL WIND FARM,Glasgow and Strathclyde,ML7 5TG,,,,AR6-BRW-600,Allocation Round 6,Onshore Wind,Distribution,Pre-MDD,2028-03-31 00:00:00.0000000,8.4
MOSS LANE FARM SOLAR LIMITED,North West England,CW1 4PN,,,,AR4-MLF-700,Allocation Round 4,Solar PV,Distribution,Pre-MDD,2026-11-30 00:00:00.0000000,25.0
Horsey Level Solar Park,South West England,TA7 8QJ,15908.24,15908.24,1671.568,AR6-HLS-700,Allocation Round 6,Solar PV,Distribution,Live (Post-FIC),2026-04-01 00:00:00.0000000,20.0
Butterhill Solar PV,West Midlands,ST18 9BU,,,,AR7-BUS-700,Allocation Round 7,Solar PV,Distribution,Pre-MDD,2028-11-01 00:00:00.0000000,40.0
UKF092 Tophams,East of England,SG7 5EB,,,,AR7-UKT-700,Allocation Round 7,Solar PV,Distribution,Pre-MDD,2027-10-29 00:00:00.0000000,40.0
Loganhead Wind Farm,Scotland South,DG13 0NW,,,,AR7-LOW-610,Allocation Round 7,Onshore Wind,Transmission,Pre-MDD,2029-03-31 00:00:00.0000000,36.0
Driffield,Yorkshire and The Humber,YO25 8NQ,33404.002,33404.002,3514.582,AR4-DRF-700,Allocation Round 4,Solar PV,Distribution,Live (Pre-FIC),2026-01-15 00:00:00.0000000,30.0
Morlais Mor Energy Zone GO3,North West Wales,LL65 1YL,,,,AR5-MME-500,Allocation Round 5,Tidal Stream,Distribution,Pre-MDD,2027-03-17 00:00:00.0000000,4.5
Crystal Rig IV Ltd,Edinburgh and Lothians,EH42 1SH,,,,AR6-CRI-610,Allocation Round 6,Onshore Wind,Transmission,Pre-MDD,2026-09-01 00:00:00.0000000,48.2
Barnacre Solar Farm,North West England,PR3 1GJ,,,,AR7-BAA-700,Allocation Round 7,Solar PV,Distribution,Pre-MDD,2027-07-30 00:00:00.0000000,23.0
Rhigos Solar,South East Wales,CF44 9UE,,,,AR7-RHS-700,Allocation Round 7,Solar PV,Distribution,Pre-MDD,,7.6
Glen Ullinish,Highland and Islands,IV56 8FE,,,,AR7-GLU-610,Allocation Round 7,Onshore Wind,Transmission,Pre-MDD,2029-03-31 00:00:00.0000000,49.9
Watson Head Wind Farm Limited,Glasgow and Strathclyde,ML2 9PL,,,,AR5-WHW-600,Allocation Round 5,Onshore Wind,Distribution,Pre-Start Date,2027-04-01 00:00:00.0000000,8.4
Preston Farm Solar,South West England,TA4 1PJ,,,,AR6-PSO-700,Allocation Round 6,Solar PV,Distribution,Pre-MDD,2028-03-31 00:00:00.0000000,20.0
Hockliffe,East of England,LU7 9NL,,,,AR6-HOC-700,Allocation Round 6,Solar PV,Distribution,Pre-MDD,2026-08-01 00:00:00.0000000,20.0
United Downs Geothermal Power Plant,South West England,TR16 5HY,,,,AR5-UDG-800,Allocation Round 5,Geothermal,Distribution,Pre-MDD,2026-10-01 00:00:00.0000000,2.0
Lethans Wind Farm,Glasgow and Strathclyde,KA18 4NS,,,,AR6-LEW-610,Allocation Round 6,Onshore Wind,Transmission,Pre-MDD,2028-03-31 00:00:00.0000000,120.0
LAIRG II LLP,Highland and Islands,IV27 4DG,,,,AR5-LAI-610,Allocation Round 5,Onshore Wind,Transmission,Pre-MDD,2026-10-31 00:00:00.0000000,50.0
Dorenell Wind Farm,Aberdeen and North East,AB54 4HR,2682952.821,334638.916,427563.339,AAA-DOR-182,Allocation Round 1,Onshore Wind,Transmission,Live (Post-FIC),,173.7
Seagreen Phase 3,"Tayside, Central and Fife",DD3 0PY,,,,AR3-SEW-103,Allocation Round 3,Offshore Wind,Transmission,Pre-Start Date,2028-03-29 00:00:00.0000000,158.0
Adstock,South East England,MK18 2JW,28662.701,24990.027,3022.438,AR4-ADS-700,Allocation Round 4,Solar PV,Distribution,Live (Post-FIC),2025-06-30 00:00:00.0000000,15.0
Orbital Marine Eday 1,Highland and Islands,KW17 2AA,,,,AR4-OME-504,Allocation Round 4,Tidal Stream,Distribution,Pre-Start Date,2027-03-16 00:00:00.0000000,2.4
Erebus,Mid and West Wales,SA71 5TP ,,,,AR7-ERE-910,Allocation Round 7,Floating Offshore Wind,Transmission,Pre-MDD,2030-03-31 00:00:00.0000000,100.0
Benbrack Wind Farm - AR6 - A2,Scotland South,DG7 3TL,1881.279,1881.279,197.676,AR6-BWA-610,Allocation Round 6,Onshore Wind,Transmission,Live (Pre-FIC),2026-08-31 00:00:00.0000000,22.5
NORTH WEALD,East of England,PE19 6SZ,,,,AR7-NOW-700,Allocation Round 7,Solar PV,Distribution,Pre-MDD,2028-09-01 00:00:00.0000000,49.9
Winkburn Solar Farm,East Midlands,NG22 8PG,,,,AR5-WIS-700,Allocation Round 5,Solar PV,Distribution,Pre-Start Date,2028-03-31 00:00:00.0000000,32.65
Pilmoor Solar Farm,Yorkshire and The Humber,YO61 2QB,,,,AR7-PIL-700,Allocation Round 7,Solar PV,Distribution,Pre-MDD,2027-08-02 00:00:00.0000000,49.9
Berwick Bank Phase B (Phase 1),Edinburgh and Lothians,EH42 1SF,,,,AR7-BBP-011,Allocation Round 7,Offshore Wind,Transmission,Pre-MDD,2031-03-31 00:00:00.0000000,460.0
UKZ047 Glebe (Horsford),East of England,NR10 3AG,,,,AR7-UGH-700,Allocation Round 7,Solar PV,Distribution,Pre-MDD,2027-10-29 00:00:00.0000000,18.0
Cutlers,East of England,CM6 2QB,,,,AR6-CUT-700,Allocation Round 6,Solar PV,Distribution,Pre-MDD,2028-03-31 00:00:00.0000000,19.76
Costock Solar Farm,East Midlands,LE12 6YP,,,,AR6-CSO-700,Allocation Round 6,Solar PV,Distribution,Pre-MDD,2028-01-01 00:00:00.0000000,49.9
FERRY FARM 3 NORTH,South East England,PO20 7NE,,,,AR4-FFN-700,Allocation Round 4,Solar PV,Distribution,Pre-Start Date,2027-05-01 00:00:00.0000000,9.75
Hornsea Project Three Offshore Wind Farm,East of England,NR14 8PG,,,,AR4-HRN-010,Allocation Round 4,Offshore Wind,Transmission,Pre-Start Date,2028-03-01 00:00:00.0000000,2146.1
Leaps Rigg,North West England,CA8 2DZ,,,,AR7-LER-700,Allocation Round 7,Solar PV,Distribution,Pre-MDD,2028-12-31 00:00:00.0000000,40.0
Moray Offshore Windfarm (West) String 9,Aberdeen and North East,AB55 5PH,,,,AR6-MOW-010,Allocation Round 6,Offshore Wind,Transmission,Pre-MDD,2028-03-31 00:00:00.0000000,73.5
Moat Farm Solar Farm,South East England,HP17 8SL,,,,AR6-MSO-700,Allocation Round 6,Solar PV,Distribution,Pre-MDD,2026-09-01 00:00:00.0000000,20.34
Tiddiecross,West Midlands,TF6 5EG,,,,AR7-TID-700,Allocation Round 7,Solar PV,Distribution,Pre-MDD,2028-12-09 00:00:00.0000000,12.0
North Kyle Energy Project,Glasgow and Strathclyde,KA18 4QS,,,,AR4-NKE-610,Allocation Round 4,Onshore Wind,Transmission,Pre-Start Date,2027-03-31 00:00:00.0000000,212.0
Copse Close Solar Farm,South East England,GU34 3HN,,,,AR6-CCS-700,Allocation Round 6,Solar PV,Distribution,Pre-MDD,2028-12-08 00:00:00.0000000,44.0
Brigstock Solar Farm,East Midlands,NN14 3NA,,,,AR4-BSF-700,Allocation Round 4,Solar PV,Distribution,Pre-Start Date,2027-11-01 00:00:00.0000000,49.9
Cairn Duhie Wind Farm,Aberdeen and North East,IV12 5XB,,,,AR7-CDW-600,Allocation Round 7,Onshore Wind,Distribution,Pre-MDD,2029-03-31 00:00:00.0000000,67.2
Benbrack Wind Farm - AR6 - A3,Scotland South,DG7 3TL,3278.203,3278.203,344.459,AR6-BEN-610,Allocation Round 6,Onshore Wind,Transmission,Live (Pre-FIC),2026-08-31 00:00:00.0000000,13.5
Sunny Oaks Renewable Energy Park,South East England,PO33 4RH,,,,AR7-SOR-700,Allocation Round 7,Solar PV,Distribution,Pre-MDD,2028-03-31 00:00:00.0000000,18.0
Fraddon,South West England,TR8 5BP,,,,AR6-FRA-700,Allocation Round 6,Solar PV,Distribution,Pre-MDD,2028-01-01 00:00:00.0000000,49.9
Inch Cape Phase 1,Edinburgh and Lothians,EH32 0JA,,,,AR4-ICP-011,Allocation Round 4,Offshore Wind,Transmission,Pre-Start Date,2029-03-31 00:00:00.0000000,210.0
MeyGen AR52,Highland and Islands,KW1 4YH,,,,AR5-MEA-510,Allocation Round 5,Tidal Stream,Transmission,Pre-MDD,2031-06-30 00:00:00.0000000,5.6
Orbital Marine Eday 2,Highland and Islands,KW17 2AA,,,,AR4-ORB-504,Allocation Round 4,Tidal Stream,Distribution,Pre-Start Date,2027-03-16 00:00:00.0000000,4.8
Loch Fergus Solar Farm,Glasgow and Strathclyde,KA6 6ER,,,,AR7-LOF-700,Allocation Round 7,Solar PV,Distribution,Pre-MDD,2029-03-15 00:00:00.0000000,45.0
Woodlands Farm,East of England,IP14 2AH,,,,AR7-WOO-700,Allocation Round 7,Solar PV,Distribution,Pre-MDD,2028-10-01 00:00:00.0000000,40.0
SANQUHAR II COMMUNITY WIND FARM BMU1,Scotland South,DG3 4NN,,,,AR7-SAI-610,Allocation Round 7,Onshore Wind,Transmission,Pre-MDD,2027-04-01 00:00:00.0000000,83.4
Neart na Gaoithe,Edinburgh and Lothians,EH42 1SH,2213468.039,1784226.488,233849.987,AAA-NEA-195,Allocation Round 1,Offshore Wind,Transmission,Live (Post-FIC),2025-02-28 00:00:00.0000000,448.0
Trinlaymire,Edinburgh and Lothians,EH49 9NF,,,,AR7-TRI-700,Allocation Round 7,Solar PV,Distribution,Pre-MDD,2029-03-30 00:00:00.0000000,29.9
South Fambridge Hall Solar,East of England,SS4 3LS,,,,AR4-SFH-700,Allocation Round 4,Solar PV,Distribution,Pre-Start Date,2026-08-31 00:00:00.0000000,45.0
Moray Offshore Windfarm (East) Phase 2,Highland and Islands,KW6 6EL,1289271.734,477952.086,136695.045,AR2-MRY-207,Allocation Round 2,Offshore Wind,Transmission,Live (Post-FIC),2024-03-04 00:00:00.0000000,309.363
Gabrielspring Wood Solar Park,South East England,DA3 8PJ,,,,AR7-GWS-700,Allocation Round 7,Solar PV,Distribution,Pre-MDD,2027-04-01 00:00:00.0000000,17.5
Pen Onn Farm,South Central Wales,CF62 3AG,,,,AR7-PEO-700,Allocation Round 7,Solar PV,Distribution,Pre-MDD,2029-03-30 00:00:00.0000000,49.9
Brick House Farm,West Midlands,SY8 3BZ,,,,AR5-BRH-700,Allocation Round 5,Solar PV,Distribution,Pre-MDD,2027-12-31 00:00:00.0000000,42.0
Soay Solar Farm,Yorkshire and The Humber,YO42 4RL,,,,AR5-SOF-710,Allocation Round 5,Solar PV,Transmission,Pre-Start Date,2026-12-03 00:00:00.0000000,49.99
CLUMP FARM SOLAR LIMITED,East Midlands,LE9 7TJ,,,,AR6-CLS-710,Allocation Round 6,Solar PV,Transmission,Pre-MDD,2028-04-01 00:00:00.0000000,49.99
Whaddon Farm Solar Park,South West England,BA14 6NR,,,,AR6-WHA-700,Allocation Round 6,Solar PV,Distribution,Pre-MDD,2026-09-01 00:00:00.0000000,10.0
Longhedge Solar Farm,East Midlands,NG13 9DS,,,,AR7-LOB-700,Allocation Round 7,Solar PV,Distribution,Pre-MDD,2028-06-01 00:00:00.0000000,49.9
Cressing Solar Farm,East of England,CM77 8DX,,,,AR7-CRS-710,Allocation Round 7,Solar PV,Transmission,Pre-MDD,2027-08-30 00:00:00.0000000,24.9
Kemb04 Kemble,South West England,GL7 6PL,13188.846,13188.846,1385.826,AR5-KEK-700,Allocation Round 5,Solar PV,Distribution,Live (Post-FIC),2026-07-03 00:00:00.0000000,49.9
Crays Hall Solar Farm,East of England,CM11 2UN,2842.238,2842.238,298.65,AR6-CHS-700,Allocation Round 6,Solar PV,Distribution,Live (Pre-FIC),2026-06-30 00:00:00.0000000,25.92
Woodwalton Two Solar Farm,East of England,PE28 5YL,,,,AR6-WTS-700,Allocation Round 6,Solar PV,Distribution,Pre-MDD,2026-08-31 00:00:00.0000000,16.12
Bunkers Hill,South East England,RG27 9DA,44308.816,44308.816,4656.946,AR4-BHL-700,Allocation Round 4,Solar PV,Distribution,Live (Post-FIC),2026-04-01 00:00:00.0000000,49.9
Doverdale,West Midlands,WR9 0QB,8039.265,8039.265,844.731,AR4-DVR-700,Allocation Round 4,Solar PV,Distribution,Live (Post-FIC),2026-03-31 00:00:00.0000000,49.9
Hawthorn Pit Solar Farm,North East England,SR7 9SA,,,,AR6-HPS-700,Allocation Round 6,Solar PV,Distribution,Pre-MDD,2028-03-31 00:00:00.0000000,45.0
Land at Guston Court Farm (Chalkpit),South East England,CT15 5EX,,,,AR5-LAG-700,Allocation Round 5,Solar PV,Distribution,Pre-MDD,2027-01-02 00:00:00.0000000,17.0
Hampton Lodge Solar Farm,West Midlands,CV35 8AH,,,,AR7-HAL-700,Allocation Round 7,Solar PV,Distribution,Pre-MDD,2028-04-01 00:00:00.0000000,16.0
STRATHRUDDIE ENERGY CENTRE LIMITED,"Tayside, Central and Fife",KY5 0UA,,,,AR6-SEH-700,Allocation Round 6,Solar PV,Distribution,Pre-MDD,2027-07-30 00:00:00.0000000,20.0
NEXTPOWER CHAPEL LIMITED,East Midlands,LE9 8FT,,,,AR6-NEC-700,Allocation Round 6,Solar PV,Distribution,Pre-MDD,2028-01-01 00:00:00.0000000,17.3
Enso Green Holdings A Limited,East Midlands,DN22 9ER,,,,AR5-EGR-710,Allocation Round 5,Solar PV,Transmission,Pre-MDD,2028-03-31 00:00:00.0000000,40.0
South Lynch Solar Limited,South East England,SO21 2JE,,,,AR7-SLS-700,Allocation Round 7,Solar PV,Distribution,Pre-MDD,2029-03-31 00:00:00.0000000,15.0
Heathland Wind Farm - Zone 2,Glasgow and Strathclyde,ML11 8ER,,,,AR6-HWZ-610,Allocation Round 6,Onshore Wind,Transmission,Pre-MDD,2028-03-31 00:00:00.0000000,40.1
Osberton Solar,East Midlands,S81 0UF,,,,AR6-OSS-700,Allocation Round 6,Solar PV,Distribution,Pre-MDD,2026-12-01 00:00:00.0000000,34.0
Cornwell,South East England,OX9 7HB,,,,AR4-CRN-700,Allocation Round 4,Solar PV,Distribution,Pre-Start Date,2026-06-30 00:00:00.0000000,35.0
Dogger Bank C P2,North East England,TS6 8DN,,,,AR3-DP3-302,Allocation Round 3,Offshore Wind,Transmission,Pre-Start Date,2027-07-01 00:00:00.0000000,441.0
LEEMING SOLAR FARM LIMITED,Yorkshire and The Humber,DL7 0RQ,,,,AR6-LES-700,Allocation Round 6,Solar PV,Distribution,Pre-MDD,2028-03-31 00:00:00.0000000,39.0
Six Oaks Renewable Energy Park,East of England,CB8 0UW,,,,AR7-SIO-700,Allocation Round 7,Solar PV,Distribution,Pre-MDD,2028-05-31 00:00:00.0000000,35.0
Gaywood Solar Farm,South East England,TN8 6QJ,,,,AR6-GSO-700,Allocation Round 6,Solar PV,Distribution,Pre-MDD,2027-02-14 00:00:00.0000000,10.5
Gammaton Solar Farm,South West England,EX39 4QZ,,,,AR5-GAS-700,Allocation Round 5,Solar PV,Distribution,Pre-Start Date,2028-03-31 00:00:00.0000000,28.57
Broken Cross Wind Farm,Scotland South,ML11 9PB,,,,AR4-BCW-610,Allocation Round 4,Onshore Wind,Transmission,Live (Pre-FIC),2027-03-31 00:00:00.0000000,42.35
WALLACE WOOD SOLAR FARM LIMITED,South Central Wales,CF5 6BE,,,,AR7-WWS-700,Allocation Round 7,Solar PV,Distribution,Pre-MDD,2029-03-31 00:00:00.0000000,42.0
Limebury,South West England,EX39 5QG ,,,,AR7-LIM-700,Allocation Round 7,Solar PV,Distribution,Pre-MDD,2027-04-01 00:00:00.0000000,5.2
Morlais Magallanes GR3,North West Wales,LL65 1YL,,,,AR4-MMG-500,Allocation Round 4,Tidal Stream,Distribution,Pre-Start Date,2027-04-01 00:00:00.0000000,5.62
Whitelaw Brae Wind Farm,Scotland South,ML12 6QS,,,,AR7-WBW-610,Allocation Round 7,Onshore Wind,Transmission,Pre-MDD,2027-06-30 00:00:00.0000000,57.0
Brecks Solar farm,East Midlands,DN22 0PT,,,,AR7-BRB-700,Allocation Round 7,Solar PV,Distribution,Pre-MDD,2027-04-01 00:00:00.0000000,34.5
Brownside,Aberdeen and North East,AB45 4YB,,,,AR7-BRF-700,Allocation Round 7,Solar PV,Distribution,Pre-MDD,2028-10-30 00:00:00.0000000,35.2
Cwm Ifor Solar Farm,South East Wales,CF832TU,,,,AR7-CIS-710,Allocation Round 7,Solar PV,Transmission,Pre-MDD,2027-04-01 00:00:00.0000000,15.0
Bad A Cheo Wind Farm,Highland and Islands,KW1 5XU,481281.362,78830.222,64967.818,AAA-BAD-185,Allocation Round 1,Onshore Wind,Transmission,Live (Post-FIC),,26.34
Camster II Wind Farm Limited,Highland and Islands,KW1 5SG,,,,AR5-CIW-600,Allocation Round 5,Onshore Wind,Distribution,Pre-Start Date,2027-04-01 00:00:00.0000000,36.0
Low Horton,North East England,NE24 4HG,,,,AR5-LOH-700,Allocation Round 5,Solar PV,Distribution,Pre-MDD,2027-04-01 00:00:00.0000000,40.0
