,Onshore wind,Offshore wind - seabed,Offshore wind - floating,Shoreline wave / tidal,Solar PV,Onshore wind,Offshore wind - seabed,Offshore wind - floating,Shoreline wave / tidal,Solar PV
01/10/10,3739.15,1341.45,0,2.55,93.88,2201.56,998.07,0.1,15.21,1296.21
01/01/11,3813.28,1427.05,0,2.1,136.16,2269.12,1128.61,0.1,65.56,1139.26
01/04/11,3979.55,1563.85,0,2.1,212.56,1722.24,1098.46,0.12,104.77,1227.74
01/07/11,4142.7,1650.25,0,2.66,490.9,3619.17,1923.9,0.16,56.98,2009.4
01/10/11,4349.29,1838.25,0,2.66,998.46,3233.79,1507.03,0.3,177.96,1817.59
01/01/12,4691.85,2200.25,0,3.66,1307.78,2048.56,1649.94,0.15,437.13,791.77
01/04/12,4974.35,2516.45,0,5.46,1426.03,2405.29,1707.45,0.13,553.18,1047.2
01/07/12,5306.91,2682.25,0,5.46,1654.02,3514.33,2738.73,0.28,183.18,1628.15
01/10/12,5574.86,2995.45,0,7.35,1747.85,3628.96,2804.61,0.31,139.71,1245.09
01/01/13,6230.59,3380.65,0,5.71,2279.29,3560.18,2614.93,0.29,698,964.68
01/04/13,6542.76,3543.35,0,5.71,2523.98,2547.35,1965.32,0.29,854.7,741.34
01/07/13,6892.14,3656.35,0,6.85,2658.68,5843.7,4086.92,0.68,305.23,1728.77
01/10/13,7005.24,3695.95,0,6.85,2910.16,6153.89,4383.82,0.47,464.99,2231.77
01/01/14,7076.31,3764.2,0,5.99,4941.21,2792.91,2092.07,0.94,1456.9,1108.92
01/04/14,7401.6,4084.6,0,6.74,5103.06,2660.25,2242.1,0.22,1544.12,775.83
01/07/14,7605.34,4425.8,0,6.74,5261.19,5489.17,4686.61,0.55,542.41,1744.09
01/10/14,7875.3,4501.4,0,7.49,5466.35,6597.1,4675.27,0.56,927.12,2000.15
01/01/15,7985.92,4738.6,0,7.74,7844.29,4362.26,3577.58,0.47,3073.58,1419.85
01/04/15,8077.22,5014,0,7.74,8155.08,3482.02,3412.26,0.48,2667.14,1023.72
01/07/15,8286.41,5093.5,0,7.74,8528.99,6550.21,5757.63,0.48,786.87,1824.53
01/10/15,8480.9,5093.5,0,7.74,9495.4,5786.47,5148.29,0,1443.12,2070.34
01/01/16,8634.96,5087.15,0,7.79,10839.74,3638.94,3252.21,0,3826.64,928.74
01/04/16,8762.49,5087.15,0,7.79,11314.34,4211.28,3581.88,0,3699.05,1144.41
01/07/16,9395.12,5087.15,0,7.79,11589.26,5383.44,4423.36,0.01,1315.3,1203.31
01/10/16,9946.37,5293.4,0,13.49,11777.98,7060.64,5162.04,0.33,1583.21,1790.44
01/01/17,10897.38,5447.9,0,18.4,12077.32,5658.52,3991.54,0.1,4508.04,861.12
01/04/17,11220.7,5645.75,0,18.4,12220.07,5092.52,3959.23,2.44,3890.83,1256.32
01/07/17,11398.3,6130.8,0,18.4,12331.72,8408.31,7803.11,1.32,1289.71,1944.38
01/10/17,11414.78,6957.85,30,18.4,12497.74,8654.07,7927.02,3.14,1755.51,1550.72
01/01/18,11789.29,7609.9,30,18.4,12691.38,4929.82,4727.01,3.11,4795.79,948.63
01/04/18,11846.98,7763.9,30,20.4,12707.9,4991.75,5018,1.14,4388.7,888.51
01/07/18,11948.77,7979.7,30,20.4,12728.2,8873.54,8853.17,1.91,1456.06,2025.22
01/10/18,12084.52,8150.5,30,20.4,12737.23,8876.24,8600,3.16,1877.6,1880.61
01/01/19,12315.69,8447.3,32,22.4,12854.53,5472.71,5936.17,3.92,4513.66,826.19
01/04/19,12524.09,9124.3,32,22.4,12887.53,6185.44,7188.31,3.98,4388.2,1399.2
01/07/19,12611.48,9670.3,32,22.4,12948.29,8325.38,10250.67,2.93,1358.55,1791.39
01/10/19,12649.21,9856.3,32,22.4,13010.46,11766.64,13374.65,2.93,1854.95,2463.22
01/01/20,12610.14,10350.85,32,9.8,13184.32,5564.55,7311.33,3.13,5067.77,1009.49
01/04/20,12621.14,10350.85,32,9.8,13212.42,6110.82,8032.05,3.45,4004.25,1176.66
01/07/20,12623.44,10350.85,32,9.8,13328.81,8103.47,12032.23,1.77,1330.76,2190.52
01/10/20,12720.44,10350.85,32,9.8,13433.14,8842.26,11219.16,1.34,1695.84,1759.02
01/01/21,12757.79,10360.35,32,9.8,13667.59,4695.17,6215.67,1.25,4724.15,997.24
01/04/21,12853.34,10625.35,40,9.8,13734.21,3622.01,6151.31,1.3,3989.5,561.43
01/07/21,12987.14,11025.35,41.53,9.8,13808.65,8821.78,12011.15,1.59,1428.85,2068.05
01/10/21,13062.64,11175.85,79.63,9.8,13908.85,10662.23,12649.24,1.54,2114.29,1841.91
01/01/22,13202.55,12537.85,79.63,8.2,13837.89,6714.62,8900.27,2.73,5084.17,873.76
01/04/22,13193.95,12536.85,79.63,8.2,14018.6,5199.17,7756.62,3.43,4798.71,642.21
01/07/22,13255.97,12536.85,79.63,8.2,14214.56,9154.26,15806.56,3.52,1682.34,1683.06
01/10/22,13409.7,13767.85,79.63,8.2,14460.93,9352.41,15037.31,3.19,2222.29,1829.7
01/01/23,13959.44,14655.05,79.63,9.8,16065.86,4715.32,8578.14,3.16,5617.34,839.32
01/04/23,14014.34,14655.05,79.63,9.8,16472.11,6127.66,9796.03,3.35,4863.91,1052.47
01/07/23,14027.24,14655.05,79.63,9.8,16830.6,9534.16,16023.5,2.94,1883.82,1852.11
01/10/23,14082.42,14655.05,79.63,9.8,17202.58,10010.3,15126,2.94,1807.01,2030.22
01/01/24,14112.25,14730.05,79.63,9.8,17599.12,6742.8,9994.7,3.3,5666.41,1071.18
01/04/24,14184.29,15612.05,79.63,9.8,18029.06,6433.64,9837.62,3.16,5450.09,1111.4
01/07/24,14651.4,15612.05,79.63,9.8,18360.74,8903.57,13846.39,3.61,1799.37,1483.34
01/10/24,14728.2,16060.05,79.63,9.8,19047.47,8682.61,12976.9,5.19,2612.98,1638.1
01/01/25,14683.2,16235.05,79.63,9.8,19523.12,6505.23,10479.93,4.59,8268.94,711.74
01/04/25,14845.21,16570.05,79.63,9.8,19981.53,6367.76,10824.91,3.71,6823.42,1052.95
01/07/25,14845.21,16570.05,79.63,9.8,20852.51,9981.23,17738.95,2.49,2090.55,1953.85
01/10/25,14912.32,16570.05,79.63,9.8,21517.11,11396.48,16897.86,1.81,2657.15,1556.43
01/01/26,15123.84,16653.05,79.63,9.8,21945.91,,,,,
