Auction Year,Auction Name,Auction Type,Delivery Year,Price,Price Year,Capacity available,Capacity target,Capacity awarded,Number of Rounds,Excess Capacity
2014,T4-2018,T-4,2018,19.4,2012,64969.241,49000,49256.938,12,1.33
2016,TA-2016,T-1,2016,27.5,2016,1110.028,900,802.71,5,1.23
2016,T4-2019,T-4,2019,18,2016,57724.948,46000,46353.569,12,1.25
2017,TA-2017,T-1,2017,45,2017,372.987,300,312.171,0,1.24
2017,EA-2017,T-4,2017,6.95,2017,59286.062,54400,54433.634,14,1.09
2017,T4-2020,T-4,2020,22.5,2017,69777.05,52000,52425.302,11,1.34
2018,T1-2018,T-1,2018,6,2018,10679.039,5500,5798.214,14,1.94
2018,T4-2021,T-4,2021,8.4,2018,74242.439,50000,50415.403,14,1.48
2019,T1-2019,T-1,2019,0.77,2019,9420.357,2900,3636.196,15,3.25
2020,T1-2020,T-1,2020,1,2020,3027.229,300,1024.409,15,10.09
2020,T3-2022,T-4,2022,6.44,2020,58994.694,44500,45058.832,14,1.33
2020,T4-2023,T-4,2023,15.97,2020,59421.784,43700,43748.988,12,1.36
2021,T1-2021,T-1,2021,45,2021,4240.39,2500,2252.116,6,1.70
2021,T4-2024,T-4,2024,18,2021,51981.694,40500,40819.895,12,1.28
2022,T1-2022,T-1,2022,76,2022,4996,5400,4996,0,0.93
2022,T4-2025,T-4,2025,30.69,2022,48581.332,42300,42364.314,9,1.15
2023,T1-2023,T-1,2023,60,2023,6124.249,5800,5782.777,4,1.06
2023,T4-2026,T-4,2026,63,2023,46031.692,43044,43000.955,3,1.07
2024,T1-2024,T-1,2024,35.79,2024,9457.609,7700,7639.609,8,1.23
2024,T4-2027,T-4,2027,65,2024,43366.829,44000,42830.829,3,0.99
2025,T1-2025,T-1,2025,20,2025,9123,7500,7936.269,11,1.22
2025,T4-2028,T-4,2028,60,2025,44656.226,43700,43055.073,3,1.02
2026,T1-2026,T-1,2026,5,2026,8317.185,6500,7192.317,15,1.28
2026,T4-2029,T-4,2029,27.1,2026,44088.406,39400,40108.608,10,1.12