Category,1998,1999,2000,2001,2002,2003,2004,2005,2006,2007,2008,2009,2010,2011,2012,2013,2014,2015,2016,2017,2018,2019,2020,2021,2022,2023,2024,2025
Production,"361,078","365,250","374,374","382,356","384,594","395,475","391,280","395,430","393,429","392,971","384,829","373,069","378,918","365,077","360,907","355,379","335,213","336,136","336,205","335,325","331,218","325,335","308,607","305,891","322,622","291,586","282,512","289,851"
Other sources [note 1],"1,624","2,902","2,694","2,422","2,652","2,734","2,649","2,930","3,853","3,859","4,089","3,685","3,150","2,906","2,967","2,904","2,883","2,739","2,959","2,872","2,534","1,838","1,680","1,987","2,185","2,589","3,515","3,711"
Imports,"12,599","14,507","14,308","10,663","9,183","5,119","9,784","11,160","10,282","8,613","12,294","6,609","7,144","8,689","13,774","17,533","23,243","22,961","20,018","18,167","21,332","24,556","22,391","28,819","15,506","33,319","43,733","43,929"
Exports,-131,-263,-134,-264,-768,"-2,959","-2,294","-2,839","-2,765","-3,398","-1,272","-3,748","-4,481","-2,467","-1,910","-3,102","-2,723","-1,855","-2,273","-3,407","-2,225","-3,385","-4,481","-4,194","-20,816","-9,486","-10,325","-14,200"
Marine bunkers,0,0,0,0,0,0,0,0,0,0,0,0,0,0,0,0,0,0,0,0,0,0,0,0,0,0,0,0
Stock change,0,0,0,0,0,0,0,0,0,0,0,0,0,0,0,0,0,0,0,0,0,0,0,0,0,0,0,0
Transfers,0,0,0,0,0,0,0,0,0,0,0,0,0,0,0,0,0,0,0,0,0,0,0,0,0,0,0,0
Total supply,"375,170","382,396","391,243","395,177","395,661","400,369","401,418","406,681","404,799","402,045","399,940","379,615","384,732","374,204","375,738","372,714","358,616","359,981","356,909","352,958","352,860","348,344","328,197","332,503","319,498","318,008","319,435","323,292"
Statistical difference [note 2],"1,861","1,564","1,497","1,167",983,"2,208","2,447",227,104,-392,275,139,-150,-150,-622,"-1,116","-1,066","1,310",244,152,-295,-84,-232,615,363,209,239,261
Total demand,"373,309","380,832","389,746","394,010","394,678","398,162","398,971","406,454","404,695","402,437","399,665","379,476","384,882","374,354","376,360","373,831","359,682","358,671","356,665","352,805","353,155","348,428","328,429","331,888","319,135","317,799","319,197","323,031"
Transformation,0,0,0,0,0,0,0,0,0,0,0,0,0,0,0,0,0,0,0,0,0,0,0,0,0,0,0,0
Energy industry use,"29,674","29,790","30,680","30,387","31,297","32,081","29,296","30,105","32,055","32,558","29,991","29,685","29,008","28,341","29,172","29,893","28,382","27,894","26,546","26,446","25,648","24,267","21,592","20,634","20,496","19,528","20,122","19,047"
Electricity generation,"17,408","16,707","16,304","17,394","17,126","18,136","17,032","17,873","18,503","17,694","16,342","16,571","16,122","16,451","17,983","17,850","16,479","16,652","15,268","15,470","15,164","14,525","11,994","12,335","11,855","10,947","11,005","10,259"
Oil and gas extraction,537,408,527,675,541,551,558,505,546,560,598,594,563,576,565,570,536,606,557,582,614,602,580,565,583,567,563,565
Petroleum refineries,"5,136","4,981","6,362","5,231","6,553","5,769","4,681","4,459","4,660","5,634","4,351","4,519","5,034","4,684","3,793","4,681","4,873","4,532","4,401","4,333","4,424","4,837","5,057","3,710","3,728","3,243","2,687","2,397"
Coal extraction and coke manufacture,"1,334","1,358","1,283","1,223","1,163","1,190","1,119","1,165","1,133","1,073","1,058","1,018","1,040",929,902,873,741,549,465,450,424,386,285,240,129,104,94,74
Blast furnaces,948,948,877,885,502,492,468,515,497,479,452,464,297,253,369,438,440,344,209,186,178,174,172,156,149,135,92,42
Patent fuel manufacture,0,0,0,0,0,0,0,0,0,0,0,0,0,0,0,0,0,0,0,0,0,0,0,0,0,0,0,0
Energy storage [note 10],"2,594","3,774","3,499","3,210","3,463","3,546","3,497","3,707","4,918","5,071","5,371","4,843","4,212","3,843","3,978","3,930","3,884","3,711","4,014","3,860","3,439","2,471","2,221","2,649","2,877","3,309","4,442","4,455"
Other,"1,717","1,614","1,828","1,769","1,950","2,398","1,942","1,881","1,798","2,047","1,818","1,676","1,740","1,603","1,581","1,551","1,429","1,500","1,632","1,565","1,406","1,272","1,283",980,"1,176","1,223","1,238","1,254"
Losses,"27,957","28,298","29,649","30,902","29,980","29,862","30,728","27,674","27,410","28,223","27,852","28,043","27,037","28,140","28,917","27,667","28,514","27,297","26,086","26,747","27,210","27,297","27,101","26,542","27,807","28,323","28,113","28,457"
Final consumption,"315,678","322,744","329,420","332,721","333,401","336,219","338,948","348,675","345,229","341,656","341,822","321,748","328,837","317,873","318,272","316,271","302,786","303,480","304,033","299,612","300,297","296,864","279,736","284,711","270,832","269,948","270,962","275,528"
Industry,"107,177","110,978","114,112","111,337","110,168","109,278","111,467","116,024","114,896","112,800","114,151","99,738","104,538","102,416","98,456","96,981","93,005","92,938","93,316","89,101","88,874","89,441","83,868","84,509","81,710","80,736","78,273","76,670"
Unclassified,0,0,0,0,0,0,0,0,0,0,0,0,0,0,0,0,0,0,0,0,0,0,0,0,0,0,0,0
Iron and steel,"9,571","9,779","6,349","5,303","5,092","5,434","5,412","5,020","5,860","4,937","4,657","3,615","3,842","3,852","3,579","3,799","3,787","3,688","2,830","2,703","2,560","2,443","2,126","2,251","1,939","2,102","1,785","1,688"
Non-ferrous metals,"5,698","5,895","6,152","7,324","6,325","7,244","7,468","7,693","7,524","7,386","7,391","6,075","6,726","6,971","5,028","4,430","4,475","4,424","4,507","4,178","4,195","3,994","4,500","4,503","4,392","4,213","4,016","3,841"
Mineral products,"7,142","7,265","8,109","7,247","7,015","7,451","7,535","7,978","7,869","7,811","7,931","7,010","7,266","7,010","6,747","6,726","6,267","6,102","6,240","5,951","6,127","6,521","5,831","5,974","6,186","5,743","5,244","4,838"
Chemicals,"20,916","21,677","23,732","21,079","22,361","19,741","19,928","21,125","20,391","20,197","20,287","17,702","18,468","17,640","17,508","16,525","15,476","15,615","15,088","14,668","14,697","15,348","14,595","14,666","14,049","13,905","13,911","13,315"
Mechanical engineering etc,"8,520","8,824","9,420","8,569","8,494","8,539","8,410","8,633","8,491","8,458","8,614","7,688","7,653","7,261","7,072","7,064","6,912","6,232","6,210","6,240","6,043","5,828","5,426","4,963","5,022","4,941","4,926","4,915"
Electrical engineering etc,"5,996","6,006","6,196","5,697","5,830","5,969","6,609","7,420","7,342","7,290","7,397","6,455","6,657","6,383","6,189","6,172","5,714","5,994","6,058","5,774","5,580","5,788","6,026","5,790","5,533","5,498","5,436","5,427"
Vehicles,"5,586","5,615","6,316","5,824","5,576","5,611","5,583","5,841","5,748","5,723","5,812","5,012","5,284","5,188","5,081","5,067","4,831","4,876","4,848","4,588","4,599","4,305","3,575","3,240","3,143","3,251","2,875","2,638"
"Food, beverages etc","11,852","12,524","11,724","11,570","11,866","11,449","12,049","12,273","12,118","12,082","12,257","10,741","11,520","11,322","11,137","11,083","10,644","10,778","10,960","10,654","11,386","11,452","10,800","11,178","11,358","11,423","11,287","11,558"
"Textiles, leather etc","3,666","3,751","3,599","3,303","3,423","3,403","3,333","3,393","3,360","3,349","3,395","3,013","3,050","2,992","2,910","2,894","2,721","2,692","2,694","2,622","2,623","2,656","2,267","2,206","2,195","2,192","2,175","2,152"
"Paper, printing etc","10,684","10,989","11,416","11,511","11,688","12,550","13,171","13,225","12,906","12,741","12,865","11,069","10,954","10,940","10,866","10,806","10,725","10,602","10,564","10,243","10,082","9,765","8,681","9,790","8,650","8,316","8,305","8,027"
Other manufacturing etc,"16,012","17,125","19,514","22,213","20,799","20,186","20,166","21,495","21,449","21,028","21,729","19,771","21,497","21,317","20,848","20,952","20,060","20,572","22,009","20,123","19,623","19,949","18,844","18,555","17,839","17,738","16,890","16,848"
Construction,"1,534","1,528","1,586","1,698","1,700","1,701","1,804","1,929","1,840","1,798","1,817","1,586","1,621","1,539","1,494","1,464","1,393","1,364","1,309","1,358","1,359","1,392","1,197","1,392","1,404","1,413","1,422","1,422"
Transport [note 3],"8,511","8,579","8,623","8,828","8,454","8,212","4,058","4,059","4,002","3,962","3,954","4,051","4,068","4,205","4,480","4,352","4,504","4,517","4,690","5,084","5,513","5,958","5,766","6,558","8,092","10,671","12,947","15,627"
Air,0,0,0,0,0,0,0,0,0,0,0,0,0,0,0,0,0,0,0,0,0,0,0,0,0,0,0,0
Rail [note 4],"2,700","2,700","2,700","2,700","2,700","2,700","4,039","4,040","3,983","3,943","3,936","4,033","4,050","4,184","4,454","4,319","4,437","4,419","4,557","4,746","5,053","5,289","4,845","4,738","4,820","4,939","5,080","5,345"
Road [note 5],0,0,0,0,0,0,19,19,19,18,18,18,18,21,26,33,68,97,133,338,459,669,921,"1,820","3,272","5,732","7,866","10,281"
National navigation,0,0,0,0,0,0,0,0,0,0,0,0,0,0,0,0,0,0,0,0,0,0,0,0,0,0,0,0
Pipelines,0,0,0,0,0,0,0,0,0,0,0,0,0,0,0,0,0,0,0,0,0,0,0,0,0,0,0,0
Other,"199,990","203,187","206,685","212,557","214,779","218,728","223,423","228,591","226,331","224,895","223,718","217,959","220,232","211,252","215,336","214,938","205,277","206,025","206,027","205,426","205,911","201,465","190,102","193,645","181,030","178,541","179,743","183,231"
Domestic,"109,410","110,308","111,842","115,337","120,014","123,001","124,201","125,711","124,704","123,076","119,800","118,541","118,832","111,586","114,663","113,412","108,076","107,764","108,025","105,061","105,658","103,538","106,614","106,835","95,765","92,260","93,722","96,189"
Public administration,"21,577","21,951","20,913","21,105","20,357","20,423","20,158","20,028","20,012","20,087","20,355","19,442","19,100","18,397","18,903","18,802","18,502","19,371","19,708","19,200","18,921","18,153","13,247","14,588","14,434","15,390","15,102","15,174"
Commercial,"64,952","66,748","69,571","72,014","70,363","71,298","75,021","78,850","77,606","77,677","79,496","76,176","78,272","77,320","77,899","78,849","74,854","74,773","73,984","76,630","76,830","75,616","66,267","68,245","66,936","66,942","66,919","67,931"
Agriculture,"4,051","4,180","4,358","4,100","4,045","4,005","4,044","4,002","4,009","4,055","4,067","3,801","4,029","3,948","3,871","3,874","3,844","4,117","4,310","4,535","4,501","4,159","3,973","3,976","3,895","3,949","4,000","3,937"
Miscellaneous,0,0,0,0,0,0,0,0,0,0,0,0,0,0,0,0,0,0,0,0,0,0,0,0,0,0,0,0
Non energy use,0,0,0,0,0,0,0,0,0,0,0,0,0,0,0,0,0,0,0,0,0,0,0,0,0,0,0,0
Total production [note 6],"361,078","365,250","374,374","382,356","384,594","395,475","391,280","395,430","393,429","392,971","384,829","373,069","378,918","365,076","360,907","355,379","335,213","336,136","336,205","335,325","331,218","325,335","308,607","305,891","322,622","291,586","282,512","289,851"
