Date,Price
01/05/2021,49.09
01/06/2021,46.08
01/07/2021,44.15
01/08/2021,48.55
01/09/2021,58.36
01/10/2021,60.98
01/11/2021,60.50
01/12/2021,74.87
01/01/2022,76.70
01/02/2022,84.85
01/03/2022,75.90
01/04/2022,77.90
01/05/2022,83.71
01/06/2022,82.04
01/07/2022,80.93
01/08/2022,89.05
01/09/2022,79.41
01/10/2022,72.96
01/11/2022,70.50
01/12/2022,77.58
01/01/2023,69.09
01/02/2023,82.82
01/03/2023,77.23
01/04/2023,68.92
01/05/2023,57.68
01/06/2023,54.77
01/07/2023,49.79
01/08/2023,43.62
01/09/2023,39.16
01/10/2023,43.48
01/11/2023,41.89
01/12/2023,39.31
01/01/2024,36.98
01/02/2024,35.35
01/03/2024,36.60
01/04/2024,35.95
01/05/2024,41.05
01/06/2024,47.44
01/07/2024,41.78
01/08/2024,39.92
01/09/2024,40.47
01/10/2024,38.01
01/11/2024,37.67
01/12/2024,35.84
01/01/2025,35.84
01/02/2025,44.31
01/03/2025,43.27
01/04/2025,45.78
01/05/2025,51.34
01/06/2025,51.12
01/07/2025,49.17
01/08/2025,51.43
01/09/2025,56.19
01/10/2025,55.54
01/11/2025,57.41
01/12/2025,62.13
01/01/2026,68.26
01/02/2026,50.83
01/03/2026,39.46
01/04/2026,46.82
01/05/2026,52.41
01/06/2026,57.02
01/07/2026,58.68
01/08/2026,59.34
