Site Name,Ref ID,Region,Latitude,Longitude,Easting,Northing
Aberdare,-28,Wales,51.71,-3.45,299911,202246
Affric/Beauly,-77,Scotland,57.481,-4.459,,
Baglan,-29,Wales,51.6197,-3.8296,273434,192794
Bispham,-79,,53.8487,-3.0309,,
Breadalbane,-52,Scotland,56.481,-4.298,258572,734467
Bridgewater,-31,South West,51.1101,-2.9873,330981,134998
BritNed,-40,South East,51.44,0.7166,588898,174722
Brook Farm BESS,-32,East of England,51.9865,1.1491,616327,236686
Burghfield Power Station,-33,South East,51.42937,-1.0033,469386,170511
Carrington Power Station,-1,North West,53.435771,-2.410892,372799,393298
Chatterly,-74,East Midlands,53.0766,-2.1773,,
Chickerell Power Station,-34,South West,50.6235,-2.489,365505,80537
Clachan,-75,Scotland,56.2776,-4.9213,,
Contego,-35,South East,50.957,0.132,549831,119672
Connah’s Quay Power Station,-2,Wales,53.232162,-3.0813,327919,371113
Corby Power Station,-3,East Midlands,53.510941,-0.68139,487542,402390
Coryton Power Station,-4,East of England,51.512,-0.508,503632,180285
Cottam Development Center,-5,East Midlands,53.304,-0.7815,481296,379251
Cowes,-36,South East,50.7471,-1.2862,450455,94410
Croyden,-37,London,51.3765,-0.1162,531206,165844
Damhead Creek Power Station,-6,South East,51.425278,0.601389,580950,172795
Derby,-81,East Midlands,52.8844,-1.463,,
Derwent,-38,East Midlands,52.9064,-1.4007,440404,334495
East-West Interconnector,-42,Wales,53.2272,-3.0727,328485,370552
Exeter,-50,South West,50.706545,-3.524292,292464,90766
Didcot B,-7,South East,51.62363,-1.26757,450798,191899
ElecLink,-41,South East,51.0984,1.1447,620272,137935
Enfield Power Station,-8,London,51.6627,-0.022778,536847,197850
Farnham BESS,-51,South East,51.2482,-0.8726,478782,150495
Gerrards Cross,-53,South East,51.5785,-0.531,501887,187648
Glanford Brigg,-30,Yorkshire and the Humber,53.5405,-0.5036,499262,405911
Grain Power Station,-9,South East,51.446111,0.713056,588627,175393
Great Yarmouth Power Station,-10,East of England,52.583884,1.733255,652998,304997
Green Link,-44,Wales,51.66,-5.06,188457,200124
Hartlepool,-55,North East,54.6341,-1.1801,293704,526859
Heysham,-54,North West,54.0288,-2.9161,340087,459588
IFA 1,-43,South East,51.1073,0.99,609403,138473
IFA 2,-45,South East,50.818,-1.194,456874,102360
Indian Queens,-56,South West,50.3959,-4.8996,194015,59134
Keadby Power Station,-11,Yorkshire and the Humber,53.594444,-0.750442,482800,411597
Killin,-78,Scotland,56.464,-4.319,,
Killingholme,-57,Yorkshire and the Humber,53.6535,-0.2556,515388,418855
Kings Lynn,-58,East of England,52.7272,0.38011,560823,317049
Immingham,-26,Yorkshire and the Humber,53.63833,-0.23328,516905,417204
Isle of Man Interconnector,-73,North West,54.1554,-4.4756,,
Langage Power Station,-12,South West,50.3884,-4.01173,257089,56215
Little Barford Power Station,-13,East of England,52.20444,-0.26888,518394,257656
Marchwood Power Station,-14,South East,50.897581,-1.438988,439549,111051
Medway Power Station,-15,South East,51.439722,0.69,587051,174623
Moorfield Drive,-72,North West,53.7756,-2.3643,,
Mossmoran,-71,Scotland,56.097,-3.303,,
Moyle,-46,Scotland,55.0694,-4.9805,209791,579052
Nant,-70,Scotland,56.344,-5.1872,,
Nemo,-47,South East,51.2965,1.3192,631492,160495
North Sea Link,-48,North East,55.126,-1.514,431091,581398
Ocker Hill,-69,West Midlands,52.5387,-2.0297,,
Pembroke B,-16,Wales,51.68311,-4.98842,193512,202489
Peterborough,-59,South East,52.5769,-0.204,521799,299188
Peterhead Power Station,-17,Scotland,57.477213,-1.788879,412760,843016
Rocksavage Power Station,-18,North West,53.31544,-2.72541,351769,380077
Rye House Power Station,-19,East of England,51.763,0.009,538738,209054
Salt End Power Station,-20,Yorkshire and the Humber,53.735193,-0.243032,515994,427963
Seabank Power Station,-21,South West,51.54,-2.669,353699,182556
Severn Power,-62,Wales,51.5475,-2.975,332488,183629
Shoreham Power Station,-22,South East,50.82944,-0.230556,524709,104814
Sizewell B,-60,East of England,52.215,1.6197,647363,263593
South Humber Bank,-23,Yorkshire and the Humber,53.603,-0.146,522777,413421
Spalding,-24,East Midlands,52.8078,-0.1321,526005,324993
Staythorpe C,-25,East Midlands,53.07482,-0.85573,476757,353674
Sutton Bridge,-61,East of England,52.7579,0.1923,548038,320061
Swansea (Aloca),-80,Wales,51.6488,-4.0152,,
Taylors Lane,-63,London,51.546,-0.2575,520924,184450
Thornhill,-64,Yorkshire and the Humber,53.6908,-1.6291,424590,421656
Torness,-65,Scotland,55.968,-2.4091,374562,675075
Trafalgar Park,-68,East Midlands,52.8916,-1.4748,,
Viking Link,-49,East Midlands,52.9302,-0.2205,519710,338456
Viking Power Station,-67,North East,54.6067,-1.2026,,
West Burton B,-27,East Midlands,53.361,-0.811,479225,385558
Water Lane,-66,South West,50.7125,-3.5313,,
Weston Point,-76,North West,53.3234,-2.7543,,
