Delivery_Year,Calendar_Year,Calendar_Quarter,Calendar_Month,Auction_Identifier,Auction_Acquired_Capacity_Obligation_MW,Capacity_Payment_GBP,Capacity_Payment_Suspension_Flag
2016/2017,2016,Qtr 4,December,TR-2016,640.966,1612301.64,Not Suspended
2016/2017,2016,Qtr 4,November,TR-2016,727.689,1742875.87,Not Suspended
2016/2017,2016,Qtr 4,October,TR-2016,727.689,1693297.19,Not Suspended
2016/2017,2017,Qtr 1,February,TR-2016,640.966,1547391.07,Not Suspended
2016/2017,2017,Qtr 1,January,TR-2016,640.966,1698200.05,Not Suspended
2016/2017,2017,Qtr 1,March,TR-2016,640.966,1581491.95,Not Suspended
2016/2017,2017,Qtr 2,April,TR-2016,620.347,1343638.38,Not Suspended
2016/2017,2017,Qtr 2,June,TR-2016,609.673,1243082.3,Not Suspended
2016/2017,2017,Qtr 2,June,TR-2016,8.074,6368.54,Suspended
2016/2017,2017,Qtr 2,May,TR-2016,609.673,1265336.51,Not Suspended
2016/2017,2017,Qtr 2,May,TR-2016,8.074,0.0,Suspended
2016/2017,2017,Qtr 3,August,TR-2016,617.747,1274615.78,Not Suspended
2016/2017,2017,Qtr 3,July,TR-2016,612.895,1280634.18,Not Suspended
2016/2017,2017,Qtr 3,July,TR-2016,4.852,6977.77,Suspended
2016/2017,2017,Qtr 3,September,TR-2016,617.747,1317699.27,Not Suspended
2017/2018,2017,Qtr 4,December,T-1-2017,54436.117,34999224.97,Not Suspended
2017/2018,2017,Qtr 4,December,TR-2017,301.274,1223335.23,Not Suspended
2017/2018,2017,Qtr 4,November,T-1-2017,54438.107,34169790.53,Not Suspended
2017/2018,2017,Qtr 4,November,TR-2017,311.19,1253238.81,Not Suspended
2017/2018,2017,Qtr 4,October,T-1-2017,54430.526,32160909.61,Not Suspended
2017/2018,2017,Qtr 4,October,TR-2017,311.19,1190526.72,Not Suspended
2017/2018,2018,Qtr 1,February,T-1-2017,54410.88,33528629.46,Not Suspended
2017/2018,2018,Qtr 1,February,TR-2017,293.455,1169854.04,Not Suspended
2017/2018,2018,Qtr 1,January,T-1-2017,54415.558,37203599.48,Not Suspended
2017/2018,2018,Qtr 1,January,TR-2017,293.455,1299065.65,Not Suspended
2017/2018,2018,Qtr 1,March,T-1-2017,54410.88,34060520.02,Not Suspended
2017/2018,2018,Qtr 1,March,TR-2017,292.586,1185896.42,Not Suspended
2017/2018,2018,Qtr 2,April,T-1-2017,54411.398,29518790.92,Not Suspended
2017/2018,2018,Qtr 2,April,TR-2017,292.586,1027755.76,Not Suspended
2017/2018,2018,Qtr 2,June,T-1-2017,53923.435,27981600.52,Not Suspended
2017/2018,2018,Qtr 2,June,T-1-2017,461.891,19268.03,Suspended
2017/2018,2018,Qtr 2,June,TR-2017,250.161,840508.92,Not Suspended
2017/2018,2018,Qtr 2,June,TR-2017,42.425,0.0,Suspended
2017/2018,2018,Qtr 2,May,T-1-2017,53923.435,28175832.03,Not Suspended
2017/2018,2018,Qtr 2,May,T-1-2017,461.891,0.0,Suspended
2017/2018,2018,Qtr 2,May,TR-2017,250.161,846343.18,Not Suspended
2017/2018,2018,Qtr 2,May,TR-2017,42.425,0.0,Suspended
2017/2018,2018,Qtr 3,August,T-1-2017,54054.003,27941002.78,Not Suspended
2017/2018,2018,Qtr 3,August,T-1-2017,331.323,3014.72,Suspended
2017/2018,2018,Qtr 3,August,TR-2017,284.913,953680.13,Not Suspended
2017/2018,2018,Qtr 3,August,TR-2017,7.673,0.0,Suspended
2017/2018,2018,Qtr 3,July,T-1-2017,54168.223,28506941.92,Not Suspended
2017/2018,2018,Qtr 3,July,T-1-2017,351.813,3991.45,Suspended
2017/2018,2018,Qtr 3,July,TR-2017,267.537,913900.63,Not Suspended
2017/2018,2018,Qtr 3,July,TR-2017,25.049,11488.27,Suspended
2017/2018,2018,Qtr 3,September,T-1-2017,54147.038,28907345.59,Not Suspended
2017/2018,2018,Qtr 3,September,T-1-2017,238.288,715.02,Suspended
2017/2018,2018,Qtr 3,September,TR-2017,284.913,984857.71,Not Suspended
2017/2018,2018,Qtr 3,September,TR-2017,7.673,9952.87,Suspended
2018/2019,2018,Qtr 4,December,T-1-2018,5527.11,3079123.54,Not Suspended
2018/2019,2018,Qtr 4,December,T-1-2018,109.699,0.0,Suspended
2018/2019,2018,Qtr 4,December,T-4-2018,45655.236,88719872.98,Not Suspended
2018/2019,2018,Qtr 4,December,T-4-2018,1586.108,0.0,Suspended
2018/2019,2018,Qtr 4,November,T-1-2018,5503.715,3003341.99,Not Suspended
2018/2019,2018,Qtr 4,November,T-1-2018,109.699,0.0,Suspended
2018/2019,2018,Qtr 4,November,T-4-2018,45643.175,86554641.06,Not Suspended
2018/2019,2018,Qtr 4,November,T-4-2018,1586.108,0.0,Suspended
2018/2019,2018,Qtr 4,October,T-1-2018,5489.155,2771735.84,Not Suspended
2018/2019,2018,Qtr 4,October,T-1-2018,109.699,0.0,Suspended
2018/2019,2018,Qtr 4,October,T-4-2018,45639.244,80226070.42,Not Suspended
2018/2019,2018,Qtr 4,October,T-4-2018,1586.108,0.0,Suspended
2018/2019,2019,Qtr 1,February,T-1-2018,5516.388,2930735.55,Not Suspended
2018/2019,2019,Qtr 1,February,T-1-2018,109.699,0.0,Suspended
2018/2019,2019,Qtr 1,February,T-4-2018,45660.856,84527888.19,Not Suspended
2018/2019,2019,Qtr 1,February,T-4-2018,1586.108,0.0,Suspended
2018/2019,2019,Qtr 1,January,T-1-2018,5511.613,3256752.5,Not Suspended
2018/2019,2019,Qtr 1,January,T-1-2018,109.699,0.0,Suspended
2018/2019,2019,Qtr 1,January,T-4-2018,45660.856,93782925.99,Not Suspended
2018/2019,2019,Qtr 1,January,T-4-2018,1586.108,0.0,Suspended
2018/2019,2019,Qtr 1,March,T-1-2018,5496.353,3019183.17,Not Suspended
2018/2019,2019,Qtr 1,March,T-1-2018,109.699,0.0,Suspended
2018/2019,2019,Qtr 1,March,T-4-2018,45677.704,87461885.93,Not Suspended
2018/2019,2019,Qtr 1,March,T-4-2018,1586.108,0.0,Suspended
2018/2019,2019,Qtr 2,April,T-1-2018,5472.986,2596207.09,Not Suspended
2018/2019,2019,Qtr 2,April,T-1-2018,109.699,0.0,Suspended
2018/2019,2019,Qtr 2,April,T-4-2018,45677.704,75218790.87,Not Suspended
2018/2019,2019,Qtr 2,April,T-4-2018,1586.108,0.0,Suspended
2018/2019,2019,Qtr 2,June,T-1-2018,5397.973,2382103.42,Not Suspended
2018/2019,2019,Qtr 2,June,T-1-2018,184.712,9676.93,Suspended
2018/2019,2019,Qtr 2,June,T-4-2018,45182.822,69216615.22,Not Suspended
2018/2019,2019,Qtr 2,June,T-4-2018,2080.99,26078.38,Suspended
2018/2019,2019,Qtr 2,May,T-1-2018,5397.973,2421189.99,Not Suspended
2018/2019,2019,Qtr 2,May,T-1-2018,184.712,0.0,Suspended
2018/2019,2019,Qtr 2,May,T-4-2018,45182.822,70352348.97,Not Suspended
2018/2019,2019,Qtr 2,May,T-4-2018,2080.99,0.0,Suspended
2018/2019,2019,Qtr 3,August,T-1-2018,5472.986,2426083.75,Not Suspended
2018/2019,2019,Qtr 3,August,T-1-2018,109.699,0.0,Suspended
2018/2019,2019,Qtr 3,August,T-4-2018,45238.198,69613557.69,Not Suspended
2018/2019,2019,Qtr 3,August,T-4-2018,2025.614,0.0,Suspended
2018/2019,2019,Qtr 3,July,T-1-2018,5444.473,2433982.59,Not Suspended
2018/2019,2019,Qtr 3,July,T-1-2018,138.212,6597.71,Suspended
2018/2019,2019,Qtr 3,July,T-4-2018,45209.093,70160796.19,Not Suspended
2018/2019,2019,Qtr 3,July,T-4-2018,2054.719,10199.35,Suspended
2018/2019,2019,Qtr 3,September,T-1-2018,5472.986,2497621.72,Not Suspended
2018/2019,2019,Qtr 3,September,T-1-2018,109.699,0.0,Suspended
2018/2019,2019,Qtr 3,September,T-4-2018,45255.391,71667165.56,Not Suspended
2018/2019,2019,Qtr 3,September,T-4-2018,2029.202,487385.13,Suspended
2019/2020,2019,Qtr 4,December,T-1-2018,2.982,1706.47,Not Suspended
2019/2020,2019,Qtr 4,December,T-1-2018,33.297,0.0,Suspended
2019/2020,2019,Qtr 4,December,T-1-2019,3623.788,266089.06,Not Suspended
2019/2020,2019,Qtr 4,December,T-4-2018,740.279,1500871.21,Not Suspended
2019/2020,2019,Qtr 4,December,T-4-2018,2.491,0.0,Suspended
2019/2020,2019,Qtr 4,December,T-4-2019,46196.667,84925192.05,Not Suspended
2019/2020,2019,Qtr 4,November,T-1-2018,2.146,553.28,Not Suspended
2019/2020,2019,Qtr 4,November,T-1-2018,36.279,0.0,Suspended
2019/2020,2019,Qtr 4,November,T-1-2019,3623.788,256927.38,Not Suspended
2019/2020,2019,Qtr 4,November,T-4-2018,740.279,1448977.32,Not Suspended
2019/2020,2019,Qtr 4,November,T-4-2018,2.491,0.0,Suspended
2019/2020,2019,Qtr 4,November,T-4-2019,46221.479,81996573.26,Not Suspended
2019/2020,2019,Qtr 4,October,T-1-2018,2.146,1077.73,Not Suspended
2019/2020,2019,Qtr 4,October,T-1-2018,36.279,0.0,Suspended
2019/2020,2019,Qtr 4,October,T-1-2019,3623.788,233551.51,Not Suspended
2019/2020,2019,Qtr 4,October,T-4-2018,740.279,1317145.42,Not Suspended
2019/2020,2019,Qtr 4,October,T-4-2018,2.491,0.0,Suspended
2019/2020,2019,Qtr 4,October,T-4-2019,46207.373,74537384.82,Not Suspended
2019/2020,2020,Qtr 1,February,T-1-2019,3713.673,243033.71,Not Suspended
2019/2020,2020,Qtr 1,February,T-4-2018,762.361,1413105.07,Not Suspended
2019/2020,2020,Qtr 1,February,T-4-2019,45919.911,77439856.25,Not Suspended
2019/2020,2020,Qtr 1,February,T-4-2019,210.032,0.0,Suspended
2019/2020,2020,Qtr 1,January,T-1-2018,33.297,20070.74,Not Suspended
2019/2020,2020,Qtr 1,January,T-1-2019,3605.046,278646.62,Not Suspended
2019/2020,2020,Qtr 1,January,T-1-2019,1.75,0.0,Suspended
2019/2020,2020,Qtr 1,January,T-4-2018,755.256,1612911.19,Not Suspended
2019/2020,2020,Qtr 1,January,T-4-2018,2.491,0.0,Suspended
2019/2020,2020,Qtr 1,January,T-4-2019,45823.187,88731471.17,Not Suspended
2019/2020,2020,Qtr 1,January,T-4-2019,247.848,0.0,Suspended
2019/2020,2020,Qtr 1,March,T-1-2019,3932.142,251070.83,Not Suspended
2019/2020,2020,Qtr 1,March,T-4-2018,759.87,1463402.01,Not Suspended
2019/2020,2020,Qtr 1,March,T-4-2019,45971.761,80148648.87,Not Suspended
2019/2020,2020,Qtr 1,March,T-4-2019,192.032,0.0,Suspended
2019/2020,2020,Qtr 2,April,T-1-2019,3594.104,217115.83,Not Suspended
2019/2020,2020,Qtr 2,April,T-4-2018,759.87,1267239.22,Not Suspended
2019/2020,2020,Qtr 2,April,T-4-2019,45983.295,69519546.66,Not Suspended
2019/2020,2020,Qtr 2,April,T-4-2019,125.587,0.0,Suspended
2019/2020,2020,Qtr 2,June,T-1-2019,3500.379,196423.61,Not Suspended
2019/2020,2020,Qtr 2,June,T-1-2019,91.925,0.0,Suspended
2019/2020,2020,Qtr 2,June,T-4-2018,759.87,1177162.18,Not Suspended
2019/2020,2020,Qtr 2,June,T-4-2019,47833.701,64413704.44,Not Suspended
2019/2020,2020,Qtr 2,June,T-4-2019,252.119,0.0,Suspended
2019/2020,2020,Qtr 2,May,T-1-2019,3365.793,195678.67,Not Suspended
2019/2020,2020,Qtr 2,May,T-1-2019,226.511,0.0,Suspended
2019/2020,2020,Qtr 2,May,T-4-2018,756.126,1213581.54,Not Suspended
2019/2020,2020,Qtr 2,May,T-4-2018,3.744,0.0,Suspended
2019/2020,2020,Qtr 2,May,T-4-2019,45767.489,66605451.46,Not Suspended
2019/2020,2020,Qtr 2,May,T-4-2019,341.393,0.0,Suspended
2019/2020,2020,Qtr 3,August,T-1-2019,3582.887,203696.68,Not Suspended
2019/2020,2020,Qtr 3,August,T-1-2019,9.417,0.0,Suspended
2019/2020,2020,Qtr 3,August,T-4-2018,759.87,1192638.35,Not Suspended
2019/2020,2020,Qtr 3,August,T-4-2019,45779.691,65150865.72,Not Suspended
2019/2020,2020,Qtr 3,August,T-4-2019,329.269,0.0,Suspended
2019/2020,2020,Qtr 3,July,T-1-2019,3581.137,205452.86,Not Suspended
2019/2020,2020,Qtr 3,July,T-1-2019,11.167,0.0,Suspended
2019/2020,2020,Qtr 3,July,T-4-2018,759.87,1203508.38,Not Suspended
2019/2020,2020,Qtr 3,July,T-4-2019,45770.396,65731324.81,Not Suspended
2019/2020,2020,Qtr 3,July,T-4-2019,338.564,0.0,Suspended
2019/2020,2020,Qtr 3,September,T-1-2019,3592.304,207568.26,Not Suspended
2019/2020,2020,Qtr 3,September,T-4-2018,759.87,1212120.13,Not Suspended
2019/2020,2020,Qtr 3,September,T-4-2019,45799.268,66231577.85,Not Suspended
2019/2020,2020,Qtr 3,September,T-4-2019,328.6,0.0,Suspended
2020/2021,2020,Qtr 4,December,T-1-2020,995.887,95864.67,Not Suspended
2020/2021,2020,Qtr 4,December,T-4-2018,759.87,1577492.9,Not Suspended
2020/2021,2020,Qtr 4,December,T-4-2019,657.295,1237275.15,Not Suspended
2020/2021,2020,Qtr 4,December,T-4-2019,87.771,0.0,Suspended
2020/2021,2020,Qtr 4,December,T-4-2020,50491.364,117251573.73,Not Suspended
2020/2021,2020,Qtr 4,November,T-1-2020,1005.02,92914.68,Not Suspended
2020/2021,2020,Qtr 4,November,T-4-2018,759.87,1528576.28,Not Suspended
2020/2021,2020,Qtr 4,November,T-4-2019,657.295,1198908.48,Not Suspended
2020/2021,2020,Qtr 4,November,T-4-2019,87.771,0.0,Suspended
2020/2021,2020,Qtr 4,November,T-4-2020,51430.064,115411945.67,Not Suspended
2020/2021,2020,Qtr 4,October,T-1-2020,1001.055,84965.6,Not Suspended
2020/2021,2020,Qtr 4,October,T-4-2018,923.136,1397802.97,Not Suspended
2020/2021,2020,Qtr 4,October,T-4-2019,764.171,1190952.18,Not Suspended
2020/2021,2020,Qtr 4,October,T-4-2019,87.771,0.0,Suspended
2020/2021,2020,Qtr 4,October,T-4-2020,51510.903,106947125.33,Not Suspended
2020/2021,2021,Qtr 1,February,T-1-2020,993.379,87970.96,Not Suspended
2020/2021,2021,Qtr 1,February,T-4-2018,759.87,1311224.59,Not Suspended
2020/2021,2021,Qtr 1,February,T-4-2019,657.295,1086465.09,Not Suspended
2020/2021,2021,Qtr 1,February,T-4-2019,87.771,0.0,Suspended
2020/2021,2021,Qtr 1,February,T-4-2020,50058.366,107963882.43,Not Suspended
2020/2021,2021,Qtr 1,January,T-1-2020,993.379,98866.44,Not Suspended
2020/2021,2021,Qtr 1,January,T-4-2018,759.87,1630597.4,Not Suspended
2020/2021,2021,Qtr 1,January,T-4-2019,657.295,1278926.81,Not Suspended
2020/2021,2021,Qtr 1,January,T-4-2019,87.771,0.0,Suspended
2020/2021,2021,Qtr 1,January,T-4-2020,50051.012,121446216.52,Not Suspended
2020/2021,2021,Qtr 1,January,T-4-2020,7.354,0.0,Suspended
2020/2021,2021,Qtr 1,March,T-1-2020,993.379,90487.12,Not Suspended
2020/2021,2021,Qtr 1,March,T-4-2018,779.078,1492398.48,Not Suspended
2020/2021,2021,Qtr 1,March,T-4-2019,661.158,1170533.01,Not Suspended
2020/2021,2021,Qtr 1,March,T-4-2019,87.771,0.0,Suspended
2020/2021,2021,Qtr 1,March,T-4-2020,50108.888,111152305.87,Not Suspended
2020/2021,2021,Qtr 2,April,T-1-2020,995.723,75410.51,Not Suspended
2020/2021,2021,Qtr 2,April,T-4-2018,773.912,1242958.85,Not Suspended
2020/2021,2021,Qtr 2,April,T-4-2019,657.295,974890.03,Not Suspended
2020/2021,2021,Qtr 2,April,T-4-2019,87.771,0.0,Suspended
2020/2021,2021,Qtr 2,April,T-4-2020,50103.003,92638401.98,Not Suspended
2020/2021,2021,Qtr 2,June,T-1-2020,1007.496,71363.92,Not Suspended
2020/2021,2021,Qtr 2,June,T-1-2020,14.588,35.37,Suspended
2020/2021,2021,Qtr 2,June,T-4-2018,759.87,1191689.02,Not Suspended
2020/2021,2021,Qtr 2,June,T-4-2019,638.387,907790.44,Not Suspended
2020/2021,2021,Qtr 2,June,T-4-2019,106.679,0.0,Suspended
2020/2021,2021,Qtr 2,June,T-4-2020,48589.508,85980960.71,Not Suspended
2020/2021,2021,Qtr 2,June,T-4-2020,1161.034,128654.24,Suspended
2020/2021,2021,Qtr 2,May,T-1-2020,975.967,69998.37,Not Suspended
2020/2021,2021,Qtr 2,May,T-1-2020,14.588,0.0,Suspended
2020/2021,2021,Qtr 2,May,T-4-2018,759.87,1181720.43,Not Suspended
2020/2021,2021,Qtr 2,May,T-4-2019,638.387,900196.59,Not Suspended
2020/2021,2021,Qtr 2,May,T-4-2019,106.679,0.0,Suspended
2020/2021,2021,Qtr 2,May,T-4-2020,48433.321,85128526.33,Not Suspended
2020/2021,2021,Qtr 2,May,T-4-2020,1190.08,0.0,Suspended
2020/2021,2021,Qtr 3,August,T-1-2020,1007.271,74651.77,Not Suspended
2020/2021,2021,Qtr 3,August,T-4-2018,759.87,1216021.29,Not Suspended
2020/2021,2021,Qtr 3,August,T-4-2019,657.295,953762.2,Not Suspended
2020/2021,2021,Qtr 3,August,T-4-2019,87.771,0.0,Suspended
2020/2021,2021,Qtr 3,August,T-4-2020,49975.531,88069672.73,Not Suspended
2020/2021,2021,Qtr 3,August,T-4-2020,1065.45,0.0,Suspended
2020/2021,2021,Qtr 3,July,T-1-2020,1000.997,75269.8,Not Suspended
2020/2021,2021,Qtr 3,July,T-4-2018,759.87,1238335.17,Not Suspended
2020/2021,2021,Qtr 3,July,T-4-2019,657.295,971263.55,Not Suspended
2020/2021,2021,Qtr 3,July,T-4-2019,87.771,0.0,Suspended
2020/2021,2021,Qtr 3,July,T-4-2020,49223.028,89714964.91,Not Suspended
2020/2021,2021,Qtr 3,July,T-4-2020,1065.45,0.0,Suspended
2020/2021,2021,Qtr 3,September,T-1-2020,1007.271,75942.72,Not Suspended
2020/2021,2021,Qtr 3,September,T-4-2018,759.87,1235243.8,Not Suspended
2020/2021,2021,Qtr 3,September,T-4-2019,672.421,991134.54,Not Suspended
2020/2021,2021,Qtr 3,September,T-4-2019,72.645,0.0,Suspended
2020/2021,2021,Qtr 3,September,T-4-2020,48797.679,89619158.7,Not Suspended
2020/2021,2021,Qtr 3,September,T-4-2020,1065.45,65286.03,Suspended
2021/2022,2021,Qtr 4,December,T-1-2021,2220.846,9648694.26,Not Suspended
2021/2022,2021,Qtr 4,December,T-4-2018,832.886,1555474.05,Not Suspended
2021/2022,2021,Qtr 4,December,T-4-2019,747.873,1315247.22,Not Suspended
2021/2022,2021,Qtr 4,December,T-4-2019,77.372,0.0,Suspended
2021/2022,2021,Qtr 4,December,T-4-2020,2304.481,5376337.82,Not Suspended
2021/2022,2021,Qtr 4,December,T-4-2021,46830.701,40714771.24,Not Suspended
2021/2022,2021,Qtr 4,November,T-1-2021,2220.846,9250347.26,Not Suspended
2021/2022,2021,Qtr 4,November,T-4-2018,971.428,1490037.99,Not Suspended
2021/2022,2021,Qtr 4,November,T-4-2019,785.689,1259917.11,Not Suspended
2021/2022,2021,Qtr 4,November,T-4-2019,77.372,0.0,Suspended
2021/2022,2021,Qtr 4,November,T-4-2020,2235.121,5081458.54,Not Suspended
2021/2022,2021,Qtr 4,November,T-4-2021,47092.51,39238986.13,Not Suspended
2021/2022,2021,Qtr 4,October,T-1-2021,2221.061,8600375.07,Not Suspended
2021/2022,2021,Qtr 4,October,T-4-2018,759.87,1407322.14,Not Suspended
2021/2022,2021,Qtr 4,October,T-4-2019,782.702,1347605.94,Not Suspended
2021/2022,2021,Qtr 4,October,T-4-2020,2235.121,4751256.86,Not Suspended
2021/2022,2021,Qtr 4,October,T-4-2021,47084.847,37067942.5,Not Suspended
2021/2022,2022,Qtr 1,February,T-1-2021,2243.571,8736175.85,Not Suspended
2021/2022,2022,Qtr 1,February,T-4-2018,741.148,1409282.23,Not Suspended
2021/2022,2022,Qtr 1,February,T-4-2019,710.271,1192810.77,Not Suspended
2021/2022,2022,Qtr 1,February,T-4-2019,57.594,0.0,Suspended
2021/2022,2022,Qtr 1,February,T-4-2020,2376.417,5041415.12,Not Suspended
2021/2022,2022,Qtr 1,February,T-4-2021,46758.435,36862243.37,Not Suspended
2021/2022,2022,Qtr 1,January,T-1-2021,2218.301,10072654.38,Not Suspended
2021/2022,2022,Qtr 1,January,T-4-2018,741.148,1624355.97,Not Suspended
2021/2022,2022,Qtr 1,January,T-4-2019,691.149,1373491.13,Not Suspended
2021/2022,2022,Qtr 1,January,T-4-2019,77.372,0.0,Suspended
2021/2022,2022,Qtr 1,January,T-4-2020,2324.371,5672188.56,Not Suspended
2021/2022,2022,Qtr 1,January,T-4-2021,46799.178,42517727.38,Not Suspended
2021/2022,2022,Qtr 1,March,T-1-2021,2217.979,8849520.11,Not Suspended
2021/2022,2022,Qtr 1,March,T-4-2018,741.148,1427315.65,Not Suspended
2021/2022,2022,Qtr 1,March,T-4-2019,710.271,1240272.29,Not Suspended
2021/2022,2022,Qtr 1,March,T-4-2019,57.594,0.0,Suspended
2021/2022,2022,Qtr 1,March,T-4-2020,2529.316,5175557.94,Not Suspended
2021/2022,2022,Qtr 1,March,T-4-2021,46780.524,37333157.41,Not Suspended
2021/2022,2022,Qtr 2,April,T-1-2021,2217.979,7576892.89,Not Suspended
2021/2022,2022,Qtr 2,April,T-4-2018,741.148,1222172.47,Not Suspended
2021/2022,2022,Qtr 2,April,T-4-2019,710.271,1062012.13,Not Suspended
2021/2022,2022,Qtr 2,April,T-4-2019,57.594,0.0,Suspended
2021/2022,2022,Qtr 2,April,T-4-2020,2378.128,4434632.88,Not Suspended
2021/2022,2022,Qtr 2,April,T-4-2021,46766.524,31971855.33,Not Suspended
2021/2022,2022,Qtr 2,June,T-1-2021,2166.288,6754434.49,Not Suspended
2021/2022,2022,Qtr 2,June,T-1-2021,47.786,25110.82,Suspended
2021/2022,2022,Qtr 2,June,T-4-2018,756.125,1148097.26,Not Suspended
2021/2022,2022,Qtr 2,June,T-4-2019,820.559,1025177.1,Not Suspended
2021/2022,2022,Qtr 2,June,T-4-2019,37.816,0.0,Suspended
2021/2022,2022,Qtr 2,June,T-4-2020,2397.103,4154552.18,Not Suspended
2021/2022,2022,Qtr 2,June,T-4-2020,6.451,7156.95,Suspended
2021/2022,2022,Qtr 2,June,T-4-2021,44483.509,28569424.89,Not Suspended
2021/2022,2022,Qtr 2,June,T-4-2021,1649.644,9819.02,Suspended
2021/2022,2022,Qtr 2,May,T-1-2021,2166.288,7231535.11,Not Suspended
2021/2022,2022,Qtr 2,May,T-1-2021,47.786,0.0,Suspended
2021/2022,2022,Qtr 2,May,T-4-2018,737.217,1187852.29,Not Suspended
2021/2022,2022,Qtr 2,May,T-4-2018,3.931,0.0,Suspended
2021/2022,2022,Qtr 2,May,T-4-2019,710.751,1020842.38,Not Suspended
2021/2022,2022,Qtr 2,May,T-4-2019,57.594,0.0,Suspended
2021/2022,2022,Qtr 2,May,T-4-2020,2361.992,4303685.0,Not Suspended
2021/2022,2022,Qtr 2,May,T-4-2020,16.136,0.0,Suspended
2021/2022,2022,Qtr 2,May,T-4-2021,44467.133,29307297.05,Not Suspended
2021/2022,2022,Qtr 2,May,T-4-2021,1705.461,0.0,Suspended
2021/2022,2022,Qtr 3,August,T-1-2021,2124.295,7131351.96,Not Suspended
2021/2022,2022,Qtr 3,August,T-1-2021,12.66,0.0,Suspended
2021/2022,2022,Qtr 3,August,T-4-2018,741.148,1200921.9,Not Suspended
2021/2022,2022,Qtr 3,August,T-4-2019,729.873,1072346.26,Not Suspended
2021/2022,2022,Qtr 3,August,T-4-2019,37.816,0.0,Suspended
2021/2022,2022,Qtr 3,August,T-4-2020,2373.506,4349057.27,Not Suspended
2021/2022,2022,Qtr 3,August,T-4-2020,4.622,0.0,Suspended
2021/2022,2022,Qtr 3,August,T-4-2021,44782.359,30062238.3,Not Suspended
2021/2022,2022,Qtr 3,August,T-4-2021,1380.412,0.0,Suspended
2021/2022,2022,Qtr 3,July,T-1-2021,2099.873,7082646.55,Not Suspended
2021/2022,2022,Qtr 3,July,T-1-2021,37.082,35244.22,Suspended
2021/2022,2022,Qtr 3,July,T-4-2018,741.148,1206591.56,Not Suspended
2021/2022,2022,Qtr 3,July,T-4-2019,729.873,1077408.85,Not Suspended
2021/2022,2022,Qtr 3,July,T-4-2019,37.816,0.0,Suspended
2021/2022,2022,Qtr 3,July,T-4-2020,2373.506,4369589.34,Not Suspended
2021/2022,2022,Qtr 3,July,T-4-2020,4.622,0.0,Suspended
2021/2022,2022,Qtr 3,July,T-4-2021,44705.692,30173989.97,Not Suspended
2021/2022,2022,Qtr 3,July,T-4-2021,1420.547,9098.28,Suspended
2021/2022,2022,Qtr 3,September,T-1-2021,2124.295,7198210.98,Not Suspended
2021/2022,2022,Qtr 3,September,T-1-2021,12.66,0.0,Suspended
2021/2022,2022,Qtr 3,September,T-4-2018,741.148,1212181.14,Not Suspended
2021/2022,2022,Qtr 3,September,T-4-2019,748.553,1090710.65,Not Suspended
2021/2022,2022,Qtr 3,September,T-4-2019,18.908,0.0,Suspended
2021/2022,2022,Qtr 3,September,T-4-2020,2388.803,4390177.39,Not Suspended
2021/2022,2022,Qtr 3,September,T-4-2020,4.622,0.0,Suspended
2021/2022,2022,Qtr 3,September,T-4-2021,44790.246,30367086.92,Not Suspended
2021/2022,2022,Qtr 3,September,T-4-2021,1380.412,0.0,Suspended
2022/2023,2022,Qtr 4,December,T-1-2021,1.772,7795.63,Not Suspended
2022/2023,2022,Qtr 4,December,T-1-2022,4886.901,35718829.74,Not Suspended
2022/2023,2022,Qtr 4,December,T-1-2022,95.714,0.0,Suspended
2022/2023,2022,Qtr 4,December,T-3-2022,43392.164,30190179.12,Not Suspended
2022/2023,2022,Qtr 4,December,T-3-2022,2073.6,0.0,Suspended
2022/2023,2022,Qtr 4,December,T-4-2018,741.148,1668853.69,Not Suspended
2022/2023,2022,Qtr 4,December,T-4-2019,748.553,1528318.06,Not Suspended
2022/2023,2022,Qtr 4,December,T-4-2019,18.908,0.0,Suspended
2022/2023,2022,Qtr 4,December,T-4-2020,2507.111,6192289.9,Not Suspended
2022/2023,2022,Qtr 4,December,T-4-2021,206.775,191675.66,Not Suspended
2022/2023,2022,Qtr 4,December,T-4-2021,1.536,0.0,Suspended
2022/2023,2022,Qtr 4,November,T-1-2021,1.772,0.0,Suspended
2022/2023,2022,Qtr 4,November,T-1-2022,5029.597,34495736.43,Not Suspended
2022/2023,2022,Qtr 4,November,T-3-2022,45465.764,28693591.96,Not Suspended
2022/2023,2022,Qtr 4,November,T-4-2018,741.148,1585079.34,Not Suspended
2022/2023,2022,Qtr 4,November,T-4-2019,748.553,1451598.57,Not Suspended
2022/2023,2022,Qtr 4,November,T-4-2019,18.908,0.0,Suspended
2022/2023,2022,Qtr 4,November,T-4-2020,2489.659,5881445.48,Not Suspended
2022/2023,2022,Qtr 4,November,T-4-2021,205.317,182053.78,Not Suspended
2022/2023,2022,Qtr 4,November,T-4-2021,1.536,0.0,Suspended
2022/2023,2022,Qtr 4,October,T-1-2021,1.772,0.0,Suspended
2022/2023,2022,Qtr 4,October,T-1-2022,4998.117,32250550.95,Not Suspended
2022/2023,2022,Qtr 4,October,T-3-2022,43392.164,26887946.66,Not Suspended
2022/2023,2022,Qtr 4,October,T-4-2018,741.148,1485452.23,Not Suspended
2022/2023,2022,Qtr 4,October,T-4-2019,748.553,1360360.94,Not Suspended
2022/2023,2022,Qtr 4,October,T-4-2019,18.908,0.0,Suspended
2022/2023,2022,Qtr 4,October,T-4-2020,2431.885,5427298.76,Not Suspended
2022/2023,2022,Qtr 4,October,T-4-2021,226.752,173416.33,Not Suspended
2022/2023,2022,Qtr 4,October,T-4-2021,1.536,0.0,Suspended
2022/2023,2023,Qtr 1,February,T-1-2022,4921.383,31967000.72,Not Suspended
2022/2023,2023,Qtr 1,February,T-1-2022,53.297,0.0,Suspended
2022/2023,2023,Qtr 1,February,T-3-2022,43350.242,26846061.42,Not Suspended
2022/2023,2023,Qtr 1,February,T-3-2022,2088.758,0.0,Suspended
2022/2023,2023,Qtr 1,February,T-4-2018,741.148,1484453.13,Not Suspended
2022/2023,2023,Qtr 1,February,T-4-2019,747.461,1357462.85,Not Suspended
2022/2023,2023,Qtr 1,February,T-4-2020,2437.535,5520867.68,Not Suspended
2022/2023,2023,Qtr 1,February,T-4-2021,194.347,161386.87,Not Suspended
2022/2023,2023,Qtr 1,January,T-1-2021,1.772,6196.15,Not Suspended
2022/2023,2023,Qtr 1,January,T-1-2022,4891.939,36650403.53,Not Suspended
2022/2023,2023,Qtr 1,January,T-1-2022,81.783,0.0,Suspended
2022/2023,2023,Qtr 1,January,T-3-2022,43365.4,30992994.87,Not Suspended
2022/2023,2023,Qtr 1,January,T-3-2022,2073.6,0.0,Suspended
2022/2023,2023,Qtr 1,January,T-4-2018,741.148,1713323.41,Not Suspended
2022/2023,2023,Qtr 1,January,T-4-2019,748.553,1567690.77,Not Suspended
2022/2023,2023,Qtr 1,January,T-4-2019,18.908,0.0,Suspended
2022/2023,2023,Qtr 1,January,T-4-2020,2431.885,6357295.24,Not Suspended
2022/2023,2023,Qtr 1,January,T-4-2021,213.195,194409.05,Not Suspended
2022/2023,2023,Qtr 1,January,T-4-2021,1.536,0.0,Suspended
2022/2023,2023,Qtr 1,March,T-1-2022,4917.929,32923302.82,Not Suspended
2022/2023,2023,Qtr 1,March,T-1-2022,48.64,0.0,Suspended
2022/2023,2023,Qtr 1,March,T-3-2022,43350.242,27556066.35,Not Suspended
2022/2023,2023,Qtr 1,March,T-3-2022,2088.758,0.0,Suspended
2022/2023,2023,Qtr 1,March,T-4-2018,765.078,1523712.72,Not Suspended
2022/2023,2023,Qtr 1,March,T-4-2019,758.686,1393364.04,Not Suspended
2022/2023,2023,Qtr 1,March,T-4-2020,2437.535,5666879.5,Not Suspended
2022/2023,2023,Qtr 1,March,T-4-2021,194.347,165655.07,Not Suspended
2022/2023,2023,Qtr 2,April,T-1-2022,4917.929,27689874.63,Not Suspended
2022/2023,2023,Qtr 2,April,T-1-2022,48.64,0.0,Suspended
2022/2023,2023,Qtr 2,April,T-3-2022,43350.242,23175804.25,Not Suspended
2022/2023,2023,Qtr 2,April,T-3-2022,2088.758,0.0,Suspended
2022/2023,2023,Qtr 2,April,T-4-2018,741.148,1281506.24,Not Suspended
2022/2023,2023,Qtr 2,April,T-4-2019,747.461,1171877.52,Not Suspended
2022/2023,2023,Qtr 2,April,T-4-2020,2446.779,4766082.7,Not Suspended
2022/2023,2023,Qtr 2,April,T-4-2021,204.915,139322.86,Not Suspended
2022/2023,2023,Qtr 2,June,T-1-2022,4870.054,26258666.49,Not Suspended
2022/2023,2023,Qtr 2,June,T-1-2022,60.162,0.0,Suspended
2022/2023,2023,Qtr 2,June,T-3-2022,41335.037,21162246.88,Not Suspended
2022/2023,2023,Qtr 2,June,T-3-2022,2030.363,6510.29,Suspended
2022/2023,2023,Qtr 2,June,T-4-2018,741.148,1227215.58,Not Suspended
2022/2023,2023,Qtr 2,June,T-4-2019,747.461,1122231.19,Not Suspended
2022/2023,2023,Qtr 2,June,T-4-2020,2442.801,4563450.18,Not Suspended
2022/2023,2023,Qtr 2,June,T-4-2020,4.622,0.0,Suspended
2022/2023,2023,Qtr 2,June,T-4-2021,194.347,133420.49,Not Suspended
2022/2023,2023,Qtr 2,May,T-1-2022,4881.565,26472257.9,Not Suspended
2022/2023,2023,Qtr 2,May,T-1-2022,85.605,0.0,Suspended
2022/2023,2023,Qtr 2,May,T-3-2022,42987.437,21444726.8,Not Suspended
2022/2023,2023,Qtr 2,May,T-3-2022,2451.563,0.0,Suspended
2022/2023,2023,Qtr 2,May,T-4-2018,741.148,1243596.92,Not Suspended
2022/2023,2023,Qtr 2,May,T-4-2019,727.661,1107086.78,Not Suspended
2022/2023,2023,Qtr 2,May,T-4-2019,19.8,0.0,Suspended
2022/2023,2023,Qtr 2,May,T-4-2020,2437.151,4617879.39,Not Suspended
2022/2023,2023,Qtr 2,May,T-4-2020,4.622,0.0,Suspended
2022/2023,2023,Qtr 2,May,T-4-2021,194.347,135201.42,Not Suspended
2022/2023,2023,Qtr 3,August,T-1-2022,4923.763,27521996.07,Not Suspended
2022/2023,2023,Qtr 3,August,T-1-2022,22.508,0.0,Suspended
2022/2023,2023,Qtr 3,August,T-3-2022,41679.748,22181872.95,Not Suspended
2022/2023,2023,Qtr 3,August,T-3-2022,1685.652,0.0,Suspended
2022/2023,2023,Qtr 3,August,T-4-2018,741.148,1275705.92,Not Suspended
2022/2023,2023,Qtr 3,August,T-4-2019,766.369,1166573.25,Not Suspended
2022/2023,2023,Qtr 3,August,T-4-2020,2437.151,4743763.05,Not Suspended
2022/2023,2023,Qtr 3,August,T-4-2020,4.622,0.0,Suspended
2022/2023,2023,Qtr 3,August,T-4-2021,194.347,138692.26,Not Suspended
2022/2023,2023,Qtr 3,July,T-1-2022,4887.268,27532375.94,Not Suspended
2022/2023,2023,Qtr 3,July,T-1-2022,46.425,48571.77,Suspended
2022/2023,2023,Qtr 3,July,T-3-2022,41679.748,22294984.21,Not Suspended
2022/2023,2023,Qtr 3,July,T-3-2022,1685.652,0.0,Suspended
2022/2023,2023,Qtr 3,July,T-4-2018,741.148,1282211.0,Not Suspended
2022/2023,2023,Qtr 3,July,T-4-2019,747.461,1172521.92,Not Suspended
2022/2023,2023,Qtr 3,July,T-4-2020,2437.151,4767952.79,Not Suspended
2022/2023,2023,Qtr 3,July,T-4-2020,4.622,0.0,Suspended
2022/2023,2023,Qtr 3,July,T-4-2021,194.347,139399.48,Not Suspended
2022/2023,2023,Qtr 3,September,T-1-2022,4927.4,28080586.1,Not Suspended
2022/2023,2023,Qtr 3,September,T-1-2022,22.135,4211.88,Suspended
2022/2023,2023,Qtr 3,September,T-3-2022,41688.556,22592676.53,Not Suspended
2022/2023,2023,Qtr 3,September,T-3-2022,1685.652,30181.88,Suspended
2022/2023,2023,Qtr 3,September,T-4-2018,741.148,1299271.86,Not Suspended
2022/2023,2023,Qtr 3,September,T-4-2019,747.461,1188123.38,Not Suspended
2022/2023,2023,Qtr 3,September,T-4-2020,2437.151,4831394.19,Not Suspended
2022/2023,2023,Qtr 3,September,T-4-2020,4.622,305.42,Suspended
2022/2023,2023,Qtr 3,September,T-4-2021,194.347,141254.3,Not Suspended
2023/2024,2023,Qtr 4,December,T-1-2023,5653.956,33339409.74,Not Suspended
2023/2024,2023,Qtr 4,December,T-3-2022,123.2,95330.4,Not Suspended
2023/2024,2023,Qtr 4,December,T-4-2018,741.148,1854804.69,Not Suspended
2023/2024,2023,Qtr 4,December,T-4-2019,747.461,1696132.1,Not Suspended
2023/2024,2023,Qtr 4,December,T-4-2020,2441.773,6910245.65,Not Suspended
2023/2024,2023,Qtr 4,December,T-4-2021,194.347,201650.76,Not Suspended
2023/2024,2023,Qtr 4,December,T-4-2023,43240.841,80359246.42,Not Suspended
2023/2024,2023,Qtr 4,November,T-1-2023,5622.075,30063029.3,Not Suspended
2023/2024,2023,Qtr 4,November,T-3-2022,123.2,86342.3,Not Suspended
2023/2024,2023,Qtr 4,November,T-4-2018,741.148,1679926.97,Not Suspended
2023/2024,2023,Qtr 4,November,T-4-2019,747.461,1536214.57,Not Suspended
2023/2024,2023,Qtr 4,November,T-4-2020,2441.773,6258722.27,Not Suspended
2023/2024,2023,Qtr 4,November,T-4-2021,194.347,182638.37,Not Suspended
2023/2024,2023,Qtr 4,November,T-4-2023,43251.748,73565250.76,Not Suspended
2023/2024,2023,Qtr 4,October,T-1-2023,5590.379,28004562.48,Not Suspended
2023/2024,2023,Qtr 4,October,T-3-2022,123.2,81025.46,Not Suspended
2023/2024,2023,Qtr 4,October,T-4-2018,741.148,1576479.05,Not Suspended
2023/2024,2023,Qtr 4,October,T-4-2019,747.461,1441616.24,Not Suspended
2023/2024,2023,Qtr 4,October,T-4-2020,2441.773,5873317.6,Not Suspended
2023/2024,2023,Qtr 4,October,T-4-2021,194.347,171391.73,Not Suspended
2023/2024,2023,Qtr 4,October,T-4-2023,43217.019,69030769.66,Not Suspended
2023/2024,2024,Qtr 1,February,T-1-2023,5682.016,29150509.32,Not Suspended
2023/2024,2024,Qtr 1,February,T-3-2022,123.2,82888.19,Not Suspended
2023/2024,2024,Qtr 1,February,T-4-2018,741.148,1612722.08,Not Suspended
2023/2024,2024,Qtr 1,February,T-4-2019,747.461,1474758.87,Not Suspended
2023/2024,2024,Qtr 1,February,T-4-2020,2441.773,6008344.15,Not Suspended
2023/2024,2024,Qtr 1,February,T-4-2021,194.347,175332.01,Not Suspended
2023/2024,2024,Qtr 1,February,T-4-2023,42598.785,69631404.25,Not Suspended
2023/2024,2024,Qtr 1,January,T-1-2023,5677.82,34077564.64,Not Suspended
2023/2024,2024,Qtr 1,January,T-3-2022,123.2,97203.81,Not Suspended
2023/2024,2024,Qtr 1,January,T-4-2018,759.87,1891254.28,Not Suspended
2023/2024,2024,Qtr 1,January,T-4-2019,747.461,1729463.41,Not Suspended
2023/2024,2024,Qtr 1,January,T-4-2020,2441.773,7046041.26,Not Suspended
2023/2024,2024,Qtr 1,January,T-4-2021,194.347,205613.45,Not Suspended
2023/2024,2024,Qtr 1,January,T-4-2023,42635.102,81684307.0,Not Suspended
2023/2024,2024,Qtr 1,March,T-1-2023,5679.732,30887580.3,Not Suspended
2023/2024,2024,Qtr 1,March,T-3-2022,123.2,87713.09,Not Suspended
2023/2024,2024,Qtr 1,March,T-4-2018,741.148,1706597.94,Not Suspended
2023/2024,2024,Qtr 1,March,T-4-2019,747.461,1560603.9,Not Suspended
2023/2024,2024,Qtr 1,March,T-4-2020,2441.773,6358087.14,Not Suspended
2023/2024,2024,Qtr 1,March,T-4-2021,194.347,185537.97,Not Suspended
2023/2024,2024,Qtr 1,March,T-4-2023,42598.785,73660213.55,Not Suspended
2023/2024,2024,Qtr 1,March,T-4-2023,7.594,0.0,Suspended
2023/2024,2024,Qtr 2,April,T-1-2023,,0.0,
2023/2024,2024,Qtr 2,April,T-1-2023,5689.03,27061665.34,Not Suspended
2023/2024,2024,Qtr 2,April,T-3-2022,123.2,76687.65,Not Suspended
2023/2024,2024,Qtr 2,April,T-4-2018,741.148,1492080.27,Not Suspended
2023/2024,2024,Qtr 2,April,T-4-2019,747.461,1364437.64,Not Suspended
2023/2024,2024,Qtr 2,April,T-4-2020,2441.773,5558882.05,Not Suspended
2023/2024,2024,Qtr 2,April,T-4-2021,194.347,162216.06,Not Suspended
2023/2024,2024,Qtr 2,April,T-4-2023,42604.102,64428808.94,Not Suspended
2023/2024,2024,Qtr 2,April,T-4-2023,7.594,0.0,Suspended
2023/2024,2024,Qtr 2,June,T-1-2023,,130421.17,
2023/2024,2024,Qtr 2,June,T-1-2023,5508.717,23360953.12,Not Suspended
2023/2024,2024,Qtr 2,June,T-1-2023,132.217,70274.62,Suspended
2023/2024,2024,Qtr 2,June,T-3-2022,123.2,68426.11,Not Suspended
2023/2024,2024,Qtr 2,June,T-4-2018,741.148,1331339.27,Not Suspended
2023/2024,2024,Qtr 2,June,T-4-2019,747.461,1217447.41,Not Suspended
2023/2024,2024,Qtr 2,June,T-4-2020,2389.969,4854796.32,Not Suspended
2023/2024,2024,Qtr 2,June,T-4-2020,51.804,79868.19,Suspended
2023/2024,2024,Qtr 2,June,T-4-2021,194.347,144740.61,Not Suspended
2023/2024,2024,Qtr 2,June,T-4-2023,,5620.65,
2023/2024,2024,Qtr 2,June,T-4-2023,42019.537,56706223.68,Not Suspended
2023/2024,2024,Qtr 2,June,T-4-2023,537.649,2324.77,Suspended
2023/2024,2024,Qtr 2,May,T-1-2023,,139905.65,
2023/2024,2024,Qtr 2,May,T-1-2023,5482.839,24968917.07,Not Suspended
2023/2024,2024,Qtr 2,May,T-1-2023,148.814,0.0,Suspended
2023/2024,2024,Qtr 2,May,T-3-2022,123.2,73402.24,Not Suspended
2023/2024,2024,Qtr 2,May,T-4-2018,749.291,1428156.88,Not Suspended
2023/2024,2024,Qtr 2,May,T-4-2019,767.261,1305982.62,Not Suspended
2023/2024,2024,Qtr 2,May,T-4-2020,2389.969,5207846.9,Not Suspended
2023/2024,2024,Qtr 2,May,T-4-2020,51.804,0.0,Suspended
2023/2024,2024,Qtr 2,May,T-4-2021,194.347,155266.44,Not Suspended
2023/2024,2024,Qtr 2,May,T-4-2023,,5734.92,
2023/2024,2024,Qtr 2,May,T-4-2023,42066.087,60830015.41,Not Suspended
2023/2024,2024,Qtr 2,May,T-4-2023,537.649,0.0,Suspended
2023/2024,2024,Qtr 3,August,T-1-2023,,43229.05,
2023/2024,2024,Qtr 3,August,T-1-2023,5647.071,25402911.03,Not Suspended
2023/2024,2024,Qtr 3,August,T-1-2023,36.487,0.0,Suspended
2023/2024,2024,Qtr 3,August,T-3-2022,123.2,72545.44,Not Suspended
2023/2024,2024,Qtr 3,August,T-4-2018,741.148,1411487.04,Not Suspended
2023/2024,2024,Qtr 3,August,T-4-2019,747.461,1290738.74,Not Suspended
2023/2024,2024,Qtr 3,August,T-4-2020,2437.151,5248670.32,Not Suspended
2023/2024,2024,Qtr 3,August,T-4-2020,4.622,0.0,Suspended
2023/2024,2024,Qtr 3,August,T-4-2021,194.347,153454.1,Not Suspended
2023/2024,2024,Qtr 3,August,T-4-2023,,5959.02,
2023/2024,2024,Qtr 3,August,T-4-2023,42080.21,60206792.21,Not Suspended
2023/2024,2024,Qtr 3,August,T-4-2023,479.766,0.0,Suspended
2023/2024,2024,Qtr 3,July,T-1-2023,,117954.91,
2023/2024,2024,Qtr 3,July,T-1-2023,5539.962,24711302.71,Not Suspended
2023/2024,2024,Qtr 3,July,T-1-2023,130.639,104993.83,Suspended
2023/2024,2024,Qtr 3,July,T-3-2022,123.2,71876.18,Not Suspended
2023/2024,2024,Qtr 3,July,T-4-2018,741.148,1398465.41,Not Suspended
2023/2024,2024,Qtr 3,July,T-4-2019,747.461,1278831.21,Not Suspended
2023/2024,2024,Qtr 3,July,T-4-2020,2437.151,5200249.43,Not Suspended
2023/2024,2024,Qtr 3,July,T-4-2020,4.622,0.0,Suspended
2023/2024,2024,Qtr 3,July,T-4-2021,194.347,152038.46,Not Suspended
2023/2024,2024,Qtr 3,July,T-4-2023,,5904.05,
2023/2024,2024,Qtr 3,July,T-4-2023,42027.495,59573446.78,Not Suspended
2023/2024,2024,Qtr 3,July,T-4-2023,532.481,62012.49,Suspended
2023/2024,2024,Qtr 3,September,T-1-2023,,43728.18,
2023/2024,2024,Qtr 3,September,T-1-2023,5661.481,25717156.44,Not Suspended
2023/2024,2024,Qtr 3,September,T-1-2023,36.487,0.0,Suspended
2023/2024,2024,Qtr 3,September,T-3-2022,123.2,73383.06,Not Suspended
2023/2024,2024,Qtr 3,September,T-4-2018,741.148,1427784.27,Not Suspended
2023/2024,2024,Qtr 3,September,T-4-2019,747.461,1305641.84,Not Suspended
2023/2024,2024,Qtr 3,September,T-4-2020,2437.151,5309272.71,Not Suspended
2023/2024,2024,Qtr 3,September,T-4-2020,4.622,0.0,Suspended
2023/2024,2024,Qtr 3,September,T-4-2021,194.347,155225.89,Not Suspended
2023/2024,2024,Qtr 3,September,T-4-2023,,6027.83,
2023/2024,2024,Qtr 3,September,T-4-2023,42080.21,60901952.34,Not Suspended
2023/2024,2024,Qtr 3,September,T-4-2023,479.766,0.0,Suspended
2024/2025,2024,Qtr 4,December,T-1-2024,7353.799,25765498.5,Not Suspended
2024/2025,2024,Qtr 4,December,T-3-2022,123.2,98248.25,Not Suspended
2024/2025,2024,Qtr 4,December,T-4-2018,741.148,1911575.55,Not Suspended
2024/2025,2024,Qtr 4,December,T-4-2019,747.461,1748046.33,Not Suspended
2024/2025,2024,Qtr 4,December,T-4-2020,2437.151,7108269.85,Not Suspended
2024/2025,2024,Qtr 4,December,T-4-2020,4.622,0.0,Suspended
2024/2025,2024,Qtr 4,December,T-4-2021,182.391,195037.75,Not Suspended
2024/2025,2024,Qtr 4,December,T-4-2023,1301.343,2521587.12,Not Suspended
2024/2025,2024,Qtr 4,December,T-4-2024,39583.591,84614548.77,Not Suspended
2024/2025,2024,Qtr 4,November,T-1-2024,7336.461,23878151.59,Not Suspended
2024/2025,2024,Qtr 4,November,T-3-2022,123.2,91151.41,Not Suspended
2024/2025,2024,Qtr 4,November,T-4-2018,741.148,1773495.6,Not Suspended
2024/2025,2024,Qtr 4,November,T-4-2019,747.461,1621778.54,Not Suspended
2024/2025,2024,Qtr 4,November,T-4-2020,2437.151,6594813.64,Not Suspended
2024/2025,2024,Qtr 4,November,T-4-2020,4.622,0.0,Suspended
2024/2025,2024,Qtr 4,November,T-4-2021,182.391,180949.47,Not Suspended
2024/2025,2024,Qtr 4,November,T-4-2023,1301.343,2339443.7,Not Suspended
2024/2025,2024,Qtr 4,November,T-4-2024,39583.591,79067977.56,Not Suspended
2024/2025,2024,Qtr 4,October,T-1-2023,,-94453.55,
2024/2025,2024,Qtr 4,October,T-1-2024,7376.526,21629975.9,Not Suspended
2024/2025,2024,Qtr 4,October,T-3-2022,123.2,82488.66,Not Suspended
2024/2025,2024,Qtr 4,October,T-4-2018,741.148,1604947.71,Not Suspended
2024/2025,2024,Qtr 4,October,T-4-2019,747.461,1467649.56,Not Suspended
2024/2025,2024,Qtr 4,October,T-4-2020,2437.151,5968061.93,Not Suspended
2024/2025,2024,Qtr 4,October,T-4-2020,4.622,0.0,Suspended
2024/2025,2024,Qtr 4,October,T-4-2021,182.391,163752.54,Not Suspended
2024/2025,2024,Qtr 4,October,T-4-2023,1308.523,2117109.84,Not Suspended
2024/2025,2024,Qtr 4,October,T-4-2024,39577.388,71532071.6,Not Suspended
2024/2025,2025,Qtr 1,February,T-1-2024,7431.816,22947160.27,Not Suspended
2024/2025,2025,Qtr 1,February,T-3-2022,123.2,86706.29,Not Suspended
2024/2025,2025,Qtr 1,February,T-4-2018,741.148,1687008.43,Not Suspended
2024/2025,2025,Qtr 1,February,T-4-2019,747.461,1542690.23,Not Suspended
2024/2025,2025,Qtr 1,February,T-4-2020,2437.151,6273208.16,Not Suspended
2024/2025,2025,Qtr 1,February,T-4-2020,4.622,0.0,Suspended
2024/2025,2025,Qtr 1,February,T-4-2021,182.391,172125.2,Not Suspended
2024/2025,2025,Qtr 1,February,T-4-2023,1352.803,2259001.26,Not Suspended
2024/2025,2025,Qtr 1,February,T-4-2024,38959.524,74029034.37,Not Suspended
2024/2025,2025,Qtr 1,January,T-1-2024,7444.917,26565513.75,Not Suspended
2024/2025,2025,Qtr 1,January,T-3-2022,123.2,101010.11,Not Suspended
2024/2025,2025,Qtr 1,January,T-4-2018,741.148,1965312.18,Not Suspended
2024/2025,2025,Qtr 1,January,T-4-2019,747.461,1797185.98,Not Suspended
2024/2025,2025,Qtr 1,January,T-4-2020,2437.151,7308091.56,Not Suspended
2024/2025,2025,Qtr 1,January,T-4-2020,4.622,0.0,Suspended
2024/2025,2025,Qtr 1,January,T-4-2021,182.391,200520.46,Not Suspended
2024/2025,2025,Qtr 1,January,T-4-2023,1320.339,2602237.77,Not Suspended
2024/2025,2025,Qtr 1,January,T-4-2024,38956.609,86222244.05,Not Suspended
2024/2025,2025,Qtr 1,March,T-1-2024,7429.855,24195240.35,Not Suspended
2024/2025,2025,Qtr 1,March,T-3-2022,123.2,91273.26,Not Suspended
2024/2025,2025,Qtr 1,March,T-4-2018,741.148,1775866.53,Not Suspended
2024/2025,2025,Qtr 1,March,T-4-2019,747.461,1623946.79,Not Suspended
2024/2025,2025,Qtr 1,March,T-4-2020,2441.773,6616153.86,Not Suspended
2024/2025,2025,Qtr 1,March,T-4-2021,182.391,181191.36,Not Suspended
2024/2025,2025,Qtr 1,March,T-4-2023,1328.148,2380581.38,Not Suspended
2024/2025,2025,Qtr 1,March,T-4-2024,38959.524,77932368.09,Not Suspended
2024/2025,2025,Qtr 2,April,T-1-2024,,28907.48,
2024/2025,2025,Qtr 2,April,T-1-2024,7442.777,20950820.76,Not Suspended
2024/2025,2025,Qtr 2,April,T-3-2022,123.2,78939.46,Not Suspended
2024/2025,2025,Qtr 2,April,T-4-2018,741.148,1535893.18,Not Suspended
2024/2025,2025,Qtr 2,April,T-4-2019,747.461,1404502.39,Not Suspended
2024/2025,2025,Qtr 2,April,T-4-2020,2441.773,5722111.02,Not Suspended
2024/2025,2025,Qtr 2,April,T-4-2021,182.391,141501.25,Not Suspended
2024/2025,2025,Qtr 2,April,T-4-2023,1322.738,2059328.06,Not Suspended
2024/2025,2025,Qtr 2,April,T-4-2024,,4932.33,
2024/2025,2025,Qtr 2,April,T-4-2024,38965.441,67403489.78,Not Suspended
2024/2025,2025,Qtr 2,June,T-1-2024,,8030.42,
2024/2025,2025,Qtr 2,June,T-1-2024,7432.056,19158797.78,Not Suspended
2024/2025,2025,Qtr 2,June,T-1-2024,26.818,10325.12,Suspended
2024/2025,2025,Qtr 2,June,T-3-2022,123.2,72312.99,Not Suspended
2024/2025,2025,Qtr 2,June,T-4-2018,737.217,1399501.52,Not Suspended
2024/2025,2025,Qtr 2,June,T-4-2018,3.931,0.0,Suspended
2024/2025,2025,Qtr 2,June,T-4-2019,747.461,1286602.67,Not Suspended
2024/2025,2025,Qtr 2,June,T-4-2020,2432.442,5221742.81,Not Suspended
2024/2025,2025,Qtr 2,June,T-4-2020,9.331,0.0,Suspended
2024/2025,2025,Qtr 2,June,T-4-2021,132.587,104353.67,Not Suspended
2024/2025,2025,Qtr 2,June,T-4-2021,30.842,0.0,Suspended
2024/2025,2025,Qtr 2,June,T-4-2023,1319.017,1881152.94,Not Suspended
2024/2025,2025,Qtr 2,June,T-4-2023,3.721,0.0,Suspended
2024/2025,2025,Qtr 2,June,T-4-2024,38920.464,61681497.32,Not Suspended
2024/2025,2025,Qtr 2,June,T-4-2024,42.974,0.0,Suspended
2024/2025,2025,Qtr 2,May,T-1-2024,,34950.83,
2024/2025,2025,Qtr 2,May,T-1-2024,7382.218,19605132.92,Not Suspended
2024/2025,2025,Qtr 2,May,T-1-2024,58.88,0.0,Suspended
2024/2025,2025,Qtr 2,May,T-3-2022,123.2,74350.13,Not Suspended
2024/2025,2025,Qtr 2,May,T-4-2018,737.217,1438927.02,Not Suspended
2024/2025,2025,Qtr 2,May,T-4-2018,3.931,0.0,Suspended
2024/2025,2025,Qtr 2,May,T-4-2019,747.461,1322847.78,Not Suspended
2024/2025,2025,Qtr 2,May,T-4-2020,2419.258,5339745.74,Not Suspended
2024/2025,2025,Qtr 2,May,T-4-2020,22.515,0.0,Suspended
2024/2025,2025,Qtr 2,May,T-4-2021,132.587,107293.45,Not Suspended
2024/2025,2025,Qtr 2,May,T-4-2021,30.842,0.0,Suspended
2024/2025,2025,Qtr 2,May,T-4-2023,1319.017,1934147.18,Not Suspended
2024/2025,2025,Qtr 2,May,T-4-2023,3.721,0.0,Suspended
2024/2025,2025,Qtr 2,May,T-4-2024,,1798.5,
2024/2025,2025,Qtr 2,May,T-4-2024,38917.612,63413229.88,Not Suspended
2024/2025,2025,Qtr 2,May,T-4-2024,45.826,0.0,Suspended
2024/2025,2025,Qtr 3,August,T-1-2024,7446.963,19896126.27,Not Suspended
2024/2025,2025,Qtr 3,August,T-1-2024,3.976,0.0,Suspended
2024/2025,2025,Qtr 3,August,T-3-2022,123.2,74797.65,Not Suspended
2024/2025,2025,Qtr 3,August,T-4-2018,737.217,1447588.73,Not Suspended
2024/2025,2025,Qtr 3,August,T-4-2018,3.931,0.0,Suspended
2024/2025,2025,Qtr 3,August,T-4-2019,747.461,1330810.66,Not Suspended
2024/2025,2025,Qtr 3,August,T-4-2020,2432.442,5401163.02,Not Suspended
2024/2025,2025,Qtr 3,August,T-4-2020,9.331,0.0,Suspended
2024/2025,2025,Qtr 3,August,T-4-2021,132.587,107939.28,Not Suspended
2024/2025,2025,Qtr 3,August,T-4-2021,30.842,0.0,Suspended
2024/2025,2025,Qtr 3,August,T-4-2023,1319.017,1945789.74,Not Suspended
2024/2025,2025,Qtr 3,August,T-4-2023,3.721,0.0,Suspended
2024/2025,2025,Qtr 3,August,T-4-2024,38920.464,63800887.81,Not Suspended
2024/2025,2025,Qtr 3,August,T-4-2024,42.974,0.0,Suspended
2024/2025,2025,Qtr 3,July,T-1-2024,7434.549,19820373.22,Not Suspended
2024/2025,2025,Qtr 3,July,T-1-2024,16.39,9523.75,Suspended
2024/2025,2025,Qtr 3,July,T-3-2022,123.2,74637.3,Not Suspended
2024/2025,2025,Qtr 3,July,T-4-2018,737.217,1444485.06,Not Suspended
2024/2025,2025,Qtr 3,July,T-4-2018,3.931,0.0,Suspended
2024/2025,2025,Qtr 3,July,T-4-2019,747.461,1327957.34,Not Suspended
2024/2025,2025,Qtr 3,July,T-4-2020,2432.442,5389582.95,Not Suspended
2024/2025,2025,Qtr 3,July,T-4-2020,9.331,0.0,Suspended
2024/2025,2025,Qtr 3,July,T-4-2021,132.587,107707.87,Not Suspended
2024/2025,2025,Qtr 3,July,T-4-2021,30.842,0.0,Suspended
2024/2025,2025,Qtr 3,July,T-4-2023,1319.017,1941617.98,Not Suspended
2024/2025,2025,Qtr 3,July,T-4-2023,3.721,0.0,Suspended
2024/2025,2025,Qtr 3,July,T-4-2024,38920.464,63664098.65,Not Suspended
2024/2025,2025,Qtr 3,July,T-4-2024,42.974,0.0,Suspended
2024/2025,2025,Qtr 3,September,T-1-2024,7446.963,20233957.92,Not Suspended
2024/2025,2025,Qtr 3,September,T-1-2024,3.976,0.0,Suspended
2024/2025,2025,Qtr 3,September,T-3-2022,123.2,76067.72,Not Suspended
2024/2025,2025,Qtr 3,September,T-4-2018,737.217,1472168.55,Not Suspended
2024/2025,2025,Qtr 3,September,T-4-2018,3.931,0.0,Suspended
2024/2025,2025,Qtr 3,September,T-4-2019,747.461,1353407.57,Not Suspended
2024/2025,2025,Qtr 3,September,T-4-2020,2432.442,5492873.53,Not Suspended
2024/2025,2025,Qtr 3,September,T-4-2020,9.331,0.0,Suspended
2024/2025,2025,Qtr 3,September,T-4-2021,139.875,115805.97,Not Suspended
2024/2025,2025,Qtr 3,September,T-4-2021,23.554,0.0,Suspended
2024/2025,2025,Qtr 3,September,T-4-2023,1319.017,1978828.82,Not Suspended
2024/2025,2025,Qtr 3,September,T-4-2023,3.721,0.0,Suspended
2024/2025,2025,Qtr 3,September,T-4-2024,38927.784,64896416.22,Not Suspended
2024/2025,2025,Qtr 3,September,T-4-2024,35.654,6359.64,Suspended
2025/2026,2025,Qtr 4,December,T-1-2025,7728.096,14880773.5,Not Suspended
2025/2026,2025,Qtr 4,December,T-3-2022,123.2,100393.09,Not Suspended
2025/2026,2025,Qtr 4,December,T-4-2018,741.148,1953307.1,Not Suspended
2025/2026,2025,Qtr 4,December,T-4-2019,747.461,1786207.99,Not Suspended
2025/2026,2025,Qtr 4,December,T-4-2020,2441.773,7277225.52,Not Suspended
2025/2026,2025,Qtr 4,December,T-4-2021,150.719,164688.16,Not Suspended
2025/2026,2025,Qtr 4,December,T-4-2023,1322.738,2618997.66,Not Suspended
2025/2026,2025,Qtr 4,December,T-4-2024,755.159,1661509.65,Not Suspended
2025/2026,2025,Qtr 4,December,T-4-2025,41175.323,152832871.54,Not Suspended
2025/2026,2025,Qtr 4,December,T-4-2025,206.867,0.0,Suspended
2025/2026,2025,Qtr 4,November,T-1-2025,7633.069,13743273.19,Not Suspended
2025/2026,2025,Qtr 4,November,T-3-2022,123.2,94835.92,Not Suspended
2025/2026,2025,Qtr 4,November,T-4-2018,741.148,1845183.72,Not Suspended
2025/2026,2025,Qtr 4,November,T-4-2019,747.461,1687334.22,Not Suspended
2025/2026,2025,Qtr 4,November,T-4-2020,2441.773,6874401.52,Not Suspended
2025/2026,2025,Qtr 4,November,T-4-2021,163.429,163880.87,Not Suspended
2025/2026,2025,Qtr 4,November,T-4-2023,1322.738,2474025.47,Not Suspended
2025/2026,2025,Qtr 4,November,T-4-2024,755.159,1544454.76,Not Suspended
2025/2026,2025,Qtr 4,November,T-4-2025,41175.323,144199795.5,Not Suspended
2025/2026,2025,Qtr 4,November,T-4-2025,206.867,0.0,Suspended
2025/2026,2025,Qtr 4,October,T-1-2025,7402.978,12310064.9,Not Suspended
2025/2026,2025,Qtr 4,October,T-3-2022,123.2,85764.83,Not Suspended
2025/2026,2025,Qtr 4,October,T-4-2018,741.148,1668691.41,Not Suspended
2025/2026,2025,Qtr 4,October,T-4-2019,747.461,1525940.05,Not Suspended
2025/2026,2025,Qtr 4,October,T-4-2020,2441.773,6216862.82,Not Suspended
2025/2026,2025,Qtr 4,October,T-4-2021,163.429,152555.87,Not Suspended
2025/2026,2025,Qtr 4,October,T-4-2023,1322.738,2237384.14,Not Suspended
2025/2026,2025,Qtr 4,October,T-4-2024,933.623,1651279.85,Not Suspended
2025/2026,2025,Qtr 4,October,T-4-2025,41738.987,132317770.49,Not Suspended
2025/2026,2026,Qtr 1,February,T-1-2025,7704.8,13727039.51,Not Suspended
2025/2026,2026,Qtr 1,February,T-1-2025,10.833,0.0,Suspended
2025/2026,2026,Qtr 1,February,T-3-2022,123.2,92064.7,Not Suspended
2025/2026,2026,Qtr 1,February,T-4-2018,741.148,1791265.01,Not Suspended
2025/2026,2026,Qtr 1,February,T-4-2019,747.461,1638027.89,Not Suspended
2025/2026,2026,Qtr 1,February,T-4-2020,2441.773,6673522.09,Not Suspended
2025/2026,2026,Qtr 1,February,T-4-2021,150.719,151025.96,Not Suspended
2025/2026,2026,Qtr 1,February,T-4-2023,1322.738,2401731.07,Not Suspended
2025/2026,2026,Qtr 1,February,T-4-2024,755.159,1523674.3,Not Suspended
2025/2026,2026,Qtr 1,February,T-4-2025,41285.115,140348003.85,Not Suspended
2025/2026,2026,Qtr 1,February,T-4-2025,96.664,0.0,Suspended
2025/2026,2026,Qtr 1,January,T-1-2025,7675.275,15838698.16,Not Suspended
2025/2026,2026,Qtr 1,January,T-1-2025,10.833,0.0,Suspended
2025/2026,2026,Qtr 1,January,T-3-2022,123.2,106383.54,Not Suspended
2025/2026,2026,Qtr 1,January,T-4-2018,741.148,2069860.75,Not Suspended
2025/2026,2026,Qtr 1,January,T-4-2019,747.461,1892790.85,Not Suspended
2025/2026,2026,Qtr 1,January,T-4-2020,2441.773,7711456.82,Not Suspended
2025/2026,2026,Qtr 1,January,T-4-2021,150.719,174515.05,Not Suspended
2025/2026,2026,Qtr 1,January,T-4-2023,1322.738,2775272.97,Not Suspended
2025/2026,2026,Qtr 1,January,T-4-2024,755.159,1760651.76,Not Suspended
2025/2026,2026,Qtr 1,January,T-4-2025,41183.168,161953387.96,Not Suspended
2025/2026,2026,Qtr 1,January,T-4-2025,206.867,0.0,Suspended
2025/2026,2026,Qtr 1,March,T-1-2025,7717.855,14005577.4,Not Suspended
2025/2026,2026,Qtr 1,March,T-1-2025,10.833,0.0,Suspended
2025/2026,2026,Qtr 1,March,T-3-2022,123.2,93566.09,Not Suspended
2025/2026,2026,Qtr 1,March,T-4-2018,741.148,1820476.71,Not Suspended
2025/2026,2026,Qtr 1,March,T-4-2019,747.461,1664740.57,Not Suspended
2025/2026,2026,Qtr 1,March,T-4-2020,2441.773,6782352.88,Not Suspended
2025/2026,2026,Qtr 1,March,T-4-2021,150.719,153488.87,Not Suspended
2025/2026,2026,Qtr 1,March,T-4-2023,1322.738,2440898.12,Not Suspended
2025/2026,2026,Qtr 1,March,T-4-2024,755.159,1548522.11,Not Suspended
2025/2026,2026,Qtr 1,March,T-4-2025,41326.755,142822857.98,Not Suspended
2025/2026,2026,Qtr 1,March,T-4-2025,94.654,0.0,Suspended
2025/2026,2026,Qtr 2,April,T-1-2025,7724.269,12012109.44,Not Suspended
2025/2026,2026,Qtr 2,April,T-1-2025,11.219,0.0,Suspended
2025/2026,2026,Qtr 2,April,T-3-2022,123.2,80113.15,Not Suspended
2025/2026,2026,Qtr 2,April,T-4-2018,741.148,1558729.1,Not Suspended
2025/2026,2026,Qtr 2,April,T-4-2019,747.461,1425384.9,Not Suspended
2025/2026,2026,Qtr 2,April,T-4-2020,2441.773,5807188.9,Not Suspended
2025/2026,2026,Qtr 2,April,T-4-2021,150.719,131420.32,Not Suspended
2025/2026,2026,Qtr 2,April,T-4-2023,1322.738,2089946.72,Not Suspended
2025/2026,2026,Qtr 2,April,T-4-2024,755.159,1325876.19,Not Suspended
2025/2026,2026,Qtr 2,April,T-4-2025,41314.352,122290876.52,Not Suspended
2025/2026,2026,Qtr 2,April,T-4-2025,94.654,0.0,Suspended
2025/2026,2026,Qtr 2,June,T-1-2025,7500.911,10571262.81,Not Suspended
2025/2026,2026,Qtr 2,June,T-1-2025,236.122,12866.46,Suspended
2025/2026,2026,Qtr 2,June,T-3-2022,117.807,69435.54,Not Suspended
2025/2026,2026,Qtr 2,June,T-3-2022,5.393,0.0,Suspended
2025/2026,2026,Qtr 2,June,T-4-2018,741.148,1412824.33,Not Suspended
2025/2026,2026,Qtr 2,June,T-4-2019,718.545,1241981.24,Not Suspended
2025/2026,2026,Qtr 2,June,T-4-2019,17.572,13161.47,Suspended
2025/2026,2026,Qtr 2,June,T-4-2020,2441.773,5263606.81,Not Suspended
2025/2026,2026,Qtr 2,June,T-4-2021,145.729,115174.94,Not Suspended
2025/2026,2026,Qtr 2,June,T-4-2023,1322.738,1894317.26,Not Suspended
2025/2026,2026,Qtr 2,June,T-4-2024,750.874,1194948.36,Not Suspended
2025/2026,2026,Qtr 2,June,T-4-2025,41040.138,110175922.86,Not Suspended
2025/2026,2026,Qtr 2,June,T-4-2025,330.395,100890.15,Suspended
2025/2026,2026,Qtr 2,May,T-1-2025,7475.058,10928656.98,Not Suspended
2025/2026,2026,Qtr 2,May,T-1-2025,261.489,0.0,Suspended
2025/2026,2026,Qtr 2,May,T-3-2022,117.807,72176.63,Not Suspended
2025/2026,2026,Qtr 2,May,T-3-2022,5.393,0.0,Suspended
2025/2026,2026,Qtr 2,May,T-4-2018,741.148,1468598.14,Not Suspended
2025/2026,2026,Qtr 2,May,T-4-2019,724.217,1299886.75,Not Suspended
2025/2026,2026,Qtr 2,May,T-4-2019,17.572,0.0,Suspended
2025/2026,2026,Qtr 2,May,T-4-2020,2441.773,5471397.3,Not Suspended
2025/2026,2026,Qtr 2,May,T-4-2021,145.729,119721.68,Not Suspended
2025/2026,2026,Qtr 2,May,T-4-2023,1322.738,1969098.85,Not Suspended
2025/2026,2026,Qtr 2,May,T-4-2024,736.277,1217974.3,Not Suspended
2025/2026,2026,Qtr 2,May,T-4-2024,14.597,0.0,Suspended
2025/2026,2026,Qtr 2,May,T-4-2025,41028.756,114498692.97,Not Suspended
2025/2026,2026,Qtr 2,May,T-4-2025,341.876,0.0,Suspended
