Auction,AR1,AR1,AR1,AR2,AR3,AR4,AR4,AR4,AR5,AR5,AR6,AR6,AR6,AR7,AR7,AR7,AR7 (Scotland)
Technology,Offshore Wind,Onshore Wind,Solar,Offshore Wind,Offshore Wind,Offshore Wind,Onshore Wind,Solar,Onshore Wind,Solar,Offshore Wind,Onshore Wind,Solar,Offshore Wind,Onshore Wind,Solar,Offshore Wind
2015,0,0,32.88,0,0,0,0,0,0,0,0,0,0,0,0,0,0
2016,0,45,38.67,0,0,0,0,0,0,0,0,0,0,0,0,0,0
2017,714,77.5,0,0,0,0,0,0,0,0,0,0,0,0,0,0,0
2018,448,626.05,0,0,0,0,0,0,0,0,0,0,0,0,0,0,0
2019,0,0,0,0,0,0,0,0,0,0,0,0,0,0,0,0,0
2020,0,0,0,0,0,0,0,0,0,0,0,0,0,0,0,0,0
2021,0,0,0,860,0,0,0,0,0,0,0,0,0,0,0,0,0
2022,0,0,0,2336,0,0,0,0,0,0,0,0,0,0,0,0,0
2023,0,0,0,0,1212,0,0,251.38,0,0,0,0,0,0,0,0,0
2024,0,0,0,0,2854,0,887.96,1958.03,0,0,0,0,0,0,0,0,0
2025,0,0,0,0,0,0,0,0,31.1,393.96,0,0,0,0,0,0,0
2026,0,0,0,0,0,6994,0,0,204.4,150.74,0,272.58,1091.54,0,0,0,0
2027,0,0,0,0,0,0,0,0,0,0,1578.51,717.79,2196.77,0,625.82,1870.58,0
2028,0,0,0,0,0,0,0,0,0,0,3363.07,0,0,1710,680.36,3034.43,0
2029,0,0,0,0,0,0,0,0,0,0,0,0,0,1380,0,0,0
2030,0,0,0,0,0,0,0,0,0,0,0,0,0,3775,0,0,1380
