CfD_Name,Constituency,Region,Country,MP_Name,Party,CfD_Location_Postcode,Technology_Type,Operational_Start_Date,Expected_Operational_Start_Date,Maximum_Contract_Capacity_MW,Generation_Since_Start_MWh,Generation_Last_Year_MWh,Total_GHG_Avoided_TCO2E,Homes_Powered_Equivalent_Per_Annum,Cars_Off_Road_Equivalent_Per_Annum
"Dogger Bank South East CfD Unit A Phase 1","Goole and Pocklington","Yorkshire and The Humber","England","David Davis","Conservative","HU16 5SB","Offshore Wind",,2031-09-28 00:00:00.0000000,403.000,,,,,
"Langer Lane","North East Derbyshire","East Midlands","England","Louise Sandher-Jones","Labour","S42 6TS","Solar PV",,2028-12-29 00:00:00.0000000,7.500,,,,,
"UKZ024 Station Road","Waveney Valley","East of England","England","Adrian Ramsay","Green Party","NR15 2AJ","Solar PV",,2028-01-23 00:00:00.0000000,15.000,,,,,
"Garendon Solar Plant","Loughborough","East Midlands","England","Dr Jeevun Sandher","Labour","LE12 9SH","Solar PV",,2029-05-01 00:00:00.0000000,49.990,,,,,
"Tralorg Wind Farm","Ayr, Carrick and Cumnock","Glasgow and Strathclyde","Scotland","Elaine Stewart","Labour","KA26 0TX","Onshore Wind",2020-11-13 00:00:00.0000000,,18.684,279712.702,57071.576,24197.891,20719.459407,3456.841557
"Rock Farm Solar Farm","South Shropshire","West Midlands","England","Stuart Anderson","Conservative","SY8 2DT","Solar PV",,2027-04-16 00:00:00.0000000,40.000,,,,,
"Preston Farm Solar Park","East Hampshire","South East England","England","Damian Hinds","Conservative","RG25 2DS","Solar PV",,2026-06-15 00:00:00.0000000,20.000,,,,,
"Low Farm Solar Park","Boston and Skegness","East Midlands","England","Richard Tice","Reform UK","PE24 4JS","Solar PV",2025-06-16 00:00:00.0000000,,40.060,25964.886,25964.886,1175.347,,
"Cobwood Solar Farm 1","Horsham","South East England","England","John Milne","Liberal Democrat","RH13 8DL","Solar PV",,2028-03-01 00:00:00.0000000,20.000,,,,,
"Carlton Solar Farm 2","Selby","Yorkshire and The Humber","England","Keir Mather","Labour","YO88PN","Solar PV",,2028-01-03 00:00:00.0000000,12.400,,,,,
"Norfolk Vanguard East CFD Unit C Phase 1","Mid Norfolk","East of England","England","George Freeman","Conservative","PE37 8EG","Offshore Wind",,2029-08-11 00:00:00.0000000,75.000,,,,,
"Gonerby Solar","Grantham and Bourne","East Midlands","England","Gareth Davies","Conservative","NG32 2AB","Solar PV",,2028-06-30 00:00:00.0000000,49.990,,,,,
"Enoch Hill 2","Ayr, Carrick and Cumnock","Glasgow and Strathclyde","Scotland","Elaine Stewart","Labour","KA18 4PR","Onshore Wind",,2028-09-30 00:00:00.0000000,9.600,,,,,
"HW SOLAR FARM LIMITED","Clacton","East of England","England","Nigel Farage","Reform UK","CO16 9BN","Solar PV",,2028-05-15 00:00:00.0000000,18.000,,,,,
"UKZ015 Mallows","Boston and Skegness","East Midlands","England","Richard Tice","Reform UK","PE22 0TL","Solar PV",,2027-09-30 00:00:00.0000000,10.000,,,,,
"Langford","Honiton and Sidmouth","South West England","England","Richard Foord","Liberal Democrat","EX15 1RQ","Solar PV",,2028-02-15 00:00:00.0000000,35.710,,,,,
"Moreton Lane Solar Farm","Stroud","South West England","England","Dr Simon Opher","Labour","GL2 7PN","Solar PV",,2028-02-15 00:00:00.0000000,49.000,,,,,
"Lethans Extension Wind Farm","Ayr, Carrick and Cumnock","Glasgow and Strathclyde","Scotland","Elaine Stewart","Labour","KA18 4NR","Onshore Wind",,2029-09-29 00:00:00.0000000,70.000,,,,,
"Kype Muir Wind Farm","East Kilbride and Strathaven","Glasgow and Strathclyde","Scotland","Joani Reid","Independent","ML10 6RE","Onshore Wind",2019-03-28 00:00:00.0000000,,87.230,1423898.950,230721.908,130186.862,75338.568782,13284.373672
"Worlds End Solar Farm","Stroud","South West England","England","Dr Simon Opher","Labour","GL13 9RA","Solar PV",,2028-03-31 00:00:00.0000000,49.900,,,,,
"Triton Knoll Offshore Wind Farm Phase 1","Boston and Skegness","East Midlands","England","Richard Tice","Reform UK","PE20 3BN","Offshore Wind",2021-05-17 00:00:00.0000000,,216.600,3543847.799,817078.266,294609.356,262507.244370,42087.050900
"West Burton Solar Project - AR7 - Site 2","Gainsborough","East Midlands","England","Sir Edward Leigh","Conservative","LN1 2PQ","Solar PV",,2029-09-29 00:00:00.0000000,182.600,,,,,
"Arecleoch Wind Farm Extension","Ayr, Carrick and Cumnock","Glasgow and Strathclyde","Scotland","Elaine Stewart","Labour","KA26 0QH","Onshore Wind",,2027-11-15 00:00:00.0000000,74.100,,,,,
"Aller Langport Solar Park","Glastonbury and Somerton","South West England","England","Sarah Dyke","Liberal Democrat","TA10 0QR","Solar PV",2025-08-05 00:00:00.0000000,,10.000,10218.724,10218.724,461.088,,
"Fambridge","Southend East and Rochford","East of England","England","Mr Bayo Alaba","Labour","SS4 3RY","Solar PV",,2028-02-29 00:00:00.0000000,39.520,,,,,
"Charity Farm","North Shropshire","West Midlands","England","Helen Morgan","Liberal Democrat","SY4 5TA","Solar PV",2016-06-30 00:00:00.0000000,,11.940,133933.231,14258.097,12446.806,5511.655596,987.841705
"Peradon Solar Farm","Exmouth and Exeter East","South West England","England","David Reed","Conservative","EX15 2NG","Solar PV",,2027-04-01 00:00:00.0000000,49.000,,,,,
"Norfolk Vanguard West CFD Unit A Phase 2","Mid Norfolk","East of England","England","George Freeman","Conservative","PE37 8EG","Offshore Wind",,2029-05-25 00:00:00.0000000,600.000,,,,,
"Lawns Solar Farm","Fylde","North West England","England","Mr Andrew Snowden","Conservative","FY8 4NG","Solar PV",,2028-06-30 00:00:00.0000000,20.000,,,,,
"South Park Solar Farm","Romsey and Southampton North","South East England","England","Caroline Nokes","Conservative","SP11 9LP","Solar PV",,2028-03-17 00:00:00.0000000,14.930,,,,,
"Steeraway Solar Farm","The Wrekin","West Midlands","England","Mark Pritchard","Conservative","TF1 2JU","Solar PV",,2026-11-16 00:00:00.0000000,30.000,,,,,
"Stowey Road","North East Somerset and Hanham","South West England","England","Dan Norris","Independent","BS39 5TQ","Solar PV",,2028-07-01 00:00:00.0000000,49.900,,,,,
"Dogger Bank A P1","Goole and Pocklington","Yorkshire and The Humber","England","David Davis","Conservative","HU16 5SB","Offshore Wind",,2026-11-30 00:00:00.0000000,302.400,,,,,
"Horton Solar Farm","Exmouth and Exeter East","South West England","England","David Reed","Conservative","EX5 2NX","Solar PV",,2028-02-15 00:00:00.0000000,50.000,,,,,
"Wormald Green Solar Farm","Wetherby and Easingwold","Yorkshire and The Humber","England","Sir Alec Shelbrooke","Conservative","HG3 3QJ","Solar PV",,2027-12-30 00:00:00.0000000,43.000,,,,,
"BF31 WHF SOLAR LIMITED","West Suffolk","East of England","England","Nick Timothy","Conservative","CO10 8UA","Solar PV",,2029-09-29 00:00:00.0000000,25.000,,,,,
"Laynes Wood","Forest of Dean","South West England","England","Matt Bishop","Labour","GL18 1HG","Solar PV",,2028-02-15 00:00:00.0000000,49.900,,,,,
"HSS24","York Outer","Yorkshire and The Humber","England","Mr Luke Charters","Labour","YO26 8JT","Solar PV",,2027-07-15 00:00:00.0000000,32.000,,,,,
"Guisborough Estate","Middlesbrough South and East Cleveland","North East England","England","Luke Myer","Labour","TS14 6QX","Solar PV",,2029-07-02 00:00:00.0000000,39.600,,,,,
"Houndbeare Farm Solar Farm","Exmouth and Exeter East","South West England","England","David Reed","Conservative","EX5 2EZ","Solar PV",,2026-06-30 00:00:00.0000000,10.530,,,,,
"Norfolk Vanguard East CFD Unit B Phase 1","Mid Norfolk","East of England","England","George Freeman","Conservative","PE37 8EG","Offshore Wind",,2029-07-22 00:00:00.0000000,90.000,,,,,
"CBT24","Newton Abbot","South West England","England","Martin Wrigley","Liberal Democrat","TQ12 4SS","Solar PV",,2026-07-31 00:00:00.0000000,12.800,,,,,
"Bramford Green Limited","Central Suffolk and North Ipswich","East of England","England","Patrick Spencer","Independent","IP8 4JL","Solar PV",,2028-03-02 00:00:00.0000000,22.500,,,,,
"Dogger Bank South East CfD Unit A Phase 3","Goole and Pocklington","Yorkshire and The Humber","England","David Davis","Conservative","HU16 5SB","Offshore Wind",,2032-12-30 00:00:00.0000000,539.000,,,,,
"Clacton","Clacton","East of England","England","Nigel Farage","Reform UK","CO16 0HN","Solar PV",,2028-03-31 00:00:00.0000000,20.000,,,,,
"Fell Wind Farm","Dumfries and Galloway","Scotland South","Scotland","John Cooper","Conservative","DG3 4ER","Onshore Wind",,2029-10-31 00:00:00.0000000,50.000,,,,,
"Grange Farm Palgrave","Waveney Valley","East of England","England","Adrian Ramsay","Green Party","IP22 1AZ","Solar PV",,2027-09-30 00:00:00.0000000,12.000,,,,,
"Sheraton Hall Solar Farm","Easington","North East England","England","Grahame Morris","Labour","TS27 4RD","Solar PV",,2028-02-15 00:00:00.0000000,40.000,,,,,
"Ford Oaks Solar Farm","Exmouth and Exeter East","South West England","England","David Reed","Conservative","EX5 2EU","Solar PV",,2027-09-30 00:00:00.0000000,30.000,,,,,
"East Anglia Two, Phase 2","Suffolk Coastal","East of England","England","Jenny Riddell-Carpenter","Labour","IP17 1PT","Offshore Wind",,2028-12-16 00:00:00.0000000,346.100,,,,,
"Foxwalks solar farm","Bromsgrove","West Midlands","England","Bradley Thomas","Conservative","B61 7HB","Solar PV",,2028-09-30 00:00:00.0000000,29.400,,,,,
"Druim Leathann Wind Farm Limited","Na h-Eileanan an Iar","Highland and Islands","Scotland","Torcuil Crichton","Labour","HS2 0NG","Remote Island Wind",,2030-10-31 00:00:00.0000000,49.500,,,,,
"Dogger Bank South West CfD Unit A Phase 1","Goole and Pocklington","Yorkshire and The Humber","England","David Davis","Conservative","HU16 5SB","Offshore Wind",,2031-04-30 00:00:00.0000000,403.000,,,,,
"Bishampton Solar PV","Droitwich and Evesham","West Midlands","England","Nigel Huddleston","Conservative","WR10 2LZ","Solar PV",2025-01-20 00:00:00.0000000,,30.000,38580.179,26320.126,1842.182,14288.955185,1315.844214
"Dudgeon Phase 2","Mid Norfolk","East of England","England","George Freeman","Conservative","PE37 8EG","Offshore Wind",2017-08-02 00:00:00.0000000,,206.230,7434877.905,915299.252,691454.105,344207.310416,61736.973687
"Cumberhead West","Hamilton and Clyde Valley","Glasgow and Strathclyde","Scotland","Imogen Walker","Labour","ML11 0HW","Onshore Wind",,2026-12-31 00:00:00.0000000,113.200,,,,,
"Locquiers Solar Farm","Forest of Dean","South West England","England","Matt Bishop","Labour","GL17 0HQ","Solar PV",,2027-07-31 00:00:00.0000000,12.000,,,,,
"Dogger Bank A P2","Goole and Pocklington","Yorkshire and The Humber","England","David Davis","Conservative","HU16 5SB","Offshore Wind",,2026-11-30 00:00:00.0000000,441.000,,,,,
"Old Malton Solar Farm","Thirsk and Malton","Yorkshire and The Humber","England","Kevin Hollinrake","Conservative","YO17 6SB","Solar PV",,2029-04-01 00:00:00.0000000,49.900,,,,,
"Corriegarth 2 Wind Farm Limited","Inverness, Skye and West Ross-shire","Highland and Islands","Scotland","Mr Angus MacDonald","Liberal Democrat","IV2 6UL","Onshore Wind",,2028-09-29 00:00:00.0000000,66.190,,,,,
"Norfolk Vanguard East CFD Unit A Phase 2","Mid Norfolk","East of England","England","George Freeman","Conservative","PE37 8EG","Offshore Wind",,2030-04-04 00:00:00.0000000,690.000,,,,,
"Viking Wind Farm AR5","Orkney and Shetland","Highland and Islands","Scotland","Mr Alistair Carmichael","Liberal Democrat","ZE2 9LP","Remote Island Wind",,2028-03-31 00:00:00.0000000,223.600,,,,,
"Melksham Calne Green","Melksham and Devizes","South West England","England","Brian Mathew","Liberal Democrat","SN12 8LZ","Solar PV",,2027-09-02 00:00:00.0000000,18.300,,,,,
"Coldharbour Solar Farm","Torridge and Tavistock","South West England","England","Sir Geoffrey Cox","Conservative","EX18 7NQ","Solar PV",,2028-03-31 00:00:00.0000000,46.000,,,,,
"Henley Solar Farm","South Shropshire","West Midlands","England","Stuart Anderson","Conservative","SY8 4JX","Solar PV",,2027-02-15 00:00:00.0000000,12.000,,,,,
"Kirk Hill Wind Farm","Ayr, Carrick and Cumnock","Glasgow and Strathclyde","Scotland","Elaine Stewart","Labour","KA26 9SP","Onshore Wind",,2026-07-17 00:00:00.0000000,7.050,,,,,
"Dogger Bank B P2","Goole and Pocklington","Yorkshire and The Humber","England","David Davis","Conservative","HU16 5SB","Offshore Wind",,2027-06-01 00:00:00.0000000,441.000,,,,,
"Stowmarket","Central Suffolk and North Ipswich","East of England","England","Patrick Spencer","Independent","IP14 5HA","Solar PV",,2029-09-29 00:00:00.0000000,20.000,,,,,
"Dudgeon Phase 1","Mid Norfolk","East of England","England","George Freeman","Conservative","PE37 8EG","Offshore Wind",2017-04-27 00:00:00.0000000,,88.540,3305011.310,396175.201,308766.731,136008.695884,24505.296087
"Foley Farms","North Herefordshire","West Midlands","England","Dr Ellie Chowns","Green Party","HR1 4HG","Solar PV",,2028-08-30 00:00:00.0000000,16.300,,,,,
"Whinfield Solar Farm","Darlington","North East England","England","Lola McEvoy","Labour","DL1 3LE","Solar PV",,2026-06-19 00:00:00.0000000,22.800,,,,,
"Triton Knoll Offshore Wind Farm Phase 3","Boston and Skegness","East Midlands","England","Richard Tice","Reform UK","PE20 3BN","Offshore Wind",2023-03-31 00:00:00.0000000,,423.700,4548219.708,1542312.238,292389.999,561508.605925,69616.666309
"Fernishaw Farm PV and Energy Storage Facility","Airdrie and Shotts","Glasgow and Strathclyde","Scotland","Kenneth Stevenson","Labour","ML1 5NQ","Solar PV",,2029-06-01 00:00:00.0000000,49.900,,,,,
"Easter Drumclair wind farm","Falkirk","Tayside, Central and Fife","Scotland","Euan Stainbank","Labour","FK1 3DD","Onshore Wind",,2026-11-01 00:00:00.0000000,6.000,,,,,
"Higher Hawkerland solar farm","Exmouth and Exeter East","South West England","England","David Reed","Conservative","EX5 2JW","Solar PV",,2028-05-15 00:00:00.0000000,10.204,,,,,
"Hett Moor Solar Farm","City of Durham","North East England","England","Mary Kelly Foy","Labour","DH6 5JL","Solar PV",,2029-05-02 00:00:00.0000000,44.400,,,,,
"Highgate Solar Farm, Normanby By Spital","Gainsborough","East Midlands","England","Sir Edward Leigh","Conservative","LN8 2HQ","Solar PV",,2029-05-01 00:00:00.0000000,8.000,,,,,
"Wyndham Estate","Tiverton and Minehead","South West England","England","Rachel Gilmour","Liberal Democrat","TA23 0QB","Solar PV",,2029-01-30 00:00:00.0000000,21.050,,,,,
"Gabrielspring Wood Solar Park","Sevenoaks","South East England","England","Laura Trott","Conservative","DA3 8PJ","Solar PV",,2027-08-30 00:00:00.0000000,17.500,,,,,
"UKZ139 Apple Tree","Waveney Valley","East of England","England","Adrian Ramsay","Green Party","IP19 0JR","Solar PV",,2027-10-29 00:00:00.0000000,27.000,,,,,
"CYP25","Neath and Swansea East","South West Wales","Wales","Carolyn Harris","Labour","SA79JG","Solar PV",,2028-09-30 00:00:00.0000000,15.000,,,,,
"EA3, Phase 1","Central Suffolk and North Ipswich","East of England","England","Patrick Spencer","Independent","IP8 4JL","Offshore Wind",,2027-03-31 00:00:00.0000000,288.910,,,,,
"Penhallow Geothermal Power Plant","Camborne and Redruth","South West England","England","Perran Moon","Labour","TR4 9LT","Geothermal",,2029-07-01 00:00:00.0000000,5.000,,,,,
"Alfreton Solar Farm","Amber Valley","East Midlands","England","Linsey Farnsworth","Labour","DE55 7EN","Solar PV",2025-01-22 00:00:00.0000000,,14.576,27101.126,19387.102,1284.068,10037.454074,917.191071
"Burcot","Didcot and Wantage","South East England","England","Olly Glover","Liberal Democrat","OX14 3GW","Solar PV",,2028-09-30 00:00:00.0000000,49.900,,,,,
"Inkersall Grange Solar Farm","Sherwood Forest","East Midlands","England","Michelle Welsh","Labour","NG22 8TN","Solar PV",2026-01-05 00:00:00.0000000,,49.900,25010.837,25010.837,1147.424,,
"PERWINNES SOLAR AND BATTERY STORAGE LIMITED","Aberdeen North","Aberdeen and North East","Scotland","Kirsty Blackman","Scottish National Party","AB21 7AP","Solar PV",,2029-09-29 00:00:00.0000000,45.000,,,,,
"Purton solar farm","South Cotswolds","South West England","England","Dr Roz Savage","Liberal Democrat","SN5 4HG","Solar PV",,2028-05-15 00:00:00.0000000,15.000,,,,,
"Minety","South Cotswolds","South West England","England","Dr Roz Savage","Liberal Democrat","SN16 9DX","Solar PV",,2028-01-01 00:00:00.0000000,47.500,,,,,
"Stargoose Solar Farm","St Neots and Mid Cambridgeshire","East of England","England","Ian Sollom","Liberal Democrat","CB23 8BA","Solar PV",,2027-06-16 00:00:00.0000000,49.990,,,,,
"Benthead Solar Farm","North Ayrshire and Arran","Glasgow and Strathclyde","Scotland","Irene Campbell","Labour","KA13 7RU","Solar PV",,2027-02-15 00:00:00.0000000,63.000,,,,,
"Moray West Offshore Wind Farm","Aberdeenshire North and Moray East","Aberdeen and North East","Scotland","Seamus Logan","Scottish National Party","AB55 5NY","Offshore Wind",,2027-03-31 00:00:00.0000000,220.500,,,,,
"Moor House Wind Farm","Stockton West","North East England","England","Matt Vickers","Conservative","DL2 1SN","Onshore Wind",2018-04-03 00:00:00.0000000,,11.960,277064.828,38085.644,25747.849,12827.075370,2298.915089
"EA3B","Central Suffolk and North Ipswich","East of England","England","Patrick Spencer","Independent","IP8 4JL","Offshore Wind",,2027-05-02 00:00:00.0000000,158.900,,,,,
"West House Solar Farm","Newton Aycliffe and Spennymoor","North East England","England","Alan Strickland","Labour","TS21 4BA","Solar PV",,2027-08-16 00:00:00.0000000,41.400,,,,,
"Hornsea Project 2 Phase 1","Brigg and Immingham","Yorkshire and The Humber","England","Martin Vickers","Conservative","DN40 3LU","Offshore Wind",2024-03-28 00:00:00.0000000,,449.760,3623390.195,1898329.104,202288.283,670998.184259,72245.815214
"Litchardon Solar Farm","North Devon","South West England","England","Ian Roome","Liberal Democrat","EX31 3QE","Solar PV",2025-01-06 00:00:00.0000000,,49.900,62142.779,50661.682,3028.455,23015.844074,2163.182142
"Foel Trawsnant Wind Farm","Aberafan Maesteg","South East Wales","Wales","Stephen Kinnock","Labour","CF34 9PR","Onshore Wind",,2029-03-01 00:00:00.0000000,34.800,,,,,
"Field Form Solar","North Warwickshire and Bedworth","West Midlands","England","Rachel Taylor","Labour","CV9 2QB","Solar PV",,2028-09-29 00:00:00.0000000,5.010,,,,,
"Leckhampstead Farm","South Northamptonshire","East Midlands","England","Sarah Bool","Conservative","MK19 6BZ","Solar PV",,2027-01-30 00:00:00.0000000,15.000,,,,,
"Hornsea Offshore Wind Farm Phase 2","Brigg and Immingham","Yorkshire and The Humber","England","Martin Vickers","Conservative","DN40 3NR","Offshore Wind",2020-03-31 00:00:00.0000000,,400.000,9909987.093,1870260.205,882848.995,611727.598333,105101.070868
"Tonbridge","Tunbridge Wells","South East England","England","Mike Martin","Liberal Democrat","TN12 6SJ","Solar PV",,2029-09-29 00:00:00.0000000,6.000,,,,,
"Lodge Hill Solar Park","Frome and East Somerset","South West England","England","Anna Sabine","Liberal Democrat","BA13 4AR","Solar PV",,2028-08-28 00:00:00.0000000,12.000,,,,,
"Thorpe Estate Solar PV","Tamworth","West Midlands","England","Sarah Edwards","Labour","B79 0AQ","Solar PV",,2027-03-31 00:00:00.0000000,49.900,,,,,
"Sofia Offshore Wind Farm Phase 1","Middlesbrough and Thornaby East","North East England","England","Andy McDonald","Labour","TS1 1DS","Offshore Wind",,2026-07-01 00:00:00.0000000,364.000,,,,,
"Brogborough Solar Farm","Mid Bedfordshire","East of England","England","Blake Stephenson","Conservative","MK43 0TN","Solar PV",,2027-09-30 00:00:00.0000000,30.500,,,,,
"Common Barn Wind Farm","Huntingdon","East of England","England","Ben Obese-Jecty","Conservative","PE19 5YA","Onshore Wind",2019-06-18 00:00:00.0000000,,6.070,112690.270,18156.483,10356.647,6956.189505,1232.934154
"UKF086 Attleborough Road","Mid Norfolk","East of England","England","George Freeman","Conservative","NR17 1NL","Solar PV",,2027-09-30 00:00:00.0000000,18.000,,,,,
"Mopes Lane Solar","South Cotswolds","South West England","England","Dr Roz Savage","Liberal Democrat","SN5 4HS","Solar PV",,2027-09-30 00:00:00.0000000,5.300,,,,,
"Westfield Solar","Perth and Kinross-shire","Tayside, Central and Fife","Scotland","Pete Wishart","Scottish National Party","KY5 0HJ","Solar PV",,2028-05-30 00:00:00.0000000,29.900,,,,,
"Awel y Môr Offshore Wind Farm A Phase 1","Clwyd North","North West Wales","Wales","Gill German","Labour","LL170LJ","Offshore Wind",,2031-09-29 00:00:00.0000000,232.500,,,,,
"California Farm Battery Storage and Solar Plant","Stockton West","North East England","England","Matt Vickers","Conservative","TS21 1ED","Solar PV",,2028-05-31 00:00:00.0000000,49.900,,,,,
"Washdyke Solar Farm","Grantham and Bourne","East Midlands","England","Gareth Davies","Conservative","NG34 0EZ","Solar PV",,2028-08-30 00:00:00.0000000,24.750,,,,,
"Hornsea Project 2 Phase 2","Brigg and Immingham","Yorkshire and The Humber","England","Martin Vickers","Conservative","DN40 3LU","Offshore Wind",2024-03-28 00:00:00.0000000,,454.560,3731404.328,1934198.455,209279.608,691000.801481,74742.717142
"Hornsea Offshore Wind Farm Phase 3","Brigg and Immingham","Yorkshire and The Humber","England","Martin Vickers","Conservative","DN40 3NR","Offshore Wind",2021-03-31 00:00:00.0000000,,400.000,8062819.187,1759604.812,693815.176,597245.865703,99116.453728
"Skeeby Solar Farm","Richmond and Northallerton","Yorkshire and The Humber","England","Rishi Sunak","Conservative","DL10 7ED","Solar PV",,2027-05-16 00:00:00.0000000,39.000,,,,,
"WINDY STANDARD III LIMITED","Dumfries and Galloway","Scotland South","Scotland","John Cooper","Conservative","DG7 3TJ","Onshore Wind",,2026-12-24 00:00:00.0000000,87.600,,,,,
"K3 CHP Facility","Sittingbourne and Sheppey","South East England","England","Kevin McKenna","Labour","ME10 2TD","Energy from Waste",2020-07-17 00:00:00.0000000,,45.000,752391.940,117272.347,67542.627,55732.736296,9648.946714
"NORTH WEALD","St Neots and Mid Cambridgeshire","East of England","England","Ian Sollom","Liberal Democrat","PE19 6SZ","Solar PV",,2028-09-29 00:00:00.0000000,49.900,,,,,
"Galton Manor Solar Farm","South Dorset","South West England","England","Lloyd Hatton","Labour","DT2 8BZ","Solar PV",,2028-05-15 00:00:00.0000000,20.000,,,,,
"Hornsea Project 2 Phase 3","Brigg and Immingham","Yorkshire and The Humber","England","Martin Vickers","Conservative","DN40 3LU","Offshore Wind",2024-03-28 00:00:00.0000000,,453.920,3673995.333,1937504.086,205310.064,680369.506111,73325.022857
"Preston Hill Solar Farm","Stone, Great Wyrley and Penkridge","West Midlands","England","Sir Gavin Williamson","Conservative","ST19 5RA","Solar PV",,2028-02-15 00:00:00.0000000,49.900,,,,,
"Solwaybank Wind Farm","Dumfriesshire, Clydesdale and Tweeddale","Scotland South","Scotland","David Mundell","Conservative","DG14 0XS","Onshore Wind",2020-11-27 00:00:00.0000000,,29.930,452881.700,99263.145,38781.468,33546.792592,5540.209657
"Drax 3rd conversion unit (unit 1)","Selby","Yorkshire and The Humber","England","Keir Mather","Labour","YO8 8PH","Biomass Conversion",2016-12-21 00:00:00.0000000,,645.000,36658498.095,4803655.424,3294254.614,1508580.168518,261448.778896
"Aithrie","Bathgate and Linlithgow","Edinburgh and Lothians","Scotland","Kirsteen Sullivan","Labour","EH30 9SN","Solar PV",,2028-02-15 00:00:00.0000000,29.900,,,,,
"Bramley Solar","North East Hampshire","South East England","England","Alex Brewer","Liberal Democrat","RG7 2NL","Solar PV",,2027-08-16 00:00:00.0000000,49.900,,,,,
"Hinkley Point C","Tiverton and Minehead","South West England","England","Rachel Gilmour","Liberal Democrat","TA5 1UD","Nuclear",,2030-06-01 00:00:00.0000000,3287.160,,,,,
"Forest Gate Solar","Chippenham","South West England","England","Sarah Gibson","Liberal Democrat","SN15 3RS","Solar PV",,2027-04-01 00:00:00.0000000,40.000,,,,,
"Manor Farm PV","Chichester","South East England","England","Jess Brown-Fuller","Liberal Democrat","PO22 9UR","Solar PV",,2027-05-01 00:00:00.0000000,15.000,,,,,
"Cawarden Solar Farm","Lichfield","West Midlands","England","Dave Robertson","Labour","WS15 3HQ","Solar PV",,2027-01-01 00:00:00.0000000,35.710,,,,,
"Tormywheel Extension","Motherwell, Wishaw and Carluke","Glasgow and Strathclyde","Scotland","Pamela Nash","Labour","ML11 8EP","Onshore Wind",,2028-09-29 00:00:00.0000000,9.400,,,,,
"Rotherham solar 1 Ltd","Doncaster Central","Yorkshire and The Humber","England","Sally Jameson","Labour","S66 7RN","Solar PV",,2029-09-29 00:00:00.0000000,37.000,,,,,
"Aston Flamville Solar PV","South Leicestershire","East Midlands","England","Alberto Costa","Conservative","LE10 3AQ","Solar PV",,2026-12-31 00:00:00.0000000,20.000,,,,,
"Parley Court","Christchurch","South West England","England","Sir Christopher Chope","Conservative","BH23 6BB","Solar PV",,2029-09-29 00:00:00.0000000,40.000,,,,,
"Honeyhall","Wells and Mendip Hills","South West England","England","Tessa Munt","Liberal Democrat","BS49 5JN","Solar PV",,2028-09-30 00:00:00.0000000,30.000,,,,,
"Aberarder Wind Farm","Inverness, Skye and West Ross-shire","Highland and Islands","Scotland","Mr Angus MacDonald","Liberal Democrat","IV2 6UE","Onshore Wind",,2028-03-31 00:00:00.0000000,49.990,,,,,
"Hornsea Offshore Wind Farm Phase 1","Brigg and Immingham","Yorkshire and The Humber","England","Martin Vickers","Conservative","DN40 3NR","Offshore Wind",2019-05-02 00:00:00.0000000,,400.000,11664116.992,1853463.830,1064895.761,617149.047195,108662.832734
"Energyfarm UK Pencarreg LLP","Caerfyrddin","Mid and West Wales","Wales","Ann Davies","Plaid Cymru","SA19 7RG","Onshore Wind",,2028-04-30 00:00:00.0000000,5.010,,,,,
"UKF092 Tophams","North East Hertfordshire","East of England","England","Chris Hinchliff","Labour","SG7 5EB","Solar PV",,2027-09-30 00:00:00.0000000,40.000,,,,,
"Benbrack Wind Farm","Dumfries and Galloway","Scotland South","Scotland","John Cooper","Conservative","DG7 3TL","Onshore Wind",,2026-08-31 00:00:00.0000000,31.100,,,,,
"Exeter","Tiverton and Minehead","South West England","England","Rachel Gilmour","Liberal Democrat","EX15 2PG","Solar PV",,2028-02-29 00:00:00.0000000,34.580,,,,,
"Maesmawr Solar Park","Pontypridd","South Central Wales","Wales","Alex Davies-Jones","Labour","CF38 1SL","Solar PV",,2026-10-29 00:00:00.0000000,20.000,,,,,
"Three Bridges","Mid Norfolk","East of England","England","George Freeman","Conservative","NR20 3EJ","Solar PV",,2027-09-30 00:00:00.0000000,15.000,,,,,
"Bilbo Solar","Aberdeenshire North and Moray East","Aberdeen and North East","Scotland","Seamus Logan","Scottish National Party","AB43 8QU","Solar PV",,2026-07-01 00:00:00.0000000,25.000,,,,,
"Colbrans Solar ESS Limited","Lewes","South East England","England","James MacCleary","Liberal Democrat","BN8 6BZ","Solar PV",,2029-09-29 00:00:00.0000000,39.900,,,,,
"Myttons","The Wrekin","West Midlands","England","Mark Pritchard","Conservative","TF6 6BP","Solar PV",,2029-04-30 00:00:00.0000000,49.990,,,,,
"Pembrokeshire Solar Park","Mid and South Pembrokeshire","Mid and West Wales","Wales","Henry Tufnell","Labour","SA72 4SU","Solar PV",,2028-01-30 00:00:00.0000000,9.900,,,,,
"MeyGen AR62","Caithness, Sutherland and Easter Ross","Highland and Islands","Scotland","Jamie Stone","Liberal Democrat","KW14YH","Tidal Stream",,2031-06-30 00:00:00.0000000,9.000,,,,,
"Alaska Wind Farm","Mid Dorset and North Poole","South West England","England","Vikki Slade","Liberal Democrat","BH20 7NY","Onshore Wind",,2028-09-29 00:00:00.0000000,8.000,,,,,
"Berden Solar","North East Hertfordshire","East of England","England","Chris Hinchliff","Labour","SG9 0JB","Solar PV",,2027-10-30 00:00:00.0000000,40.250,,,,,
"Glassthorpe Solar Farm","South Northamptonshire","East Midlands","England","Sarah Bool","Conservative","NN7 3NF","Solar PV",,2028-03-30 00:00:00.0000000,41.000,,,,,
"Orbital Marine Eday 4","Orkney and Shetland","Highland and Islands","Scotland","Mr Alistair Carmichael","Liberal Democrat","KW17 2AA","Tidal Stream",,2028-08-30 00:00:00.0000000,4.800,,,,,
"Cleve Hill Solar Project","Faversham and Mid Kent","South East England","England","Helen Whately","Conservative","ME13 9EF","Solar PV",2025-11-05 00:00:00.0000000,,109.790,47645.117,47645.117,2170.368,,
"Bucklesham Solar Limited","Suffolk Coastal","East of England","England","Jenny Riddell-Carpenter","Labour","IP10 0BW","Solar PV",,2029-09-29 00:00:00.0000000,22.500,,,,,
"Little Drum","Dumfries and Galloway","Scotland South","Scotland","John Cooper","Conservative","DG6 4XF","Solar PV",,2028-09-29 00:00:00.0000000,36.000,,,,,
"Wickham Hall","North East Hertfordshire","East of England","England","Chris Hinchliff","Labour","CM23 1JH","Solar PV",,2028-08-30 00:00:00.0000000,40.000,,,,,
"Staveley","Chesterfield","East Midlands","England","Mr Toby Perkins","Labour","S43 3YH","Solar PV",2025-07-09 00:00:00.0000000,,20.000,20520.383,20520.383,924.570,,
"Achlachan Wind Farm","Caithness, Sutherland and Easter Ross","Highland and Islands","Scotland","Jamie Stone","Liberal Democrat","KW1 5XU","Onshore Wind",2019-04-08 00:00:00.0000000,,10.000,199275.571,30955.731,18046.204,10543.681005,1841.449367
"Rolleston Farm Park 2","Burton and Uttoxeter","West Midlands","England","Jacob Collier","Labour","DE13 9HQ","Solar PV",,2026-10-01 00:00:00.0000000,12.000,,,,,
"Manor Farm Solar Plant","Buckingham and Bletchley","South East England","England","Callum Anderson","Labour","MK19 6DT","Solar PV",,2027-09-30 00:00:00.0000000,25.000,,,,,
"Kemberton Solar Farm","South Shropshire","West Midlands","England","Stuart Anderson","Conservative","TF11 9LB","Solar PV",,2027-02-15 00:00:00.0000000,15.000,,,,,
"Morlais Magallanes GR3 Extension","Ynys Môn","North West Wales","Wales","Llinos Medi","Plaid Cymru","LL65 1YL","Tidal Stream",,2027-12-01 00:00:00.0000000,3.000,,,,,
"Rag Lane Solar","Thornbury and Yate","South West England","England","Claire Young","Liberal Democrat","G12 8LD","Solar PV",,2026-06-30 00:00:00.0000000,38.840,,,,,
"Awel y Môr Offshore Wind Farm A Phase 2","Clwyd North","North West Wales","Wales","Gill German","Labour","LL170LJ","Offshore Wind",,2032-01-23 00:00:00.0000000,542.500,,,,,
"Ynnir Lleuad","Ynys Môn","North West Wales","Wales","Llinos Medi","Plaid Cymru","LL65 1YL","Tidal Stream",,2028-03-31 00:00:00.0000000,10.000,,,,,
"Lurg Hill Wind Farm","Aberdeenshire North and Moray East","Aberdeen and North East","Scotland","Seamus Logan","Scottish National Party","AB55 6NH","Onshore Wind",,2027-01-01 00:00:00.0000000,15.000,,,,,
"Mount Farm Solar","Droitwich and Evesham","West Midlands","England","Nigel Huddleston","Conservative","WR12 7JA","Solar PV",,2028-04-30 00:00:00.0000000,25.000,,,,,
"Lorg Wind Farm","Dumfries and Galloway","Scotland South","Scotland","John Cooper","Conservative","DG7 3UF","Onshore Wind",,2029-02-09 00:00:00.0000000,44.000,,,,,
"Manhay Geothermal Power Plant","St Ives","South West England","England","Andrew George","Liberal Democrat","TR13 0ND","Geothermal",,2028-10-01 00:00:00.0000000,5.000,,,,,
"Berwick Bank Phase B (Phase 3)","Lothian East","Edinburgh and Lothians","Scotland","Mr Douglas Alexander","Labour","EH42 1SF","Offshore Wind",,2031-10-30 00:00:00.0000000,460.000,,,,,
"Drumduff Extension Wind Farm","Bathgate and Linlithgow","Edinburgh and Lothians","Scotland","Kirsteen Sullivan","Labour","EH48 3TJ","Onshore Wind",,2027-12-29 00:00:00.0000000,13.050,,,,,
"Inch Cape Phase 3","Lothian East","Edinburgh and Lothians","Scotland","Mr Douglas Alexander","Labour","EH32 0JA","Offshore Wind",,2031-03-30 00:00:00.0000000,300.000,,,,,
"Carlton Solar Farm","Selby","Yorkshire and The Humber","England","Keir Mather","Labour","YO88PN","Solar PV",,2027-08-01 00:00:00.0000000,37.500,,,,,
"St Cleres","Maldon","East of England","England","Sir John Whittingdale","Conservative","CM3 4AR","Solar PV",2025-07-01 00:00:00.0000000,,15.000,18467.242,18467.242,830.649,,
"Walney Extension Offshore Wind Farm Phase 1","Morecambe and Lunesdale","North West England","England","Lizzi Collinge","Labour","LA3 3QP","Offshore Wind",2017-12-19 00:00:00.0000000,,330.000,10674250.257,1313448.896,997127.534,494178.252638,89029.244142
"AR108 BOLT SOLAR FARM LIMITED","Huntingdon","East of England","England","Ben Obese-Jecty","Conservative","PE280LB","Solar PV",,2029-09-29 00:00:00.0000000,6.000,,,,,
"Little Crow Solar Park","Brigg and Immingham","Yorkshire and The Humber","England","Martin Vickers","Conservative","DN20 0BQ","Solar PV",,2028-03-31 00:00:00.0000000,99.900,,,,,
"County Lane","Kingswinford and South Staffordshire","West Midlands","England","Mike Wood","Conservative","WV7 3AH","Solar PV",,2029-04-10 00:00:00.0000000,9.000,,,,,
"United Downs Geothermal Power Plant","Camborne and Redruth","South West England","England","Perran Moon","Labour","TR16 5HY","Geothermal",,2026-11-01 00:00:00.0000000,2.000,,,,,
"Spencers Wood","Wokingham","South East England","England","Clive Jones","Liberal Democrat","RG7 1PT","Solar PV",,2027-12-14 00:00:00.0000000,19.000,,,,,
"Red Barn Solar","South Cotswolds","South West England","England","Dr Roz Savage","Liberal Democrat","SN14 6DH","Solar PV",,2028-02-14 00:00:00.0000000,40.000,,,,,
"Copper Bottom Solar Farm","Camborne and Redruth","South West England","England","Perran Moon","Labour","TR14 0LU","Solar PV",,2027-09-30 00:00:00.0000000,30.000,,,,,
"Hasland Solar Farm","Bolsover","East Midlands","England","Natalie Fleet","Labour","S44 5XH","Solar PV",,2027-04-02 00:00:00.0000000,49.900,,,,,
"Basildon","Brentwood and Ongar","East of England","England","Alex Burghart","Conservative","CM13 3SG","Solar PV",2025-07-01 00:00:00.0000000,,15.000,19324.507,19324.507,869.047,,
"Imerys Wind Farm","St Austell and Newquay","South West England","England","Noah Law","Labour","PL25 5TH","Onshore Wind",,2027-09-30 00:00:00.0000000,19.960,,,,,
"Norfolk Vanguard West CFD Unit B Phase 1","Mid Norfolk","East of England","England","George Freeman","Conservative","PE37 8EG","Offshore Wind",,2028-10-05 00:00:00.0000000,90.000,,,,,
"Carno Wind Farm Extension Phase III","Montgomeryshire and Glyndwr","Mid and West Wales","Wales","Steve Witherden","Labour","SY17 5JT","Onshore Wind",,2027-10-01 00:00:00.0000000,45.000,,,,,
"Enoch Hill Windfarm","Ayr, Carrick and Cumnock","Glasgow and Strathclyde","Scotland","Elaine Stewart","Labour","KA6 7PT","Onshore Wind",,2027-04-18 00:00:00.0000000,69.000,,,,,
"EA 1, Phase 2","Central Suffolk and North Ipswich","East of England","England","Patrick Spencer","Independent","IP8 4JL","Offshore Wind",2020-03-31 00:00:00.0000000,,283.369,6764053.154,1256658.126,600233.854,417534.145308,71456.411142
"Hornsea Project Three Offshore Wind Farm AR6 C","South Norfolk","East of England","England","Ben Goldsborough","Labour","NR14 8PG","Offshore Wind",,2028-04-01 00:00:00.0000000,360.000,,,,,
"Tamworth Solar LTD","Tamworth","West Midlands","England","Sarah Edwards","Labour","B790ED","Solar PV",,2026-07-01 00:00:00.0000000,30.000,,,,,
"Copse Lodge","South Northamptonshire","East Midlands","England","Sarah Bool","Conservative","NN13 6EB","Solar PV",,2028-02-15 00:00:00.0000000,9.980,,,,,
"NEXTPOWER CRIFTON LIMITED","Sherwood Forest","East Midlands","England","Michelle Welsh","Labour","NG22 8TR","Solar PV",,2026-06-30 00:00:00.0000000,40.000,,,,,
"Hatherden Solar","North West Hampshire","South East England","England","Kit Malthouse","Conservative","SP11 0HJ","Solar PV",,2026-11-30 00:00:00.0000000,40.000,,,,,
"Thorpe Bank Solar Farm","Stockton North","North East England","England","Chris McDonald","Labour","TS21 3JL","Solar PV",,2026-08-10 00:00:00.0000000,40.000,,,,,
"Bracks Farm Solar Park","Ely and East Cambridgeshire","East of England","England","Charlotte Cane","Liberal Democrat","CB7 5XT","Solar PV",2026-04-01 00:00:00.0000000,,20.000,,,,,
"Dogger Bank B P3","Goole and Pocklington","Yorkshire and The Humber","England","David Davis","Conservative","HU16 5SB","Offshore Wind",,2027-09-01 00:00:00.0000000,456.600,,,,,
"MeyGen Phase 2","Caithness, Sutherland and Easter Ross","Highland and Islands","Scotland","Jamie Stone","Liberal Democrat","KW1 4YH","Tidal Stream",,2031-12-12 00:00:00.0000000,28.000,,,,,
"Hockliffe","Dunstable and Leighton Buzzard","East of England","England","Alex Mayer","Labour","LU7 9NL","Solar PV",,2026-08-01 00:00:00.0000000,20.000,,,,,
"MORETON MORRELL SOLAR LIMITED","Kenilworth and Southam","West Midlands","England","Sir Jeremy Wright","Conservative","CV35 9DQ","Solar PV",,2029-09-29 00:00:00.0000000,20.000,,,,,
"Sofia Offshore Wind Farm Phase 3","Middlesbrough and Thornaby East","North East England","England","Andy McDonald","Labour","TS1 1DS","Offshore Wind",,2026-09-01 00:00:00.0000000,616.000,,,,,
"Moray Offshore Windfarm (East) Phase 3","Caithness, Sutherland and Easter Ross","Highland and Islands","Scotland","Jamie Stone","Liberal Democrat","KW6 6EL","Offshore Wind",2024-03-04 00:00:00.0000000,,318.770,1218820.208,504025.995,71498.714,225707.445925,25535.254928
"Three Oaks Renewable Energy Park","Bridlington and The Wolds","Yorkshire and The Humber","England","Charlie Dewhirst","Conservative","YO25 4NN","Solar PV",,2028-09-30 00:00:00.0000000,39.000,,,,,
"MYNYDD FFORCH DWM","Aberafan Maesteg","South East Wales","Wales","Stephen Kinnock","Labour","SA12 9SS","Onshore Wind",,2028-02-29 00:00:00.0000000,26.800,,,,,
"Church Farm Solar Farm","Rushcliffe","East Midlands","England","James Naish","Labour","NG11 0DE","Solar PV",,2028-12-30 00:00:00.0000000,49.650,,,,,
"Clachaig Glen","Argyll, Bute and South Lochaber","Highland and Islands","Scotland","Brendan O'Hara","Scottish National Party","PA28 6QG","Onshore Wind",,2028-09-30 00:00:00.0000000,52.800,,,,,
"Tycroes solar farm","Llanelli","Mid and West Wales","Wales","Dame Nia Griffith","Labour","SA18 3RE","Solar PV",,2026-06-30 00:00:00.0000000,31.575,,,,,
"Hebden Green","Mid Cheshire","North West England","England","Andrew Cooper","Labour","CW7 4EH","Solar PV",,2028-10-02 00:00:00.0000000,15.000,,,,,
"NEXTPOWER PENTLOW LIMITED","Braintree","East of England","England","Sir James Cleverly","Conservative","CO10 7GA","Solar PV",,2026-06-30 00:00:00.0000000,15.000,,,,,
"Sheepcote Solar","Witham","East of England","England","Priti Patel","Conservative","CM77 8PE","Solar PV",,2027-09-30 00:00:00.0000000,13.800,,,,,
"Mor Energy GO3 Phase2","Ynys Môn","North West Wales","Wales","Llinos Medi","Plaid Cymru","LL65 1YL","Tidal Stream",,2029-07-02 00:00:00.0000000,5.500,,,,,
"Shaftesbury","North Dorset","South West England","England","Simon Hoare","Conservative","SP7 9PS","Solar PV",,2028-03-31 00:00:00.0000000,20.000,,,,,
"Energy Works (Hull)","Kingston upon Hull East","Yorkshire and The Humber","England","Karl Turner","Independent","HU8 8AD","Advanced Conversion Technology",2019-12-09 00:00:00.0000000,,25.000,0.000,,0.000,0.000000,0.000000
"Prentice Farm","Maldon","East of England","England","Sir John Whittingdale","Conservative","CM3 8RS","Solar PV",,2029-05-01 00:00:00.0000000,20.000,,,,,
"Meerdyke Solar Farm","North West Norfolk","East of England","England","James Wild","Conservative","PE14 7DL","Solar PV",,2028-03-15 00:00:00.0000000,49.900,,,,,
"Brinsea","Wells and Mendip Hills","South West England","England","Tessa Munt","Liberal Democrat","BS49 5JJ","Solar PV",,2028-09-30 00:00:00.0000000,49.900,,,,,
"North Fossil Solar Farm","South Dorset","South West England","England","Lloyd Hatton","Labour","DT2 8DB","Solar PV",,2027-09-01 00:00:00.0000000,29.400,,,,,
"Coven Solar","Stone, Great Wyrley and Penkridge","West Midlands","England","Sir Gavin Williamson","Conservative","WV9 5AZ","Solar PV",,2027-09-30 00:00:00.0000000,39.590,,,,,
"Winkburn Solar Farm","Newark","East Midlands","England","Robert Jenrick","Reform UK","NG22 8PG","Solar PV",,2028-06-30 00:00:00.0000000,32.650,,,,,
"Holly Lane Energy Park","Meriden and Solihull East","West Midlands","England","Saqib Bhatti","Conservative","CV7 7EB","Solar PV",,2028-11-30 00:00:00.0000000,25.000,,,,,
"Wick Farm","Chippenham","South West England","England","Sarah Gibson","Liberal Democrat","SN15 2LU","Solar PV",,2027-04-30 00:00:00.0000000,49.990,,,,,
"Beatrice Offshore Wind Farm Limited (Phase 1)","Aberdeenshire North and Moray East","Aberdeen and North East","Scotland","Seamus Logan","Scottish National Party","AB55 5NY","Offshore Wind",2018-11-06 00:00:00.0000000,,252.000,6546137.896,889117.955,601445.475,346356.502433,61371.987275
"EMEC Magallanes Berth 1","Orkney and Shetland","Highland and Islands","Scotland","Mr Alistair Carmichael","Liberal Democrat","KW17 2AA","Tidal Stream",,2027-12-01 00:00:00.0000000,1.500,,,,,
"TWYN HYWEL ENERGY PARK LIMITED","Caerphilly","South East Wales","Wales","Chris Evans","Labour","CF46 6PN","Onshore Wind",,2028-09-29 00:00:00.0000000,93.800,,,,,
"Fair Oaks Renewable Energy Park","Rushcliffe","East Midlands","England","James Naish","Labour","NG11 6JX","Solar PV",,2028-04-29 00:00:00.0000000,49.900,,,,,
"Moorside Solar Farm","Lancaster and Wyre","North West England","England","Cat Smith","Labour","LA1 3JY","Solar PV",,2030-01-31 00:00:00.0000000,20.000,,,,,
"EA 1, Phase 1","Central Suffolk and North Ipswich","East of England","England","Patrick Spencer","Independent","IP8 4JL","Offshore Wind",2019-10-30 00:00:00.0000000,,172.786,4494488.398,731081.609,407430.388,277437.555431,48503.617595
"Bengrove Solar Farm","Tewkesbury","South West England","England","Cameron Thomas","Liberal Democrat","GL2 9NU","Solar PV",,2029-08-06 00:00:00.0000000,15.000,,,,,
"Hornsea Project Three Offshore Wind Farm AR6 A","South Norfolk","East of England","England","Ben Goldsborough","Labour","NR14 8PG","Offshore Wind",,2027-03-01 00:00:00.0000000,360.000,,,,,
"UKZ020 Maleys","South Norfolk","East of England","England","Ben Goldsborough","Labour","NR9 5DG","Solar PV",,2028-01-26 00:00:00.0000000,24.500,,,,,
"Walney Extension Offshore Wind Farm Phase 2","Morecambe and Lunesdale","North West England","England","Lizzi Collinge","Labour","LA3 3QP","Offshore Wind",2018-04-13 00:00:00.0000000,,330.000,10464556.042,1464391.104,963950.430,484470.187129,86067.002633
"Priory Generation","Hitchin","East of England","England","Alistair Strathern","Labour","SG4 7EZ","Solar PV",,2029-09-29 00:00:00.0000000,34.560,,,,,
"Wickham","Central Suffolk and North Ipswich","East of England","England","Patrick Spencer","Independent","IP13 9AD","Solar PV",,2028-04-03 00:00:00.0000000,35.000,,,,,
"ENERGYFARM UK MARGREE LLP","Dumfries and Galloway","Scotland South","Scotland","John Cooper","Conservative","DG7 3XJ","Onshore Wind",,2030-10-31 00:00:00.0000000,50.000,,,,,
"Burton Top Farm, Station Lane","Harrogate and Knaresborough","Yorkshire and The Humber","England","Tom Gordon","Liberal Democrat","HG3 3RX","Solar PV",,2026-07-01 00:00:00.0000000,8.000,,,,,
"LONGPASTURE SOLAR FARM LIMITED","Stockton West","North East England","England","Matt Vickers","Conservative","DL2 1ST","Solar PV",,2028-05-15 00:00:00.0000000,49.900,,,,,
"Inch Cape A","Lothian East","Edinburgh and Lothians","Scotland","Mr Douglas Alexander","Labour","EH32 0JA","Offshore Wind",,2027-07-31 00:00:00.0000000,177.410,,,,,
"Moray Offshore Windfarm (West) String 9","Aberdeenshire North and Moray East","Aberdeen and North East","Scotland","Seamus Logan","Scottish National Party","AB55 5PH","Offshore Wind",,2027-10-01 00:00:00.0000000,73.500,,,,,
"Cotmoor","Newark","East Midlands","England","Robert Jenrick","Reform UK","NG25 0QP","Solar PV",,2028-02-15 00:00:00.0000000,49.900,,,,,
"HOPSRIG WIND FARM LIMITED","Dumfriesshire, Clydesdale and Tweeddale","Scotland South","Scotland","David Mundell","Conservative","DG13 0PA","Onshore Wind",,2029-09-29 00:00:00.0000000,48.000,,,,,
"MeyGen AR53","Caithness, Sutherland and Easter Ross","Highland and Islands","Scotland","Jamie Stone","Liberal Democrat","KW1 4YH","Tidal Stream",,2031-06-30 00:00:00.0000000,2.940,,,,,
"Yelvertoft Solar Farm","Daventry","East Midlands","England","Stuart Andrew","Conservative","NN6 6NA","Solar PV",2025-10-28 00:00:00.0000000,,37.880,20515.566,20515.566,935.972,,
"OUSE VALLEY SOLAR FARM CIC","Lewes","South East England","England","James MacCleary","Liberal Democrat","BN85RR","Solar PV",,2027-12-29 00:00:00.0000000,10.000,,,,,
"Staveley Solar Farm","Rutland and Stamford","East Midlands","England","Alicia Kearns","Conservative","LE15 9NS","Solar PV",,2027-12-29 00:00:00.0000000,40.000,,,,,
"Fleet Solar Limited","North East Hampshire","South East England","England","Alex Brewer","Liberal Democrat","RG29 1ST","Solar PV",,2029-09-29 00:00:00.0000000,47.500,,,,,
"MORLAIS Tidal Tech GR1 W1.1","Ynys Môn","North West Wales","Wales","Llinos Medi","Plaid Cymru","LL65 1YL","Tidal Stream",,2028-09-30 00:00:00.0000000,3.000,,,,,
"Enso Green Holdings H Limited","Bridgwater","South West England","England","Sir Ashley Fox","Conservative","TA7 0BB","Solar PV",,2028-06-30 00:00:00.0000000,40.000,,,,,
"Eaton Socon","North Bedfordshire","East of England","England","Richard Fuller","Conservative","PE19 8JD","Solar PV",,2029-09-29 00:00:00.0000000,33.700,,,,,
"Swinlees Wind Farm","North Ayrshire and Arran","Glasgow and Strathclyde","Scotland","Irene Campbell","Labour","KA24 5LA","Onshore Wind",,2028-09-30 00:00:00.0000000,25.560,,,,,
"Strathy Wood Windfarm","Caithness, Sutherland and Easter Ross","Highland and Islands","Scotland","Jamie Stone","Liberal Democrat","KW13 6YU","Onshore Wind",,2027-04-18 00:00:00.0000000,62.700,,,,,
"Inch Cape Phase 2","Lothian East","Edinburgh and Lothians","Scotland","Mr Douglas Alexander","Labour","EH32 0JA","Offshore Wind",,2031-03-29 00:00:00.0000000,300.000,,,,,
"Locks Farm Solar","Winchester","South East England","England","Dr Danny Chambers","Liberal Democrat","SO32 1DR","Solar PV",,2028-01-19 00:00:00.0000000,13.100,,,,,
"Grantham","Grantham and Bourne","East Midlands","England","Gareth Davies","Conservative","NG32 2DF","Solar PV",,2029-09-29 00:00:00.0000000,33.000,,,,,
"Lower Farm Solar Farm","Stone, Great Wyrley and Penkridge","West Midlands","England","Sir Gavin Williamson","Conservative","ST18 0LX","Solar PV",,2029-09-29 00:00:00.0000000,49.000,,,,,
"Moat Farm Solar Farm","Mid Buckinghamshire","South East England","England","Greg Smith","Conservative","HP17 8SL","Solar PV",,2026-06-25 00:00:00.0000000,20.340,,,,,
"Longfield Solar Energy Farm","North West Essex","East of England","England","Mrs Kemi Badenoch","Conservative","CM3 3AS","Solar PV",,2028-05-15 00:00:00.0000000,299.000,,,,,
"Kilgallioch windfarm extension","Dumfries and Galloway","Scotland South","Scotland","John Cooper","Conservative","DG8 0PE","Onshore Wind",,2027-03-31 00:00:00.0000000,51.300,,,,,
"Eastfields","Kenilworth and Southam","West Midlands","England","Sir Jeremy Wright","Conservative","CV47 2ST","Solar PV",2026-03-25 00:00:00.0000000,,25.000,8788.664,8788.664,409.593,,
"Burt20 Burtree Lane","Darlington","North East England","England","Lola McEvoy","Labour","DL2 2XZ","Solar PV",,2026-09-15 00:00:00.0000000,40.000,,,,,
"Straws Hadley Solar Farm","Aylesbury","South East England","England","Laura Kyrke-Smith","Labour","HP224LN","Solar PV",,2028-08-30 00:00:00.0000000,39.500,,,,,
"Pentland Floating Offshore Wind Farm Phase 2","Caithness, Sutherland and Easter Ross","Highland and Islands","Scotland","Jamie Stone","Liberal Democrat","KW14 7TZ","Floating Offshore Wind",,2031-03-31 00:00:00.0000000,55.500,,,,,
"MOSS LANE FARM SOLAR LIMITED","Congleton","North West England","England","Sarah Russell","Labour","CW1 4PN","Solar PV",,2026-12-17 00:00:00.0000000,25.000,,,,,
"Fleet Solar Farm","North East Hampshire","South East England","England","Alex Brewer","Liberal Democrat","RG29 1BW","Solar PV",,2028-03-31 00:00:00.0000000,47.500,,,,,
"Pearie Law II Wind Farm Ltd","Livingston","Edinburgh and Lothians","Scotland","Gregor Poynton","Labour","EH55 8LT","Onshore Wind",,2028-03-31 00:00:00.0000000,20.700,,,,,
"Milton Farm Solar Farm","North Cotswolds","South West England","England","Sir Geoffrey Clifton-Brown","Conservative","GL7 5TA","Solar PV",,2029-09-29 00:00:00.0000000,10.000,,,,,
"Bluebell Wood Solar Farm","Frome and East Somerset","South West England","England","Anna Sabine","Liberal Democrat","BA116QQ","Solar PV",,2028-11-30 00:00:00.0000000,49.000,,,,,
"Cloiche Wind Farm","Moray West, Nairn and Strathspey","Aberdeen and North East","Scotland","Graham Leadbitter","Scottish National Party","PH20 1AJ","Onshore Wind",,2028-09-29 00:00:00.0000000,130.500,,,,,
"Glenniston Solar Farm","Cowdenbeath and Kirkcaldy","Tayside, Central and Fife","Scotland","Melanie Ward","Labour","KY5 0AX","Solar PV",,2027-06-14 00:00:00.0000000,39.000,,,,,
"ENERGYFARM HYNDBURN II LTD","Hyndburn","North West England","England","Sarah Smith","Labour","BB5 3RP","Onshore Wind",,2028-04-30 00:00:00.0000000,8.200,,,,,
"Hinckley","Rugby","West Midlands","England","John Slinger","Labour","LE10 3DP","Solar PV",,2031-02-14 00:00:00.0000000,35.000,,,,,
"Saffron Walden","North West Essex","East of England","England","Mrs Kemi Badenoch","Conservative","CB10 2LJ","Solar PV",,2028-05-15 00:00:00.0000000,12.000,,,,,
"Little Hale","Grantham and Bourne","East Midlands","England","Gareth Davies","Conservative","NG34 9BG","Solar PV",,2029-09-29 00:00:00.0000000,49.990,,,,,
"Totmonslow Solar","Stoke-on-Trent South","West Midlands","England","Dr Allison Gardner","Labour","ST10 4JJ","Solar PV",,2026-10-01 00:00:00.0000000,17.590,,,,,
"Tolldish Hall Farm Solar","Rugby","West Midlands","England","John Slinger","Labour","CV2 1NR","Solar PV",,2028-02-15 00:00:00.0000000,21.180,,,,,
"Callies","Mid Buckinghamshire","South East England","England","Greg Smith","Conservative","HP17 8XW","Solar PV",,2028-02-29 00:00:00.0000000,36.560,,,,,
"Sheepwash Solar Farm","Weald of Kent","South East England","England","Katie Lam","Conservative","TN12 9NX","Solar PV",,2027-12-01 00:00:00.0000000,49.990,,,,,
"Eastbourne","Eastbourne","South East England","England","Josh Babarinde","Liberal Democrat","BN22 8XS","Solar PV",,2029-09-29 00:00:00.0000000,17.000,,,,,
"Belvoir","Melton and Syston","East Midlands","England","Edward Argar","Conservative","NG13 0DZ","Solar PV",,2028-09-30 00:00:00.0000000,49.900,,,,,
"Raspberry","Sittingbourne and Sheppey","South East England","England","Kevin McKenna","Labour","ME9 8QG","Solar PV",,2027-09-30 00:00:00.0000000,49.900,,,,,
"SANQUHAR II COMMUNITY WIND FARM BMU 2","Dumfriesshire, Clydesdale and Tweeddale","Scotland South","Scotland","David Mundell","Conservative","DG3 4NN","Onshore Wind",,2028-09-29 00:00:00.0000000,186.000,,,,,
"Beatrice Offshore Wind Farm Limited (Phase 2)","Aberdeenshire North and Moray East","Aberdeen and North East","Scotland","Seamus Logan","Scottish National Party","AB55 5NY","Offshore Wind",2019-04-28 00:00:00.0000000,,336.000,8128546.107,1255418.005,737350.430,430081.804602,75239.839775
"Berkeley","Thornbury and Yate","South West England","England","Claire Young","Liberal Democrat","GL13 9ED","Solar PV",,2028-02-29 00:00:00.0000000,34.580,,,,,
"Bettyhill Wind Farm Phase 2","Caithness, Sutherland and Easter Ross","Highland and Islands","Scotland","Jamie Stone","Liberal Democrat","KW14 7SQ","Onshore Wind",,2028-08-30 00:00:00.0000000,48.000,,,,,
"Seagreen Phase 1","Angus and Perthshire Glens","Tayside, Central and Fife","Scotland","Dave Doogan","Scottish National Party","DD3 0PY","Offshore Wind",,2026-09-30 00:00:00.0000000,138.000,,,,,
"Billsbrae","Cowdenbeath and Kirkcaldy","Tayside, Central and Fife","Scotland","Melanie Ward","Labour","KY4 8EY","Solar PV",,2026-07-17 00:00:00.0000000,25.000,,,,,
"NextPower SPV 9 Ltd","Loughborough","East Midlands","England","Dr Jeevun Sandher","Labour","LE12 5TL","Solar PV",,2028-04-19 00:00:00.0000000,24.200,,,,,
"Blythe House Solar Farm Limited","Stoke-on-Trent South","West Midlands","England","Dr Allison Gardner","Labour","ST10 4JN","Solar PV",,2029-09-29 00:00:00.0000000,45.300,,,,,
"Fibden Farm","Droitwich and Evesham","West Midlands","England","Nigel Huddleston","Conservative","WR9 0NA","Solar PV",,2028-08-30 00:00:00.0000000,32.000,,,,,
"North Kyle Energy Project","Ayr, Carrick and Cumnock","Glasgow and Strathclyde","Scotland","Elaine Stewart","Labour","KA18 4QS","Onshore Wind",,2027-03-31 00:00:00.0000000,212.000,,,,,
"MeyGen AR52","Caithness, Sutherland and Easter Ross","Highland and Islands","Scotland","Jamie Stone","Liberal Democrat","KW1 4YH","Tidal Stream",,2031-06-30 00:00:00.0000000,5.600,,,,,
"Yanel Farm Solar","Wells and Mendip Hills","South West England","England","Tessa Munt","Liberal Democrat","BS25 5QQ","Solar PV",,2028-05-15 00:00:00.0000000,36.000,,,,,
"Glendye Wind Farm","West Aberdeenshire and Kincardine","Aberdeen and North East","Scotland","Andrew Bowie","Conservative","AB31 6LT","Onshore Wind",,2029-09-28 00:00:00.0000000,124.800,,,,,
"HW25","North Cornwall","South West England","England","Ben Maguire","Liberal Democrat","PL15 8UB","Solar PV",,2028-10-30 00:00:00.0000000,32.000,,,,,
"Five Lanes Solar","South Cotswolds","South West England","England","Dr Roz Savage","Liberal Democrat","SN16 9RX","Solar PV",,2029-04-01 00:00:00.0000000,31.580,,,,,
"Layer","Witham","East of England","England","Priti Patel","Conservative","CO2 0LS","Solar PV",2025-07-15 00:00:00.0000000,,45.000,48586.398,48586.398,2189.356,,
"Preston Farm Solar","Tiverton and Minehead","South West England","England","Rachel Gilmour","Liberal Democrat","TA4 1PJ","Solar PV",,2028-02-15 00:00:00.0000000,20.000,,,,,
"Sandon Brook","Maldon","East of England","England","Sir John Whittingdale","Conservative","CM3 8BD","Solar PV",,2028-03-31 00:00:00.0000000,41.700,,,,,
"Stoneshollow","Hinckley and Bosworth","East Midlands","England","Dr Luke Evans","Conservative","CV13 0EH","Solar PV",,2028-02-15 00:00:00.0000000,49.900,,,,,
"Lark Hill Solar Farm","Southend East and Rochford","East of England","England","Mr Bayo Alaba","Labour","SS4 3SA","Solar PV",,2028-08-30 00:00:00.0000000,49.900,,,,,
"Carn Nicholas Solar Farm","Neath and Swansea East","South West Wales","Wales","Carolyn Harris","Labour","SA1 7BL","Solar PV",2025-04-17 00:00:00.0000000,,8.000,11532.057,9676.078,516.356,4271.132222,368.825357
"Scurf Dyke Solar","Bridlington and The Wolds","Yorkshire and The Humber","England","Charlie Dewhirst","Conservative","YO25 9RD","Solar PV",2026-04-01 00:00:00.0000000,,49.900,4968.851,4968.851,232.542,,
"Sandbay","Weston-super-Mare","South West England","England","Dan Aldridge","Labour","BS22 9YT","Solar PV",,2029-09-28 00:00:00.0000000,17.560,,,,,
"Caldecote Manor Farm","St Neots and Mid Cambridgeshire","East of England","England","Ian Sollom","Liberal Democrat","PE19 6XH","Solar PV",,2028-08-30 00:00:00.0000000,18.200,,,,,
"Ducklington Solar","Witney","South East England","England","Charlie Maynard","Liberal Democrat","OX29 7YL","Solar PV",,2028-02-15 00:00:00.0000000,18.000,,,,,
"Sofia Offshore Wind Farm Phase 2","Middlesbrough and Thornaby East","North East England","England","Andy McDonald","Labour","TS1 1DS","Offshore Wind",,2026-08-03 00:00:00.0000000,420.000,,,,,
"Leigh Delamere Solar","South Cotswolds","South West England","England","Dr Roz Savage","Liberal Democrat","SN14 6JZ","Solar PV",,2027-04-01 00:00:00.0000000,40.000,,,,,
"Heathland Wind Farm","Motherwell, Wishaw and Carluke","Glasgow and Strathclyde","Scotland","Pamela Nash","Labour","ML11 8ER","Onshore Wind",,2028-03-31 00:00:00.0000000,40.000,,,,,
"Toot Hill Farm","Brentwood and Ongar","East of England","England","Alex Burghart","Conservative","CM59SQ","Solar PV",,2027-09-30 00:00:00.0000000,18.000,,,,,
"Crystal Rig IV Ltd","Lothian East","Edinburgh and Lothians","Scotland","Mr Douglas Alexander","Labour","EH42 1SH","Onshore Wind",,2026-07-01 00:00:00.0000000,48.200,,,,,
"Old Hall Solar Farm","Melton and Syston","East Midlands","England","Edward Argar","Conservative","LE14 3PP","Solar PV",,2028-11-30 00:00:00.0000000,17.910,,,,,
"CLIFTON","West Dorset","South West England","England","Edward Morello","Liberal Democrat","BA22 9UZ","Solar PV",,2026-07-01 00:00:00.0000000,35.000,,,,,
"Strathy South Wind Farm","Caithness, Sutherland and Easter Ross","Highland and Islands","Scotland","Jamie Stone","Liberal Democrat","KW14 7RZ","Onshore Wind",,2028-03-31 00:00:00.0000000,217.000,,,,,
"Romsey Solar Farm Phase 2","Romsey and Southampton North","South East England","England","Caroline Nokes","Conservative","SO51 9LH","Solar PV",,2026-06-20 00:00:00.0000000,6.480,,,,,
"Coire Na Cloiche Windfarm","Caithness, Sutherland and Easter Ross","Highland and Islands","Scotland","Jamie Stone","Liberal Democrat","IV19 1LH","Onshore Wind",2019-06-25 00:00:00.0000000,,30.000,466002.635,67717.149,42663.623,28765.594752,5079.002750
"Golticlay Wind Farm","Caithness, Sutherland and Easter Ross","Highland and Islands","Scotland","Jamie Stone","Liberal Democrat","KW3 6DA","Onshore Wind",,2027-04-18 00:00:00.0000000,62.700,,,,,
"Kiln Fields Solar Park","North East Hampshire","South East England","England","Alex Brewer","Liberal Democrat","RG27 8TE","Solar PV",2026-04-01 00:00:00.0000000,,15.000,4396.712,4396.712,205.766,,
"Norfolk Vanguard West CFD Unit A Phase 1","Mid Norfolk","East of England","England","George Freeman","Conservative","PE37 8EG","Offshore Wind",,2028-12-30 00:00:00.0000000,615.000,,,,,
"Triton Knoll Offshore Wind Farm Phase 2","Boston and Skegness","East Midlands","England","Richard Tice","Reform UK","PE20 3BN","Offshore Wind",2021-07-06 00:00:00.0000000,,207.200,3313934.303,777586.662,273349.810,306845.768796,48812.466071
"Blarghour Wind Farm","Argyll, Bute and South Lochaber","Highland and Islands","Scotland","Brendan O'Hara","Scottish National Party","PA33 1BW","Onshore Wind",,2028-09-13 00:00:00.0000000,67.200,,,,,
"Loch Fergus Solar Farm","Ayr, Carrick and Cumnock","Glasgow and Strathclyde","Scotland","Elaine Stewart","Labour","KA6 6ER","Solar PV",,2029-07-02 00:00:00.0000000,45.000,,,,,
"Pen Onn Farm","Vale of Glamorgan","South Central Wales","Wales","Kanishka Narayan","Labour","CF62 3AG","Solar PV",,2029-09-28 00:00:00.0000000,49.900,,,,,
"Hagshaw Hill Repowering","Dumfriesshire, Clydesdale and Tweeddale","Scotland South","Scotland","David Mundell","Conservative","ML11 0SE","Onshore Wind",,2027-03-31 00:00:00.0000000,79.800,,,,,
"Berwick Bank Phase B (Phase 2)","Lothian East","Edinburgh and Lothians","Scotland","Mr Douglas Alexander","Labour","EH42 1SF","Offshore Wind",,2031-09-30 00:00:00.0000000,460.000,,,,,
"Tacher Turbines","Caithness, Sutherland and Easter Ross","Highland and Islands","Scotland","Jamie Stone","Liberal Democrat","KW5 6DX","Onshore Wind",,2026-08-01 00:00:00.0000000,12.900,,,,,
"Rhigos Solar","Merthyr Tydfil and Aberdare","South East Wales","Wales","Gerald Jones","Labour","CF44 9UE","Solar PV",,2029-09-29 00:00:00.0000000,7.600,,,,,
"Talgren Solar Ltd","Rhondda and Ogmore","South East Wales","Wales","Chris Bryant","Labour","CF72 8LQ","Solar PV",,2027-09-30 00:00:00.0000000,7.230,,,,,
"Benbrack Wind Farm - AR6 - A2","Dumfries and Galloway","Scotland South","Scotland","John Cooper","Conservative","DG7 3TL","Onshore Wind",,2026-08-31 00:00:00.0000000,22.500,,,,,
"East Anglia Two, Phase 1","Suffolk Coastal","East of England","England","Jenny Riddell-Carpenter","Labour","IP17 1PT","Offshore Wind",,2028-10-30 00:00:00.0000000,255.820,,,,,
"Dogger Bank South East CfD Unit A Phase 2","Goole and Pocklington","Yorkshire and The Humber","England","David Davis","Conservative","HU16 5SB","Offshore Wind",,2032-09-13 00:00:00.0000000,558.000,,,,,
"Dogger Bank South West CfD Unit A Phase 3","Goole and Pocklington","Yorkshire and The Humber","England","David Davis","Conservative","HU16 5SB","Offshore Wind",,2032-05-31 00:00:00.0000000,539.000,,,,,
"Wymondley","Hitchin","East of England","England","Alistair Strathern","Labour","SG4 7EZ","Solar PV",,2029-09-29 00:00:00.0000000,28.160,,,,,
"Grim12 Grimsby","Brigg and Immingham","Yorkshire and The Humber","England","Martin Vickers","Conservative","DN37 9NU","Solar PV",,2026-07-31 00:00:00.0000000,49.900,,,,,
"High Constellation Wind Farm","Argyll, Bute and South Lochaber","Highland and Islands","Scotland","Brendan O'Hara","Scottish National Party","PA29 6XS","Onshore Wind",,2028-09-30 00:00:00.0000000,50.000,,,,,
"Black Flatts Solar Farm","Lichfield","West Midlands","England","Dave Robertson","Labour","WS15 3HT","Solar PV",,2027-12-30 00:00:00.0000000,42.000,,,,,
"Deptford Farm PV & Battery","Torridge and Tavistock","South West England","England","Sir Geoffrey Cox","Conservative","EX37 9BP","Solar PV",,2029-08-02 00:00:00.0000000,30.000,,,,,
"BF27 BF SOLAR LIMITED","Bishop Auckland","North East England","England","Sam Rushworth","Labour","DL13 5AW","Solar PV",,2028-09-30 00:00:00.0000000,40.000,,,,,
"Triangle Farm Solar Park","Ely and East Cambridgeshire","East of England","England","Charlotte Cane","Liberal Democrat","CB7 5HX","Solar PV",2017-07-18 00:00:00.0000000,,10.900,112145.927,12029.076,10497.752,5191.941064,937.299276
"Kings Lynn","Mid Norfolk","East of England","England","George Freeman","Conservative","PE32 2DA","Solar PV",,2028-04-03 00:00:00.0000000,49.900,,,,,
"Nanclach Wind Farm","Moray West, Nairn and Strathspey","Aberdeen and North East","Scotland","Graham Leadbitter","Scottish National Party","IV12 5RQ","Onshore Wind",2019-10-01 00:00:00.0000000,,39.100,787487.111,111498.761,73576.033,48610.315493,8759.051487
"Seagreen Phase 3","Angus and Perthshire Glens","Tayside, Central and Fife","Scotland","Dave Doogan","Scottish National Party","DD3 0PY","Offshore Wind",,2028-03-29 00:00:00.0000000,158.000,,,,,
"Ashorne","Kenilworth and Southam","West Midlands","England","Sir Jeremy Wright","Conservative","CV33 9JY","Solar PV",,2028-02-15 00:00:00.0000000,49.900,,,,,
"Limekiln Wind Farm","Caithness, Sutherland and Easter Ross","Highland and Islands","Scotland","Jamie Stone","Liberal Democrat","KW14 7RH","Onshore Wind",,2028-03-31 00:00:00.0000000,106.000,,,,,
"NEXTPOWER HORTON WOOD Ltd","Sevenoaks","South East England","England","Laura Trott","Conservative","DA3 8AH","Solar PV",,2028-01-19 00:00:00.0000000,50.000,,,,,
"Primrose","Harwich and North Essex","East of England","England","Sir Bernard Jenkin","Conservative","CO12 5NB","Solar PV",,2028-04-03 00:00:00.0000000,17.600,,,,,
"MeyGen AR51","Caithness, Sutherland and Easter Ross","Highland and Islands","Scotland","Jamie Stone","Liberal Democrat","KW1 4YH","Tidal Stream",,2031-06-30 00:00:00.0000000,11.800,,,,,
"Chestnut Solar Farm","Melton and Syston","East Midlands","England","Edward Argar","Conservative","LE74UZ","Solar PV",,2026-07-01 00:00:00.0000000,20.000,,,,,
"Ben Sca Wind Farm","Inverness, Skye and West Ross-shire","Highland and Islands","Scotland","Mr Angus MacDonald","Liberal Democrat","IV51 9PP","Onshore Wind",,2028-01-01 00:00:00.0000000,40.800,,,,,
"East End Solar Farm","Harlow","East of England","England","Chris Vince","Labour","CM19 5HE","Solar PV",,2028-03-01 00:00:00.0000000,35.000,,,,,
"Adur Valley","Arundel and South Downs","South East England","England","Andrew Griffith","Conservative","BN44 3AD","Solar PV",,2028-05-15 00:00:00.0000000,14.250,,,,,
"Soay Solar Farm","Goole and Pocklington","Yorkshire and The Humber","England","David Davis","Conservative","YO42 4RL","Solar PV",,2027-01-15 00:00:00.0000000,49.990,,,,,
"Mynydd Y Gwair Wind Farm","Gower","South West Wales","Wales","Tonia Antoniazzi","Labour","SA5 7PX","Onshore Wind",2019-03-20 00:00:00.0000000,,32.215,709921.285,106513.471,64789.228,37561.972751,6611.145693
"Sneddon Law Community Wind Farm","Kilmarnock and Loudoun","Glasgow and Strathclyde","Scotland","Lillian Jones","Labour","KA4 8PP","Onshore Wind",2024-04-04 00:00:00.0000000,,29.813,164823.713,85326.544,9211.419,30522.909814,3289.792357
"EA3, Phase 2","Central Suffolk and North Ipswich","East of England","England","Patrick Spencer","Independent","IP8 4JL","Offshore Wind",,2029-03-29 00:00:00.0000000,375.590,,,,,
"Leaps Rigg","Carlisle","North West England","England","Ms Julie Minns","Labour","CA8 2DZ","Solar PV",,2029-07-01 00:00:00.0000000,40.000,,,,,
"Burbo Bank Extension Offshore Wind Farm","Clwyd North","North West Wales","Wales","Gill German","Labour","LL17 0LH","Offshore Wind",2017-04-11 00:00:00.0000000,,258.000,7994225.954,922566.322,747538.626,328980.491934,59328.462340
"Clashindarroch II Wind Farm","Gordon and Buchan","Aberdeen and North East","Scotland","Harriet Cross","Conservative","AB544YL","Onshore Wind",,2028-09-29 00:00:00.0000000,63.000,,,,,
"DEWSHILL WIND FARM","Airdrie and Shotts","Glasgow and Strathclyde","Scotland","Kenneth Stevenson","Labour","ML7 4NY","Onshore Wind",,2028-09-30 00:00:00.0000000,11.400,,,,,
"New Hall Solar Farm","Ossett and Denby Dale","Yorkshire and The Humber","England","Jade Botterill","Labour","WF4 4RP","Solar PV",,2028-09-30 00:00:00.0000000,22.200,,,,,
"Hatherton Solar Farm","Chester South and Eddisbury","North West England","England","Aphra Brandreth","Conservative","CW5 7RA","Solar PV",,2027-09-30 00:00:00.0000000,12.000,,,,,
"Morlais Mor Energy Zone GO3","Ynys Môn","North West Wales","Wales","Llinos Medi","Plaid Cymru","LL65 1YL","Tidal Stream",,2027-02-26 00:00:00.0000000,4.500,,,,,
"Rayleigh Fobbing","South Basildon and East Thurrock","East of England","England","James McMurdock","Independent","SS17 9JW","Solar PV",,2028-05-15 00:00:00.0000000,49.900,,,,,
"Berryhill Solar Farm","Angus and Perthshire Glens","Tayside, Central and Fife","Scotland","Dave Doogan","Scottish National Party","DD2 5LN","Solar PV",,2028-01-01 00:00:00.0000000,45.000,,,,,
"Twyford Solar Farm","Rutland and Stamford","East Midlands","England","Alicia Kearns","Conservative","LE7 9DL","Solar PV",,2027-09-30 00:00:00.0000000,10.000,,,,,
"Land at Dawley Road (New Works)","The Wrekin","West Midlands","England","Mark Pritchard","Conservative","TF6 5BS","Solar PV",,2028-09-03 00:00:00.0000000,21.000,,,,,
"Chleansaid Wind Farm","Caithness, Sutherland and Easter Ross","Highland and Islands","Scotland","Jamie Stone","Liberal Democrat","IV27 4DJ","Onshore Wind",,2028-05-02 00:00:00.0000000,96.000,,,,,
"PERRINPIT ROAD SOLAR LIMITED","Thornbury and Yate","South West England","England","Claire Young","Liberal Democrat","BS36 2AT","Solar PV",,2028-05-15 00:00:00.0000000,38.630,,,,,
"Burnt House Farm","Blyth and Ashington","North East England","England","Ian Lavery","Labour","NE22 6AZ","Solar PV",,2027-04-01 00:00:00.0000000,40.000,,,,,
"WOODINGTON SOLAR LIMITED","Romsey and Southampton North","South East England","England","Caroline Nokes","Conservative","SO51 6DQ","Solar PV",,2028-04-19 00:00:00.0000000,44.000,,,,,
"Highfield","South Cambridgeshire","East of England","England","Pippa Heylings","Liberal Democrat","SG8 9NJ","Solar PV",,2027-07-02 00:00:00.0000000,13.500,,,,,
"North Dairy Solar Park","North Dorset","South West England","England","Simon Hoare","Conservative","DT2 7EA","Solar PV",,2028-03-31 00:00:00.0000000,47.000,,,,,
"Harbury","Kenilworth and Southam","West Midlands","England","Sir Jeremy Wright","Conservative","CV47 2SL","Solar PV",,2028-03-31 00:00:00.0000000,40.000,,,,,
"Stokeford Solar Farm","South Dorset","South West England","England","Lloyd Hatton","Labour","BH20 6AN","Solar PV",2025-05-07 00:00:00.0000000,,20.090,32315.193,29813.866,1443.068,11968.590000,1030.763071
"Manor Farm Solar Farm","Didcot and Wantage","South East England","England","Olly Glover","Liberal Democrat","OX12 0DW","Solar PV",,2028-11-30 00:00:00.0000000,23.880,,,,,
"Rampisham Woods Solar","West Dorset","South West England","England","Edward Morello","Liberal Democrat","DT2 0HS","Solar PV",2025-12-14 00:00:00.0000000,,7.600,3487.638,3487.638,158.221,,
"Crays Hall Solar Farm","Basildon and Billericay","East of England","England","Mr Richard Holden","Conservative","CM11 2UN","Solar PV",,2026-07-01 00:00:00.0000000,25.920,,,,,
"West Burton Solar Project - AR7 - Site 3","Gainsborough","East Midlands","England","Sir Edward Leigh","Conservative","LN1 2EG","Solar PV",,2029-09-29 00:00:00.0000000,207.300,,,,,
"Costock Solar Farm","Rushcliffe","East Midlands","England","James Naish","Labour","LE12 6YP","Solar PV",,2028-01-01 00:00:00.0000000,49.900,,,,,
"Fraddon","St Austell and Newquay","South West England","England","Noah Law","Labour","TR8 5BP","Solar PV",,2028-02-15 00:00:00.0000000,49.900,,,,,
"HF25","West Worcestershire","West Midlands","England","Dame Harriett Baldwin","Conservative","WR8 9LD","Solar PV",,2028-05-31 00:00:00.0000000,32.000,,,,,
"Moray Offshore Windfarm (East) Phase 1","Caithness, Sutherland and Easter Ross","Highland and Islands","Scotland","Jamie Stone","Liberal Democrat","KW6 6EL","Offshore Wind",2024-03-04 00:00:00.0000000,,309.469,1254596.203,522748.974,73522.776,232332.630185,26258.134285
"Siddington Solar Park","South Cotswolds","South West England","England","Dr Roz Savage","Liberal Democrat","GL7 6DB","Solar PV",2025-08-14 00:00:00.0000000,,16.700,11405.859,11405.859,513.192,,
"Derril Water Solar Farm","Torridge and Tavistock","South West England","England","Sir Geoffrey Cox","Conservative","EX22 6LJ","Solar PV",,2026-08-01 00:00:00.0000000,15.500,,,,,
"BB2 Wind Farm","Moray West, Nairn and Strathspey","Aberdeen and North East","Scotland","Graham Leadbitter","Scottish National Party","IV36 2QH","Onshore Wind",,2028-07-01 00:00:00.0000000,43.200,,,,,
"Dorenell Wind Farm","Moray West, Nairn and Strathspey","Aberdeen and North East","Scotland","Graham Leadbitter","Scottish National Party","AB54 4HR","Onshore Wind",2018-12-20 00:00:00.0000000,,173.700,2617494.851,328851.464,246858.933,138491.791058,25189.687081
"Rayleigh Solar Farm","Rayleigh and Wickford","East of England","England","Mr Mark Francois","Conservative","SS6 9tQ","Solar PV",,2028-02-15 00:00:00.0000000,30.000,,,,,
"Brookthorpe Solar Farm","North Cotswolds","South West England","England","Sir Geoffrey Clifton-Brown","Conservative","GL4 0UT","Solar PV",,2028-03-31 00:00:00.0000000,8.000,,,,,
"Energyfarm UK New Rides Solar LLP","Sittingbourne and Sheppey","South East England","England","Kevin McKenna","Labour","ME12 4DD","Solar PV",,2027-09-30 00:00:00.0000000,10.000,,,,,
"Butterhill Solar PV","Stone, Great Wyrley and Penkridge","West Midlands","England","Sir Gavin Williamson","Conservative","ST18 9BU","Solar PV",,2029-05-02 00:00:00.0000000,40.000,,,,,
"Sallachy Wind farm","Caithness, Sutherland and Easter Ross","Highland and Islands","Scotland","Jamie Stone","Liberal Democrat","IV274NY","Onshore Wind",,2029-09-29 00:00:00.0000000,44.100,,,,,
"HANNINGFIELD GREEN LIMITED","Maldon","East of England","England","Sir John Whittingdale","Conservative","CM2 7TD","Solar PV",,2027-07-02 00:00:00.0000000,36.700,,,,,
"Lains Farm Solar Limited","Romsey and Southampton North","South East England","England","Caroline Nokes","Conservative","SP11 8PX","Solar PV",,2029-09-29 00:00:00.0000000,18.000,,,,,
"East Anglia Two, Phase 3","Suffolk Coastal","East of England","England","Jenny Riddell-Carpenter","Labour","IP17 1PT","Offshore Wind",,2029-02-13 00:00:00.0000000,361.150,,,,,
"Whitecross Solar Farm","Sleaford and North Hykeham","East Midlands","England","Dr Caroline Johnson","Conservative","NG34 9NS","Solar PV",2025-03-31 00:00:00.0000000,,23.000,45078.369,36140.310,2022.394,16695.692222,1444.566928
"Energyfarm UK Hare Craig LLP","Kilmarnock and Loudoun","Glasgow and Strathclyde","Scotland","Lillian Jones","Labour","KA18 3SA","Onshore Wind",,2027-10-31 00:00:00.0000000,46.200,,,,,
"Seagreen Phase 2","Angus and Perthshire Glens","Tayside, Central and Fife","Scotland","Dave Doogan","Scottish National Party","DD3 0PY","Offshore Wind",,2027-03-30 00:00:00.0000000,158.000,,,,,
"Barnfields","Isle of Wight West","South East England","England","Richard Quigley","Labour","PO40 9UQ","Solar PV",,2028-02-29 00:00:00.0000000,14.820,,,,,
"Orbital Marine Eday 3","Orkney and Shetland","Highland and Islands","Scotland","Mr Alistair Carmichael","Liberal Democrat","KW17 2AA","Tidal Stream",,2028-08-30 00:00:00.0000000,2.400,,,,,
"Horsey Level Solar Park","Bridgwater","South West England","England","Sir Ashley Fox","Conservative","TA7 8QJ","Solar PV",2026-04-01 00:00:00.0000000,,20.000,5440.561,5440.561,254.618,,
"Hawthorn Pit Solar Farm","Easington","North East England","England","Grahame Morris","Labour","SR7 9SA","Solar PV",,2028-02-15 00:00:00.0000000,45.000,,,,,
"Greenburn Wind Park","Ayr, Carrick and Cumnock","Glasgow and Strathclyde","Scotland","Elaine Stewart","Labour","KA18 2SG","Onshore Wind",,2028-09-13 00:00:00.0000000,63.000,,,,,
"Cairn Duhie Wind Farm","Moray West, Nairn and Strathspey","Aberdeen and North East","Scotland","Graham Leadbitter","Scottish National Party","IV12 5XB","Onshore Wind",,2029-09-29 00:00:00.0000000,67.200,,,,,
"Moray Offshore Windfarm (East) Phase 2","Caithness, Sutherland and Easter Ross","Highland and Islands","Scotland","Jamie Stone","Liberal Democrat","KW6 6EL","Offshore Wind",2024-03-04 00:00:00.0000000,,309.363,1233690.140,510991.783,72340.920,228461.137037,25836.042750
"Brynryhd Solar Farm","Llanelli","Mid and West Wales","Wales","Dame Nia Griffith","Labour","SA4 0FD","Solar PV",,2028-02-15 00:00:00.0000000,30.000,,,,,
"Bracon Ash Solar Farm","South Norfolk","East of England","England","Ben Goldsborough","Labour","NR14 8HJ","Solar PV",,2027-04-01 00:00:00.0000000,5.376,,,,,
"Hornsea Project Three Offshore Wind Farm AR6 B","South Norfolk","East of England","England","Ben Goldsborough","Labour","NR14 8PG","Offshore Wind",,2028-01-31 00:00:00.0000000,360.000,,,,,
"Oulton Solar Farm Phase 2","Broadland and Fakenham","East of England","England","Jerome Mayhew","Conservative","NR11 6AF","Solar PV",,2026-06-30 00:00:00.0000000,6.000,,,,,
"GWL25","Gower","South West Wales","Wales","Tonia Antoniazzi","Labour","SA4 9EX","Solar PV",,2028-03-01 00:00:00.0000000,16.260,,,,,
"Brenig Wind Farm","Bangor Aberconwy","North West Wales","Wales","Claire Hughes","Labour","LL16 5RN","Onshore Wind",2019-03-29 00:00:00.0000000,,37.600,752786.983,115727.663,68663.150,39829.999100,7006.443826
"Bedworth Solar","North Warwickshire and Bedworth","West Midlands","England","Rachel Taylor","Labour","CV12 0NE","Solar PV",,2028-02-15 00:00:00.0000000,16.000,,,,,
"Inch Cape B","Lothian East","Edinburgh and Lothians","Scotland","Mr Douglas Alexander","Labour","EH32 0JA","Offshore Wind",,2027-07-31 00:00:00.0000000,88.700,,,,,
"Birch","Witham","East of England","England","Priti Patel","Conservative","CO2 0NN","Solar PV",,2028-03-31 00:00:00.0000000,25.000,,,,,
"NRT24","Stockton West","North East England","England","Matt Vickers","Conservative","TS21 1EX","Solar PV",,2028-01-15 00:00:00.0000000,40.900,,,,,
"Magallanes EMEC Berth 1 Extension","Orkney and Shetland","Highland and Islands","Scotland","Mr Alistair Carmichael","Liberal Democrat","KW17 2AA","Tidal Stream",,2029-03-01 00:00:00.0000000,3.000,,,,,
"Golticlay Wind Farm 2","Caithness, Sutherland and Easter Ross","Highland and Islands","Scotland","Jamie Stone","Liberal Democrat","KW3 6DA","Onshore Wind",,2028-09-30 00:00:00.0000000,13.200,,,,,
"Upper Ogmore Wind Farm","Rhondda and Ogmore","South East Wales","Wales","Chris Bryant","Labour","CF32 8AH","Onshore Wind",,2029-09-29 00:00:00.0000000,25.800,,,,,
"Ynnir Lleuad 2","Ynys Môn","North West Wales","Wales","Llinos Medi","Plaid Cymru","LL65 1YL","Tidal Stream",,2028-05-02 00:00:00.0000000,10.000,,,,,
"Viking Wind Farm","Orkney and Shetland","Highland and Islands","Scotland","Mr Alistair Carmichael","Liberal Democrat","ZE2 9LP","Remote Island Wind",,2027-03-31 00:00:00.0000000,220.000,,,,,
"Slickly Wind Farm","Caithness, Sutherland and Easter Ross","Highland and Islands","Scotland","Jamie Stone","Liberal Democrat","KW1 4UG","Onshore Wind",,2028-09-29 00:00:00.0000000,49.900,,,,,
"EA 1, Phase 3","Central Suffolk and North Ipswich","East of England","England","Patrick Spencer","Independent","IP8 4JL","Offshore Wind",2020-05-30 00:00:00.0000000,,248.812,5807140.426,1100977.380,513398.047,358465.458394,61118.815107
"HGPV Solar","Aberdeenshire North and Moray East","Aberdeen and North East","Scotland","Seamus Logan","Scottish National Party","AB42 0PT","Solar PV",,2027-05-02 00:00:00.0000000,9.200,,,,,
"Neart na Gaoithe","Lothian East","Edinburgh and Lothians","Scotland","Mr Douglas Alexander","Labour","EH42 1SH","Offshore Wind",2025-04-16 00:00:00.0000000,,448.000,1974799.569,1876254.484,88050.508,731407.247777,62893.220142
"Cressing Solar Farm","Witham","East of England","England","Priti Patel","Conservative","CM77 8DX","Solar PV",,2027-10-29 00:00:00.0000000,24.900,,,,,
"Middle Muir Wind Farm","Dumfriesshire, Clydesdale and Tweeddale","Scotland South","Scotland","David Mundell","Conservative","ML12 6SZ","Onshore Wind",2019-01-09 00:00:00.0000000,,50.730,756790.303,124283.395,68846.744,40041.814973,7025.177979
"Mid Whitestones Solar","Gordon and Buchan","Aberdeen and North East","Scotland","Harriet Cross","Conservative","AB53 5XX","Solar PV",,2029-07-02 00:00:00.0000000,9.900,,,,,
"Kitland Solar Farm","North Somerset","South West England","England","Sadik Al-Hassan","Labour","BS40 5HT","Solar PV",,2029-09-29 00:00:00.0000000,39.990,,,,,
"Grey Street Solar Ltd (Fiskerton 3)","Gainsborough","East Midlands","England","Sir Edward Leigh","Conservative","LN3 4EZ","Solar PV",,2026-07-16 00:00:00.0000000,49.900,,,,,
"Parc Caenewydd PV & BESS","Gower","South West Wales","Wales","Tonia Antoniazzi","Labour","SA4 4LN","Solar PV",,2028-05-31 00:00:00.0000000,44.000,,,,,
"Costa Head Wind Farm","Orkney and Shetland","Highland and Islands","Scotland","Mr Alistair Carmichael","Liberal Democrat","KW17 2NW","Remote Island Wind",,2028-06-30 00:00:00.0000000,16.320,,,,,
"Braintree","Witham","East of England","England","Priti Patel","Conservative","CM77 8DS","Solar PV",2025-12-17 00:00:00.0000000,,26.000,13853.553,13853.553,634.261,,
"Keithick","Angus and Perthshire Glens","Tayside, Central and Fife","Scotland","Dave Doogan","Scottish National Party","PH13 9HE ","Solar PV",,2029-09-28 00:00:00.0000000,16.000,,,,,
"Norfolk Vanguard East CFD Unit A Phase 1","Mid Norfolk","East of England","England","George Freeman","Conservative","PE37 8EG","Offshore Wind",,2029-11-06 00:00:00.0000000,525.000,,,,,
"High Park Foot Solar PV","Carlisle","North West England","England","Ms Julie Minns","Labour","CA6 6NH","Solar PV",,2027-03-31 00:00:00.0000000,20.000,,,,,
"Claydon","Tewkesbury","South West England","England","Cameron Thomas","Liberal Democrat","GL20 7BH","Solar PV",,2026-07-31 00:00:00.0000000,45.000,,,,,
"Teesside Renewable Energy Project","Redcar","North East England","England","Anna Turley","Labour","TS6 6UD","Dedicated Biomass",2023-09-30 00:00:00.0000000,,287.516,3022595.091,1324304.134,174716.683,559739.831666,62398.815464
"Harlesford","Henley and Thame","South East England","England","Freddie van Mierlo","Liberal Democrat","OX9 7BX","Solar PV",,2026-05-29 00:00:00.0000000,26.650,,,,,
"NEXTPOWER SPV 14 LIMITED","Witney","South East England","England","Charlie Maynard","Liberal Democrat","OX13 5PA","Solar PV",,2028-04-19 00:00:00.0000000,42.800,,,,,
"Osberton Solar","Bassetlaw","East Midlands","England","Jo White","Labour","S81 0UF","Solar PV",,2026-12-01 00:00:00.0000000,34.000,,,,,
"Moreton Brook Solar Farm","Lichfield","West Midlands","England","Dave Robertson","Labour","WS15 3NP","Solar PV",,2028-09-30 00:00:00.0000000,49.900,,,,,
"Ynni'r Lleuad 3","Ynys Môn","North West Wales","Wales","Llinos Medi","Plaid Cymru","LL65 1YL","Tidal Stream",,2029-09-30 00:00:00.0000000,10.000,,,,,
"Morlais Verdant Isles BL3","Ynys Môn","North West Wales","Wales","Llinos Medi","Plaid Cymru","LL65 1YL","Tidal Stream",,2028-04-02 00:00:00.0000000,4.900,,,,,
"Anglesey","Ynys Môn","North West Wales","Wales","Llinos Medi","Plaid Cymru","LL65 3SL","Solar PV",,2028-05-15 00:00:00.0000000,28.500,,,,,
"Pencloe Wind Farm","Ayr, Carrick and Cumnock","Glasgow and Strathclyde","Scotland","Elaine Stewart","Labour","KA184PR","Onshore Wind",,2026-09-27 00:00:00.0000000,72.000,,,,,
"ENERGYFARM UK GARBET LLP","Moray West, Nairn and Strathspey","Aberdeen and North East","Scotland","Graham Leadbitter","Scottish National Party","AB55 4DQ","Onshore Wind",,2026-10-31 00:00:00.0000000,39.900,,,,,
"Inch Cape Phase 1","Lothian East","Edinburgh and Lothians","Scotland","Mr Douglas Alexander","Labour","EH32 0JA","Offshore Wind",,2029-03-31 00:00:00.0000000,210.000,,,,,
"Lethans Wind Farm","Ayr, Carrick and Cumnock","Glasgow and Strathclyde","Scotland","Elaine Stewart","Labour","KA18 4NS","Onshore Wind",,2028-09-29 00:00:00.0000000,120.000,,,,,
"Norfolk Vanguard West CFD Unit C Phase 1","Mid Norfolk","East of England","England","George Freeman","Conservative","PE37 8EG","Offshore Wind",,2028-10-21 00:00:00.0000000,75.000,,,,,
"Quarry","Witney","South East England","England","Charlie Maynard","Liberal Democrat","OX29 9UH","Solar PV",,2028-09-30 00:00:00.0000000,35.000,,,,,
"Parkgate Farm Solar","Witham","East of England","England","Priti Patel","Conservative","CM8 3PS","Solar PV",,2028-02-15 00:00:00.0000000,18.000,,,,,
"Chillington Estate","Stone, Great Wyrley and Penkridge","West Midlands","England","Sir Gavin Williamson","Conservative","WV8 1RB","Solar PV",,2029-07-02 00:00:00.0000000,40.000,,,,,
"Six Oaks Renewable Energy Park","South Cambridgeshire","East of England","England","Pippa Heylings","Liberal Democrat","CB8 0UW","Solar PV",,2028-09-30 00:00:00.0000000,35.000,,,,,
"Clocaenog Forest Wind Farm","Bangor Aberconwy","North West Wales","Wales","Claire Hughes","Labour","LL16 4SP","Onshore Wind",2019-10-31 00:00:00.0000000,,95.680,1514278.493,258469.271,136198.058,93473.981049,16214.054475
"Charleston","Angus and Perthshire Glens","Tayside, Central and Fife","Scotland","Dave Doogan","Scottish National Party","DD2 5QQ","Solar PV",,2027-03-17 00:00:00.0000000,20.000,,,,,
"Walpole Green Limited","North West Norfolk","East of England","England","James Wild","Conservative","PE14 7JA","Solar PV",,2026-11-17 00:00:00.0000000,34.200,,,,,
"Marsh Lane Solar Farm","Waveney Valley","East of England","England","Adrian Ramsay","Green Party","IP22 1BA","Solar PV",,2028-09-30 00:00:00.0000000,30.000,,,,,
"Sunderlandwick Solar PV Farm","Bridlington and The Wolds","Yorkshire and The Humber","England","Charlie Dewhirst","Conservative","YO25 9AD","Solar PV",,2029-08-30 00:00:00.0000000,35.000,,,,,
"Bicker Fen Solar Limited","Boston and Skegness","East Midlands","England","Richard Tice","Reform UK","PE24 5AY","Solar PV",2025-05-07 00:00:00.0000000,,18.164,16757.801,15058.819,753.550,6206.592962,538.249785
"Pilmoor Solar Farm","Wetherby and Easingwold","Yorkshire and The Humber","England","Sir Alec Shelbrooke","Conservative","YO61 2QB","Solar PV",,2028-01-31 00:00:00.0000000,49.900,,,,,
"Glen Ullinish","Inverness, Skye and West Ross-shire","Highland and Islands","Scotland","Mr Angus MacDonald","Liberal Democrat","IV56 8FE","Onshore Wind",,2029-09-29 00:00:00.0000000,49.900,,,,,
"Brynwell Farm Solar","Cardiff South and Penarth","South Central Wales","Wales","Stephen Doughty","Labour","CF11 8AS","Solar PV",,2027-09-30 00:00:00.0000000,15.310,,,,,
"Hale Farm","Aylesbury","South East England","England","Laura Kyrke-Smith","Labour","HP22 5AX","Solar PV",,2027-09-29 00:00:00.0000000,40.000,,,,,
"Cullerlie Solar PV","West Aberdeenshire and Kincardine","Aberdeen and North East","Scotland","Andrew Bowie","Conservative","AB32 6XA","Solar PV",,2026-06-30 00:00:00.0000000,8.750,,,,,
"Broken Cross Wind Farm","Dumfriesshire, Clydesdale and Tweeddale","Scotland South","Scotland","David Mundell","Conservative","ML11 9PB","Onshore Wind",,2027-03-31 00:00:00.0000000,42.350,,,,,
"Pentland Floating Offshore Wind Farm Phase 1","Caithness, Sutherland and Easter Ross","Highland and Islands","Scotland","Jamie Stone","Liberal Democrat","KW14 7TZ","Floating Offshore Wind",,2030-09-29 00:00:00.0000000,37.000,,,,,
"Dogger Bank C P3","Redcar","North East England","England","Anna Turley","Labour","TS6 8DN","Offshore Wind",,2028-06-01 00:00:00.0000000,456.600,,,,,
"Corner Copse","Swindon North","South West England","England","Will Stone","Labour","SN6 7SE","Solar PV",,2026-09-30 00:00:00.0000000,49.900,,,,,
"Cowley Baldon Green Limited","Didcot and Wantage","South East England","England","Olly Glover","Liberal Democrat","OX44 9PA","Solar PV",,2027-03-02 00:00:00.0000000,49.200,,,,,
"Tiddiecross","The Wrekin","West Midlands","England","Mark Pritchard","Conservative","TF6 5EG","Solar PV",,2029-06-09 00:00:00.0000000,12.000,,,,,
"Orbital Marine Eday 1","Orkney and Shetland","Highland and Islands","Scotland","Mr Alistair Carmichael","Liberal Democrat","KW17 2AA","Tidal Stream",,2027-03-16 00:00:00.0000000,2.400,,,,,
"Priestgill Wind Farm","Dumfriesshire, Clydesdale and Tweeddale","Scotland South","Scotland","David Mundell","Conservative","ML12 6RW","Onshore Wind",,2027-09-30 00:00:00.0000000,43.630,,,,,
"Aberthaw East","Vale of Glamorgan","South Central Wales","Wales","Kanishka Narayan","Labour","CF62 3BJ","Solar PV",,2029-09-29 00:00:00.0000000,20.000,,,,,
"Clash Gour Wind Farm","Moray West, Nairn and Strathspey","Aberdeen and North East","Scotland","Graham Leadbitter","Scottish National Party","IV36 2QH","Onshore Wind",,2030-08-30 00:00:00.0000000,168.750,,,,,
"Morlais Magallanes GR3","Ynys Môn","North West Wales","Wales","Llinos Medi","Plaid Cymru","LL65 1YL","Tidal Stream",,2027-04-01 00:00:00.0000000,5.620,,,,,
"MeyGen AR54","Caithness, Sutherland and Easter Ross","Highland and Islands","Scotland","Jamie Stone","Liberal Democrat","KW1 4YH","Tidal Stream",,2031-06-30 00:00:00.0000000,1.600,,,,,
"Enso Green Holdings I Limited","Doncaster East and the Isle of Axholme","Yorkshire and The Humber","England","Lee Pitcher","Labour","DN7 4BX","Solar PV",,2028-10-30 00:00:00.0000000,57.000,,,,,
"HIGHER STOCKBRIDGE","West Dorset","South West England","England","Edward Morello","Liberal Democrat","DT9 6EP","Solar PV",,2026-07-15 00:00:00.0000000,35.000,,,,,
"Lynemouth Power Station","North Northumberland","North East England","England","David Smith","Labour","NE61 5YJ","Biomass Conversion",2018-06-23 00:00:00.0000000,,406.790,15988919.076,2704623.925,1441902.828,845974.554285,147132.941612
"Orbital Marine Eday 2","Orkney and Shetland","Highland and Islands","Scotland","Mr Alistair Carmichael","Liberal Democrat","KW17 2AA","Tidal Stream",,2027-03-16 00:00:00.0000000,4.800,,,,,
"FERRY FARM 3 NORTH","Chichester","South East England","England","Jess Brown-Fuller","Liberal Democrat","PO20 7NE","Solar PV",,2027-05-01 00:00:00.0000000,9.750,,,,,
"Loganhead Wind Farm","Dumfriesshire, Clydesdale and Tweeddale","Scotland South","Scotland","David Mundell","Conservative","DG13 0NW","Onshore Wind",,2029-09-29 00:00:00.0000000,36.000,,,,,
"Camilty Wind Farm","Livingston","Edinburgh and Lothians","Scotland","Gregor Poynton","Labour","EH55 8RH","Onshore Wind",,2027-07-02 00:00:00.0000000,21.600,,,,,
"Brecks Solar farm","Newark","East Midlands","England","Robert Jenrick","Reform UK","DN22 0PT","Solar PV",,2027-09-30 00:00:00.0000000,34.500,,,,,
"Oaklands Solar Farm","Vale of Glamorgan","South Central Wales","Wales","Kanishka Narayan","Labour","CF5 6TQ","Solar PV",,2027-09-30 00:00:00.0000000,49.990,,,,,
"West Burton Solar Project - AR7 - Site 1","Gainsborough","East Midlands","England","Sir Edward Leigh","Conservative","LN1 2ZS","Solar PV",,2029-09-29 00:00:00.0000000,90.100,,,,,
"Parc Dyffryn","Vale of Glamorgan","South Central Wales","Wales","Kanishka Narayan","Labour","CF5 6ST","Solar PV",,2029-03-31 00:00:00.0000000,49.950,,,,,
"Duxhurst Solar Farm","Dorking and Horley","South East England","England","Chris Coghlan","Liberal Democrat","RH2 8PT","Solar PV",,2028-03-31 00:00:00.0000000,19.490,,,,,
"Brick House Farm","South Shropshire","West Midlands","England","Stuart Anderson","Conservative","SY8 3BZ","Solar PV",,2027-12-31 00:00:00.0000000,42.000,,,,,
"Benbrack Wind Farm - AR6 - A3","Dumfries and Galloway","Scotland South","Scotland","John Cooper","Conservative","DG7 3TL","Onshore Wind",,2026-08-31 00:00:00.0000000,13.500,,,,,
"Hulam Solar Farm","Easington","North East England","England","Grahame Morris","Labour","TS27 4SA","Solar PV",,2028-01-19 00:00:00.0000000,49.990,,,,,
"LOWER TEAN LEYS SOLAR FARM LIMITED","Stoke-on-Trent South","West Midlands","England","Dr Allison Gardner","Labour","ST10 4NS","Solar PV",,2029-09-29 00:00:00.0000000,49.900,,,,,
"Cwm Ifor Solar Farm","Caerphilly","South East Wales","Wales","Chris Evans","Labour","CF832TU","Solar PV",,2027-09-30 00:00:00.0000000,15.000,,,,,
"Dogger Bank South West CfD Unit A Phase 2","Goole and Pocklington","Yorkshire and The Humber","England","David Davis","Conservative","HU16 5SB","Offshore Wind",,2032-05-30 00:00:00.0000000,558.000,,,,,
"WSE HARTFORD WOOD LIMITED","Blyth and Ashington","North East England","England","Ian Lavery","Labour","NE22 5RS","Solar PV",,2028-05-15 00:00:00.0000000,49.900,,,,,
"Enso Green Holdings K Limited","Newark","East Midlands","England","Robert Jenrick","Reform UK","NG23 6TH","Solar PV",,2029-10-31 00:00:00.0000000,49.990,,,,,
"Kemb04 Kemble","South Cotswolds","South West England","England","Dr Roz Savage","Liberal Democrat","GL7 6PL","Solar PV",,2026-06-05 00:00:00.0000000,49.900,,,,,
"Trinlaymire","Bathgate and Linlithgow","Edinburgh and Lothians","Scotland","Kirsteen Sullivan","Labour","EH49 9NF","Solar PV",,2029-09-28 00:00:00.0000000,29.900,,,,,
"Orbital Marine Eday 5","Orkney and Shetland","Highland and Islands","Scotland","Mr Alistair Carmichael","Liberal Democrat","KW17 2AA","Tidal Stream",,2030-09-29 00:00:00.0000000,2.400,,,,,
"Cox's Brook Solar Park","Tewkesbury","South West England","England","Cameron Thomas","Liberal Democrat","GL2 9PG","Solar PV",,2027-09-30 00:00:00.0000000,16.000,,,,,
"Camster II Wind Farm Limited","Caithness, Sutherland and Easter Ross","Highland and Islands","Scotland","Jamie Stone","Liberal Democrat","KW1 5SG","Onshore Wind",,2027-04-18 00:00:00.0000000,36.000,,,,,
"Cowley House Solar Farm","Newton Aycliffe and Spennymoor","North East England","England","Alan Strickland","Labour","TS21 3HG","Solar PV",,2026-08-10 00:00:00.0000000,40.000,,,,,
"Dogger Bank B P1","Goole and Pocklington","Yorkshire and The Humber","England","David Davis","Conservative","HU16 5SB","Offshore Wind",,2027-03-01 00:00:00.0000000,302.400,,,,,
"Cattybrook Solar Farm","Thornbury and Yate","South West England","England","Claire Young","Liberal Democrat","BS32 4ES","Solar PV",,2028-09-30 00:00:00.0000000,49.900,,,,,
"Doverdale","Droitwich and Evesham","West Midlands","England","Nigel Huddleston","Conservative","WR9 0QB","Solar PV",2026-04-01 00:00:00.0000000,,49.900,4109.751,4109.751,192.337,,
"Whaddon Farm Solar Park","South West Wiltshire","South West England","England","Dr Andrew Murrison","Conservative","BA14 6NR","Solar PV",,2026-06-15 00:00:00.0000000,10.000,,,,,
"Orkney Community Wind Farm Project - Quanterness","Orkney and Shetland","Highland and Islands","Scotland","Mr Alistair Carmichael","Liberal Democrat","KW15 1TX","Remote Island Wind",,2028-08-31 00:00:00.0000000,28.800,,,,,
"Dogger Bank C P1","Redcar","North East England","England","Anna Turley","Labour","TS6 8DN","Offshore Wind",,2028-01-01 00:00:00.0000000,302.400,,,,,
"Low Horton","Blyth and Ashington","North East England","England","Ian Lavery","Labour","NE24 4HG","Solar PV",,2027-04-01 00:00:00.0000000,40.000,,,,,
"Moorshield Wind Farm","East Renfrewshire","Glasgow and Strathclyde","Scotland","Blair McDougall","Labour","G77 6SQ","Onshore Wind",,2029-09-29 00:00:00.0000000,18.000,,,,,
"Hesta Head Wind Farm","Orkney and Shetland","Highland and Islands","Scotland","Mr Alistair Carmichael","Liberal Democrat","KW17 2RL","Remote Island Wind",,2028-06-30 00:00:00.0000000,20.400,,,,,
"Driffield","Bridlington and The Wolds","Yorkshire and The Humber","England","Charlie Dewhirst","Conservative","YO25 8NQ","Solar PV",2026-01-08 00:00:00.0000000,,30.000,16156.357,16156.357,740.165,,
"NEXTPOWER CHAPEL LIMITED","Hinckley and Bosworth","East Midlands","England","Dr Luke Evans","Conservative","LE9 8FT","Solar PV",,2028-01-19 00:00:00.0000000,17.300,,,,,
"Bunkers Hill","North East Hampshire","South East England","England","Alex Brewer","Liberal Democrat","RG27 9DA","Solar PV",2026-03-25 00:00:00.0000000,,49.900,15832.186,15832.186,736.922,,
"Low Farm Solar Farm","Dewsbury and Batley","Yorkshire and The Humber","England","Iqbal Mohamed","Independent","WF4 4BB","Solar PV",,2027-12-15 00:00:00.0000000,49.900,,,,,
"Gunthorpe Road","South Holland and The Deepings","East Midlands","England","Sir John Hayes","Conservative","PE14 7JH","Solar PV",,2028-05-15 00:00:00.0000000,49.900,,,,,
"LAIRG II LLP","Caithness, Sutherland and Easter Ross","Highland and Islands","Scotland","Jamie Stone","Liberal Democrat","IV27 4DG","Onshore Wind",,2026-10-31 00:00:00.0000000,50.000,,,,,
"Heathland Wind Farm - Zone 2","Motherwell, Wishaw and Carluke","Glasgow and Strathclyde","Scotland","Pamela Nash","Labour","ML11 8ER","Onshore Wind",,2028-09-29 00:00:00.0000000,40.100,,,,,
"Hampton Lodge Solar Farm","Kenilworth and Southam","West Midlands","England","Sir Jeremy Wright","Conservative","CV35 8AH","Solar PV",,2028-09-30 00:00:00.0000000,16.000,,,,,
"EA3, Phase 3","Central Suffolk and North Ipswich","East of England","England","Patrick Spencer","Independent","IP8 4JL","Offshore Wind",,2029-03-30 00:00:00.0000000,390.030,,,,,
"Colchester Solar Farm","Witham","East of England","England","Priti Patel","Conservative","CO6 1RR","Solar PV",,2028-10-30 00:00:00.0000000,15.000,,,,,
"Berwick Bank Phase B (Phase 1)","Lothian East","Edinburgh and Lothians","Scotland","Mr Douglas Alexander","Labour","EH42 1SF","Offshore Wind",,2031-09-29 00:00:00.0000000,460.000,,,,,
"LEEMING SOLAR FARM LIMITED","Richmond and Northallerton","Yorkshire and The Humber","England","Rishi Sunak","Conservative","DL7 0RQ","Solar PV",,2028-05-15 00:00:00.0000000,39.000,,,,,
"South Lynch Solar Limited","Winchester","South East England","England","Dr Danny Chambers","Liberal Democrat","SO21 2JE","Solar PV",,2029-09-29 00:00:00.0000000,15.000,,,,,
"Green Volt Offshore Windfarm (GV01)","Gordon and Buchan","Aberdeen and North East","Scotland","Harriet Cross","Conservative","AB53 6XS","Floating Offshore Wind",,2029-09-29 00:00:00.0000000,400.000,,,,,
"UKZ047 Glebe (Horsford)","Broadland and Fakenham","East of England","England","Jerome Mayhew","Conservative","NR10 3AG","Solar PV",,2028-04-27 00:00:00.0000000,18.000,,,,,
"Gammaton Solar Farm","Torridge and Tavistock","South West England","England","Sir Geoffrey Cox","Conservative","EX39 4QZ","Solar PV",,2028-06-30 00:00:00.0000000,28.570,,,,,
"Dogger Bank C P2","Redcar","North East England","England","Anna Turley","Labour","TS6 8DN","Offshore Wind",,2028-03-01 00:00:00.0000000,441.000,,,,,
"Rowley Hill","Braintree","East of England","England","Sir James Cleverly","Conservative","CB9 7JU","Solar PV",,2029-04-30 00:00:00.0000000,16.000,,,,,
"Copse Close Solar Farm","East Hampshire","South East England","England","Damian Hinds","Conservative","GU34 3HN","Solar PV",,2028-12-08 00:00:00.0000000,44.000,,,,,
"Limebury","Torridge and Tavistock","South West England","England","Sir Geoffrey Cox","Conservative","EX39 5QG ","Solar PV",,2027-07-02 00:00:00.0000000,5.200,,,,,
"Firsfield Solar Farm","Bury St Edmunds and Stowmarket","East of England","England","Peter Prinsley","Labour","IP31 1BB","Solar PV",,2028-09-30 00:00:00.0000000,46.990,,,,,
"Abergorki Wind Farm","Rhondda and Ogmore","South East Wales","Wales","Chris Bryant","Labour","CF42 6TF","Onshore Wind",,2027-12-01 00:00:00.0000000,9.600,,,,,
"Woodlands Farm","Bury St Edmunds and Stowmarket","East of England","England","Peter Prinsley","Labour","IP14 2AH","Solar PV",,2029-04-01 00:00:00.0000000,40.000,,,,,
"Whitelaw Brae Wind Farm","Dumfriesshire, Clydesdale and Tweeddale","Scotland South","Scotland","David Mundell","Conservative","ML12 6QS","Onshore Wind",,2027-12-29 00:00:00.0000000,57.000,,,,,
"Barnsdale Solar Park","Selby","Yorkshire and The Humber","England","Keir Mather","Labour","WF10 2AX","Solar PV",,2026-10-28 00:00:00.0000000,40.000,,,,,
"CLUMP FARM SOLAR LIMITED","South Leicestershire","East Midlands","England","Alberto Costa","Conservative","LE9 7TJ","Solar PV",,2028-05-15 00:00:00.0000000,49.990,,,,,
"Brownside","Aberdeenshire North and Moray East","Aberdeen and North East","Scotland","Seamus Logan","Scottish National Party","AB45 4YB","Solar PV",,2028-10-29 00:00:00.0000000,35.200,,,,,
"BROWNHILL WIND FARM","Airdrie and Shotts","Glasgow and Strathclyde","Scotland","Kenneth Stevenson","Labour","ML7 5TG","Onshore Wind",,2028-03-31 00:00:00.0000000,8.400,,,,,
"Woodwalton Two Solar Farm","Huntingdon","East of England","England","Ben Obese-Jecty","Conservative","PE28 5YL","Solar PV",,2026-04-16 00:00:00.0000000,16.120,,,,,
"Bad A Cheo Wind Farm","Caithness, Sutherland and Easter Ross","Highland and Islands","Scotland","Jamie Stone","Liberal Democrat","KW1 5XU","Onshore Wind",2019-03-31 00:00:00.0000000,,26.340,470814.409,81439.190,41324.406,24910.815290,4216.776132
"Watson Head Wind Farm Limited","Airdrie and Shotts","Glasgow and Strathclyde","Scotland","Kenneth Stevenson","Labour","ML2 9PL","Onshore Wind",,2027-04-01 00:00:00.0000000,8.400,,,,,
"Land at Guston Court Farm (Chalkpit)","Dover and Deal","South East England","England","Mike Tapp","Labour","CT15 5EX","Solar PV",,2027-01-02 00:00:00.0000000,17.000,,,,,
"Dogger Bank A P3","Goole and Pocklington","Yorkshire and The Humber","England","David Davis","Conservative","HU16 5SB","Offshore Wind",,2026-11-30 00:00:00.0000000,456.600,,,,,
"Erebus","Mid and South Pembrokeshire","Mid and West Wales","Wales","Henry Tufnell","Labour","SA71 5TP ","Floating Offshore Wind",,2030-09-29 00:00:00.0000000,100.000,,,,,
"Enso Green Holdings A Limited","Bassetlaw","East Midlands","England","Jo White","Labour","DN22 9ER","Solar PV",,2028-05-15 00:00:00.0000000,40.000,,,,,
"Dudgeon Phase 3","Mid Norfolk","East of England","England","George Freeman","Conservative","PE37 8EG","Offshore Wind",2017-10-01 00:00:00.0000000,,100.140,3611164.447,451953.538,335740.540,167183.539212,29976.833946
"Hornsea Project Three Offshore Wind Farm","South Norfolk","East of England","England","Ben Goldsborough","Labour","NR14 8PG","Offshore Wind",,2028-03-01 00:00:00.0000000,2146.100,,,,,
"Cornwell","Henley and Thame","South East England","England","Freddie van Mierlo","Liberal Democrat","OX9 7HB","Solar PV",,2026-06-30 00:00:00.0000000,35.000,,,,,
"Barnacre Solar Farm","Lancaster and Wyre","North West England","England","Cat Smith","Labour","PR3 1GJ","Solar PV",,2027-09-30 00:00:00.0000000,23.000,,,,,
"Sunny Oaks Renewable Energy Park","Isle of Wight West","South East England","England","Richard Quigley","Labour","PO33 4RH","Solar PV",,2028-08-30 00:00:00.0000000,18.000,,,,,
"Gaywood Solar Farm","Tonbridge","South East England","England","Tom Tugendhat","Conservative","TN8 6QJ","Solar PV",,2027-02-15 00:00:00.0000000,10.500,,,,,
"Adstock","Buckingham and Bletchley","South East England","England","Callum Anderson","Labour","MK18 2JW","Solar PV",2025-07-01 00:00:00.0000000,,15.000,19538.223,19538.223,877.581,,
"South Fambridge Hall Solar","Rayleigh and Wickford","East of England","England","Mr Mark Francois","Conservative","SS4 3LS","Solar PV",,2026-06-15 00:00:00.0000000,45.000,,,,,
"WALLACE WOOD SOLAR FARM LIMITED","Vale of Glamorgan","South Central Wales","Wales","Kanishka Narayan","Labour","CF5 6BE","Solar PV",,2029-09-29 00:00:00.0000000,42.000,,,,,
"Brackley","South Northamptonshire","East Midlands","England","Sarah Bool","Conservative","OX17 2DJ","Solar PV",,2026-06-30 00:00:00.0000000,20.000,,,,,
"Longhedge Solar Farm","Newark","East Midlands","England","Robert Jenrick","Reform UK","NG13 9DS","Solar PV",,2028-11-30 00:00:00.0000000,49.900,,,,,
"Cutlers","North West Essex","East of England","England","Mrs Kemi Badenoch","Conservative","CM6 2QB","Solar PV",,2028-02-29 00:00:00.0000000,19.760,,,,,
"Walkford Road Solar, New Milton","New Forest West","South East England","England","Sir Desmond Swayne","Conservative","BH25 5NL","Solar PV",,2029-07-01 00:00:00.0000000,12.350,,,,,
"Brigstock Solar Farm","Corby and East Northamptonshire","East Midlands","England","Lee Barron","Labour","NN14 3NA","Solar PV",,2027-10-29 00:00:00.0000000,49.900,,,,,
"STRATHRUDDIE ENERGY CENTRE LIMITED","Glenrothes and Mid Fife","Tayside, Central and Fife","Scotland","Richard Baker","Labour","KY5 0UA","Solar PV",,2027-07-30 00:00:00.0000000,20.000,,,,,
"SANQUHAR II COMMUNITY WIND FARM BMU1","Dumfriesshire, Clydesdale and Tweeddale","Scotland South","Scotland","David Mundell","Conservative","DG3 4NN","Onshore Wind",,2027-04-01 00:00:00.0000000,83.400,,,,,
