CFD_ID,Name_of_CFD_Unit,Allocation_Round,Technology_Type,Transmission_or_Distribution_connection,Status,Expected_Start_Date,Maximum_Contract_Capacity_MW
AAA-ACH-183,Achlachan Wind Farm,Allocation Round 1,Onshore Wind,Distribution,Live (Post-FIC),,10.0
AAA-BAD-185,Bad A Cheo Wind Farm,Allocation Round 1,Onshore Wind,Transmission,Live (Post-FIC),,26.34
AAA-BAN-189,Kype Muir Wind Farm,Allocation Round 1,Onshore Wind,Transmission,Live (Post-FIC),,87.23
AAA-BAN-190,Moor House Wind Farm,Allocation Round 1,Onshore Wind,Distribution,Live (Post-FIC),,11.96
AAA-BAN-192,Middle Muir Wind Farm,Allocation Round 1,Onshore Wind,Transmission,Live (Post-FIC),,50.73
AAA-BRE-177,Brenig Wind Farm,Allocation Round 1,Onshore Wind,Distribution,Live (Post-FIC),,37.6
AAA-CAM-197,Triangle Farm Solar Park,Allocation Round 1,Solar PV,Distribution,Live (Post-FIC),,10.9
AAA-CLO-186,Clocaenog Forest Wind Farm,Allocation Round 1,Onshore Wind,Distribution,Live (Post-FIC),,95.68
AAA-COI-196,Coire Na Cloiche Windfarm,Allocation Round 1,Onshore Wind,Distribution,Live (Post-FIC),,30.0
AAA-COM-191,Common Barn Wind Farm,Allocation Round 1,Onshore Wind,Distribution,Live (Post-FIC),,6.07
AAA-DOR-182,Dorenell Wind Farm,Allocation Round 1,Onshore Wind,Transmission,Live (Post-FIC),,173.7
AAA-ENE-171,Energy Works (Hull),Allocation Round 1,Advanced Conversion Technology,Distribution,Live (Post-FIC),,25.0
AAA-ENV-169,Enviroparks Hirwaun Generation Site,Allocation Round 1,Advanced Conversion Technology,Distribution,Terminated,,11.0
AAA-GEN-188,Wren Power and Pulp,Allocation Round 1,Energy from Waste,Distribution,Terminated,,49.75
AAA-K3C-180,K3 CHP Facility,Allocation Round 1,Energy from Waste,Distribution,Live (Post-FIC),,45.0
AAA-LIG-176,Charity Farm,Allocation Round 1,Solar PV,Distribution,Live (Post-FIC),,11.94
AAA-MYN-178,Mynydd Y Gwair Wind Farm,Allocation Round 1,Onshore Wind,Distribution,Live (Post-FIC),,32.215
AAA-NAN-184,Nanclach Wind Farm,Allocation Round 1,Onshore Wind,Distribution,Live (Post-FIC),,39.1
AAA-NEA-195,Neart na Gaoithe,Allocation Round 1,Offshore Wind,Transmission,Live (Post-FIC),2025-02-28 00:00:00.0000000,448.0
AAA-PNE-187,Tralorg Wind Farm,Allocation Round 1,Onshore Wind,Transmission,Live (Post-FIC),2020-10-13 00:00:00.0000000,18.684
AAA-REG-175,Netley Landfill Solar,Allocation Round 1,Solar PV,Distribution,Terminated,,12.0
AAA-ROY-172,BHEG Walsall,Allocation Round 1,Advanced Conversion Technology,Distribution,Terminated,,23.4
AAA-SNE-179,Sneddon Law Community Wind Farm,Allocation Round 1,Onshore Wind,Distribution,Live (Post-FIC),2024-04-01 00:00:00.0000000,29.813
AAA-SOL-181,Solwaybank Wind Farm,Allocation Round 1,Onshore Wind,Distribution,Live (Post-FIC),2020-11-27 00:00:00.0000000,29.93
AR2-DRK-414,Drakelow Renewable Energy Centre,Allocation Round 2,Advanced Conversion Technology,Distribution,Terminated,,15.0
AR2-GRN-401,Grangemouth Renewable Energy Plant,Allocation Round 2,Dedicated Biomass,Distribution,Terminated,,85.0
AR2-HRN-106,Hornsea Project 2 Phase 1,Allocation Round 2,Offshore Wind,Transmission,Live (Post-FIC),2024-03-28 00:00:00.0000000,449.76
AR2-HRN-206,Hornsea Project 2 Phase 2,Allocation Round 2,Offshore Wind,Transmission,Live (Post-FIC),2024-03-28 00:00:00.0000000,454.56
AR2-HRN-306,Hornsea Project 2 Phase 3,Allocation Round 2,Offshore Wind,Transmission,Live (Post-FIC),2024-03-28 00:00:00.0000000,453.92
AR2-IFI-410,IPIF Fort Industrial REC,Allocation Round 2,Advanced Conversion Technology,Distribution,Terminated,2022-03-01 00:00:00.0000000,10.2
AR2-MRY-107,Moray Offshore Windfarm (East) Phase 1,Allocation Round 2,Offshore Wind,Transmission,Live (Post-FIC),2024-03-04 00:00:00.0000000,309.469
AR2-MRY-207,Moray Offshore Windfarm (East) Phase 2,Allocation Round 2,Offshore Wind,Transmission,Live (Post-FIC),2024-03-04 00:00:00.0000000,309.363
AR2-MRY-307,Moray Offshore Windfarm (East) Phase 3,Allocation Round 2,Offshore Wind,Transmission,Live (Post-FIC),2024-03-04 00:00:00.0000000,318.77
AR2-NTC-404,Northacre Renewable Energy Centre,Allocation Round 2,Advanced Conversion Technology,Distribution,Terminated,,25.5
AR2-PRO-005,Blackbridge TGS1 Limited,Allocation Round 2,Advanced Conversion Technology,Distribution,Terminated,,5.56
AR2-RBL-412,Rebellion,Allocation Round 2,Dedicated Biomass,Distribution,Terminated,,0.64
AR2-STY-002,Station Yard CFD 1,Allocation Round 2,Advanced Conversion Technology,Distribution,Terminated,,0.05
AR2-TKN-103,Triton Knoll Offshore Wind Farm Phase 1,Allocation Round 2,Offshore Wind,Transmission,Live (Post-FIC),2021-05-17 00:00:00.0000000,216.6
AR2-TKN-203,Triton Knoll Offshore Wind Farm Phase 2,Allocation Round 2,Offshore Wind,Transmission,Live (Post-FIC),2021-07-05 00:00:00.0000000,207.2
AR2-TKN-303,Triton Knoll Offshore Wind Farm Phase 3,Allocation Round 2,Offshore Wind,Transmission,Live (Post-FIC),2023-04-01 00:00:00.0000000,423.7
AR3-BEL-001,Bulwell Energy Limited,Allocation Round 3,Advanced Conversion Technology,Distribution,Terminated,2023-06-30 00:00:00.0000000,27.5
AR3-CHW-002,Costa Head Wind Farm,Allocation Round 3,Remote Island Wind,Transmission,Pre-MDD,2028-06-30 00:00:00.0000000,16.32
AR3-DLW-112,Druim Leathann Wind Farm Limited,Allocation Round 3,Remote Island Wind,Distribution,Terminated,2030-10-31 00:00:00.0000000,49.5
AR3-DP1-101,Dogger Bank A P1,Allocation Round 3,Offshore Wind,Transmission,Pre-Start Date,2026-11-30 00:00:00.0000000,302.4
AR3-DP1-102,Dogger Bank A P2,Allocation Round 3,Offshore Wind,Transmission,Pre-Start Date,2027-01-31 00:00:00.0000000,441.0
AR3-DP1-103,Dogger Bank A P3,Allocation Round 3,Offshore Wind,Transmission,Pre-Start Date,2027-03-31 00:00:00.0000000,456.6
AR3-DP2-201,Dogger Bank B P1,Allocation Round 3,Offshore Wind,Transmission,Pre-Start Date,2027-01-01 00:00:00.0000000,302.4
AR3-DP2-202,Dogger Bank B P2,Allocation Round 3,Offshore Wind,Transmission,Pre-Start Date,2027-04-01 00:00:00.0000000,441.0
AR3-DP2-203,Dogger Bank B P3,Allocation Round 3,Offshore Wind,Transmission,Pre-Start Date,2027-07-01 00:00:00.0000000,456.6
AR3-DP3-301,Dogger Bank C P1,Allocation Round 3,Offshore Wind,Transmission,Pre-Start Date,2027-07-01 00:00:00.0000000,302.4
AR3-DP3-302,Dogger Bank C P2,Allocation Round 3,Offshore Wind,Transmission,Pre-Start Date,2027-07-01 00:00:00.0000000,441.0
AR3-DP3-303,Dogger Bank C P3,Allocation Round 3,Offshore Wind,Transmission,Pre-Start Date,2027-07-01 00:00:00.0000000,456.6
AR3-FWL-321,Forthwind,Allocation Round 3,Offshore Wind,Distribution,Terminated,2024-04-01 00:00:00.0000000,12.0
AR3-HHW-001,Hesta Head Wind Farm,Allocation Round 3,Remote Island Wind,Transmission,Pre-MDD,2028-06-30 00:00:00.0000000,20.4
AR3-SEW-101,Seagreen Phase 1,Allocation Round 3,Offshore Wind,Transmission,Pre-Start Date,2026-09-30 00:00:00.0000000,138.0
AR3-SEW-102,Seagreen Phase 2,Allocation Round 3,Offshore Wind,Transmission,Pre-Start Date,2027-03-30 00:00:00.0000000,158.0
AR3-SEW-103,Seagreen Phase 3,Allocation Round 3,Offshore Wind,Transmission,Pre-Start Date,2028-03-29 00:00:00.0000000,158.0
AR3-SHB-101,Small Heath Bio Power Limited,Allocation Round 3,Advanced Conversion Technology,Distribution,Terminated,2024-12-31 00:00:00.0000000,6.1
AR3-SOW-101,Sofia Offshore Wind Farm Phase 1,Allocation Round 3,Offshore Wind,Transmission,Pre-Start Date,2026-08-31 00:00:00.0000000,364.0
AR3-SOW-102,Sofia Offshore Wind Farm Phase 2,Allocation Round 3,Offshore Wind,Transmission,Pre-Start Date,2026-09-30 00:00:00.0000000,420.0
AR3-SOW-103,Sofia Offshore Wind Farm Phase 3,Allocation Round 3,Offshore Wind,Transmission,Pre-Start Date,2026-10-31 00:00:00.0000000,616.0
AR3-UPL-123,Muaitheabhal Wind Farm,Allocation Round 3,Remote Island Wind,Transmission,Terminated,2030-10-31 00:00:00.0000000,189.0
AR4-ADS-700,Adstock,Allocation Round 4,Solar PV,Distribution,Live (Post-FIC),2025-06-30 00:00:00.0000000,15.0
AR4-ASF-700,Alfreton Solar Farm,Allocation Round 4,Solar PV,Distribution,Live (Post-FIC),2025-01-22 00:00:00.0000000,14.576
AR4-AWF-610,Arecleoch Wind Farm Extension,Allocation Round 4,Onshore Wind,Transmission,Pre-Start Date,2027-03-31 00:00:00.0000000,74.1
AR4-BCW-610,Broken Cross Wind Farm,Allocation Round 4,Onshore Wind,Transmission,Live (Pre-FIC),2027-03-31 00:00:00.0000000,42.35
AR4-BFL-910,Beaw Field,Allocation Round 4,Remote Island Wind,Transmission,Terminated,2026-11-30 00:00:00.0000000,72.0
AR4-BFS-700,Bracks Farm Solar Park,Allocation Round 4,Solar PV,Distribution,Live (Post-FIC),2026-04-01 00:00:00.0000000,20.0
AR4-BHL-700,Bunkers Hill,Allocation Round 4,Solar PV,Distribution,Live (Post-FIC),2026-04-01 00:00:00.0000000,49.9
AR4-BHS-700,BRYN HENLLYS Solar Farm,Allocation Round 4,Solar PV,Distribution,Terminated,2025-03-31 00:00:00.0000000,26.3
AR4-BRC-700,Brackley,Allocation Round 4,Solar PV,Distribution,Terminated,2026-06-30 00:00:00.0000000,20.0
AR4-BRN-700,Braintree,Allocation Round 4,Solar PV,Distribution,Live (Post-FIC),2025-12-17 00:00:00.0000000,26.0
AR4-BSF-700,Brigstock Solar Farm,Allocation Round 4,Solar PV,Distribution,Pre-Start Date,2027-11-01 00:00:00.0000000,49.9
AR4-BSL-700,Basildon,Allocation Round 4,Solar PV,Distribution,Live (Post-FIC),2025-06-30 00:00:00.0000000,15.0
AR4-BSP-700,Bishampton Solar PV,Allocation Round 4,Solar PV,Distribution,Live (Post-FIC),2025-01-01 00:00:00.0000000,30.0
AR4-CCP-700,Corner Copse,Allocation Round 4,Solar PV,Distribution,Pre-Start Date,2026-11-01 00:00:00.0000000,49.9
AR4-CHS-700,Cowley House Solar Farm,Allocation Round 4,Solar PV,Distribution,Pre-Start Date,2026-08-10 00:00:00.0000000,40.0
AR4-CLF-700,CLIFTON,Allocation Round 4,Solar PV,Distribution,Pre-Start Date,2026-08-01 00:00:00.0000000,35.0
AR4-CLH-710,Cleve Hill Solar Project,Allocation Round 4,Solar PV,Transmission,Live (Post-FIC),2025-11-03 00:00:00.0000000,109.79
AR4-CLY-700,Claydon,Allocation Round 4,Solar PV,Distribution,Pre-Start Date,2026-07-31 00:00:00.0000000,45.0
AR4-CNS-700,Carn Nicholas Solar Farm,Allocation Round 4,Solar PV,Distribution,Live (Post-FIC),2025-04-17 00:00:00.0000000,8.0
AR4-CRN-700,Cornwell,Allocation Round 4,Solar PV,Distribution,Pre-Start Date,2026-06-30 00:00:00.0000000,35.0
AR4-CSF-700,Cawarden Solar Farm,Allocation Round 4,Solar PV,Distribution,Pre-Start Date,2026-12-31 00:00:00.0000000,35.71
AR4-CSP-700,Cullerlie Solar PV,Allocation Round 4,Solar PV,Distribution,Pre-Start Date,2026-06-30 00:00:00.0000000,8.75
AR4-CWF-610,Chirmorie Wind Farm,Allocation Round 4,Onshore Wind,Transmission,Terminated,2026-03-26 00:00:00.0000000,81.6
AR4-CWS-610,Cumberhead West,Allocation Round 4,Onshore Wind,Transmission,Pre-Start Date,2027-03-31 00:00:00.0000000,113.2
AR4-DBF-700,Down Barn Farm Solar,Allocation Round 4,Solar PV,Distribution,Terminated,2025-03-31 00:00:00.0000000,40.0
AR4-DRF-700,Driffield,Allocation Round 4,Solar PV,Distribution,Live (Pre-FIC),2026-01-15 00:00:00.0000000,30.0
AR4-DVR-700,Doverdale,Allocation Round 4,Solar PV,Distribution,Live (Post-FIC),2026-03-31 00:00:00.0000000,49.9
AR4-DWE-610,Douglas West Extension,Allocation Round 4,Onshore Wind,Transmission,Terminated,2025-03-31 00:00:00.0000000,71.5
AR4-EAS-011,EA3 Phase 1,Allocation Round 4,Offshore Wind,Transmission,Pre-Start Date,2027-03-31 00:00:00.0000000,288.91
AR4-EAS-012,EA3 Phase 2,Allocation Round 4,Offshore Wind,Transmission,Pre-Start Date,2029-03-29 00:00:00.0000000,375.59
AR4-EAS-013,EA3 Phase 3,Allocation Round 4,Offshore Wind,Transmission,Pre-Start Date,2029-03-30 00:00:00.0000000,390.03
AR4-EGH-710,Enso Green Holdings K Limited,Allocation Round 4,Solar PV,Transmission,Pre-MDD,2029-10-31 00:00:00.0000000,49.99
AR4-EST-700,Eastfields,Allocation Round 4,Solar PV,Distribution,Live (Post-FIC),2026-04-01 00:00:00.0000000,25.0
AR4-FFN-700,FERRY FARM 3 NORTH,Allocation Round 4,Solar PV,Distribution,Pre-Start Date,2027-05-01 00:00:00.0000000,9.75
AR4-HCS-700,High Cayton Solar PV,Allocation Round 4,Solar PV,Distribution,Terminated,2025-03-31 00:00:00.0000000,49.99
AR4-HCW-610,High Constellation Wind Farm,Allocation Round 4,Onshore Wind,Transmission,Terminated,2025-12-01 00:00:00.0000000,50.0
AR4-HFS-700,Houndbeare Farm Solar Farm,Allocation Round 4,Solar PV,Distribution,Live (Pre-FIC),2026-06-30 00:00:00.0000000,10.53
AR4-HHR-610,Hagshaw Hill Repowering,Allocation Round 4,Onshore Wind,Transmission,Live (Pre-FIC),2027-03-31 00:00:00.0000000,79.8
AR4-HPF-700,High Park Foot Solar PV,Allocation Round 4,Solar PV,Distribution,Pre-Start Date,2027-03-01 00:00:00.0000000,20.0
AR4-HRL-700,Harlesford,Allocation Round 4,Solar PV,Distribution,Pre-Start Date,2026-06-30 00:00:00.0000000,26.65
AR4-HRN-010,Hornsea Project Three Offshore Wind Farm,Allocation Round 4,Offshore Wind,Transmission,Pre-Start Date,2028-03-01 00:00:00.0000000,2146.1
AR4-HSF-700,Hasland Solar Farm,Allocation Round 4,Solar PV,Distribution,Pre-Start Date,2027-05-02 00:00:00.0000000,49.9
AR4-HST-700,HIGHER STOCKBRIDGE,Allocation Round 4,Solar PV,Distribution,Pre-Start Date,2027-07-15 00:00:00.0000000,35.0
AR4-ICP-011,Inch Cape Phase 1,Allocation Round 4,Offshore Wind,Transmission,Pre-Start Date,2029-03-31 00:00:00.0000000,210.0
AR4-ICP-012,Inch Cape Phase 2,Allocation Round 4,Offshore Wind,Transmission,Pre-Start Date,2031-03-29 00:00:00.0000000,300.0
AR4-ICP-013,Inch Cape Phase 3,Allocation Round 4,Offshore Wind,Transmission,Pre-Start Date,2031-03-30 00:00:00.0000000,300.0
AR4-IGS-700,Inkersall Grange Solar Farm,Allocation Round 4,Solar PV,Distribution,Live (Pre-FIC),2026-01-01 00:00:00.0000000,49.9
AR4-KWE-610,Kilgallioch windfarm extension,Allocation Round 4,Onshore Wind,Transmission,Pre-Start Date,2027-03-31 00:00:00.0000000,51.3
AR4-LEP-700,Longney Estate PV,Allocation Round 4,Solar PV,Distribution,Terminated,2025-03-31 00:00:00.0000000,25.0
AR4-LFS-700,Low Farm Solar Park,Allocation Round 4,Solar PV,Distribution,Live (Post-FIC),2025-04-30 00:00:00.0000000,40.06
AR4-LSF-700,Litchardon Solar Farm,Allocation Round 4,Solar PV,Distribution,Live (Post-FIC),2025-01-01 00:00:00.0000000,49.9
AR4-LYR-700,Layer,Allocation Round 4,Solar PV,Distribution,Live (Post-FIC),2025-06-30 00:00:00.0000000,45.0
AR4-MAS-700,Milltown Airfield Solar PV,Allocation Round 4,Solar PV,Distribution,Terminated,2025-03-31 00:00:00.0000000,49.9
AR4-MEY-510,MeyGen Phase 2,Allocation Round 4,Tidal Stream,Transmission,Pre-Start Date,2031-06-30 00:00:00.0000000,28.0
AR4-MFP-700,Manor Farm PV,Allocation Round 4,Solar PV,Distribution,Pre-MDD,2027-07-01 00:00:00.0000000,15.0
AR4-MFS-700,Bicker Fen Solar Limited,Allocation Round 4,Solar PV,Distribution,Live (Post-FIC),2025-04-24 00:00:00.0000000,18.164
AR4-MHL-910,Mossy Hill,Allocation Round 4,Remote Island Wind,Transmission,Terminated,2026-11-30 00:00:00.0000000,48.0
AR4-MLF-700,MOSS LANE FARM SOLAR LIMITED,Allocation Round 4,Solar PV,Distribution,Pre-MDD,2026-11-30 00:00:00.0000000,25.0
AR4-MMG-500,Morlais Magallanes GR3,Allocation Round 4,Tidal Stream,Distribution,Pre-Start Date,2027-04-01 00:00:00.0000000,5.62
AR4-MRY-010,Moray West Offshore Wind Farm,Allocation Round 4,Offshore Wind,Transmission,Pre-Start Date,2027-03-31 00:00:00.0000000,220.5
AR4-MYT-710,Myttons,Allocation Round 4,Solar PV,Transmission,Pre-MDD,2029-04-30 00:00:00.0000000,49.99
AR4-NEL-700,Whitecross Solar Farm,Allocation Round 4,Solar PV,Distribution,Live (Post-FIC),2025-03-31 00:00:00.0000000,23.0
AR4-NEX-700,NEXTPOWER PENTLOW LIMITED,Allocation Round 4,Solar PV,Distribution,Live (Post-FIC),2026-06-24 00:00:00.0000000,15.0
AR4-NFS-700,North Fossil Solar Farm,Allocation Round 4,Solar PV,Distribution,Pre-Start Date,2030-05-01 00:00:00.0000000,29.4
AR4-NKE-610,North Kyle Energy Project,Allocation Round 4,Onshore Wind,Transmission,Pre-Start Date,2027-03-31 00:00:00.0000000,212.0
AR4-NOR-011,Norfolk Boreas (Phase 1),Allocation Round 4,Offshore Wind,Transmission,Terminated,2028-03-30 00:00:00.0000000,416.0
AR4-NOR-012,Norfolk Boreas (Phase 2),Allocation Round 4,Offshore Wind,Transmission,Terminated,2030-03-28 00:00:00.0000000,505.0
AR4-NOR-013,Norfolk Boreas (Phase 3),Allocation Round 4,Offshore Wind,Transmission,Terminated,2030-03-29 00:00:00.0000000,475.0
AR4-NXP-700,NEXTPOWER CRIFTON LIMITED,Allocation Round 4,Solar PV,Distribution,Live (Post-FIC),2026-06-24 00:00:00.0000000,40.0
AR4-NXT-700,Hatherden Solar,Allocation Round 4,Solar PV,Distribution,Pre-Start Date,2026-06-30 00:00:00.0000000,40.0
AR4-OKN-900,Orkney Community Wind Farm Project - Quanterness,Allocation Round 4,Remote Island Wind,Distribution,Pre-MDD,2028-09-15 00:00:00.0000000,28.8
AR4-OME-504,Orbital Marine Eday 1,Allocation Round 4,Tidal Stream,Distribution,Pre-Start Date,2027-03-16 00:00:00.0000000,2.4
AR4-ORB-504,Orbital Marine Eday 2,Allocation Round 4,Tidal Stream,Distribution,Pre-Start Date,2027-03-16 00:00:00.0000000,4.8
AR4-ORK-900,Orkney Community Wind Farm Project - Hoy,Allocation Round 4,Remote Island Wind,Distribution,Terminated,2028-06-30 00:00:00.0000000,28.8
AR4-OSF-700,Oulton Solar Farm Phase 2,Allocation Round 4,Solar PV,Distribution,Pre-Start Date,2026-08-24 00:00:00.0000000,6.0
AR4-RHL-400,Redcar Holdings Limited,Allocation Round 4,Energy from Waste,Distribution,Terminated,,30.0
AR4-RLS-700,Rag Lane Solar,Allocation Round 4,Solar PV,Distribution,Pre-Start Date,2026-07-19 00:00:00.0000000,38.84
AR4-RSF-700,Romsey Solar Farm Phase 2,Allocation Round 4,Solar PV,Distribution,Live (Post-FIC),2026-06-22 00:00:00.0000000,6.48
AR4-RSP-700,Ranksborough Solar PV,Allocation Round 4,Solar PV,Distribution,Terminated,2025-03-31 00:00:00.0000000,30.0
AR4-SCL-700,St Cleres,Allocation Round 4,Solar PV,Distribution,Live (Post-FIC),2025-06-30 00:00:00.0000000,15.0
AR4-SDS-700,Scurf Dyke Solar,Allocation Round 4,Solar PV,Distribution,Live (Post-FIC),2026-04-01 00:00:00.0000000,49.9
AR4-SFH-700,South Fambridge Hall Solar,Allocation Round 4,Solar PV,Distribution,Pre-Start Date,2026-08-31 00:00:00.0000000,45.0
AR4-SID-700,Siddington Solar Park,Allocation Round 4,Solar PV,Distribution,Live (Post-FIC),2025-04-30 00:00:00.0000000,16.7
AR4-SLF-700,Sparrow Lodge Farm Solar PV,Allocation Round 4,Solar PV,Distribution,Terminated,2025-03-31 00:00:00.0000000,20.0
AR4-SSF-700,Stokeford Solar Farm,Allocation Round 4,Solar PV,Distribution,Live (Post-FIC),2025-04-24 00:00:00.0000000,20.09
AR4-SSP-700,Speyslaw Solar PV,Allocation Round 4,Solar PV,Distribution,Terminated,2025-03-31 00:00:00.0000000,20.0
AR4-STV-700,Staveley,Allocation Round 4,Solar PV,Distribution,Live (Post-FIC),2025-06-30 00:00:00.0000000,20.0
AR4-STW-910,Stornoway Wind Farm,Allocation Round 4,Remote Island Wind,Transmission,Terminated,2031-05-31 00:00:00.0000000,200.0
AR4-SWF-610,Stranoch Wind Farm,Allocation Round 4,Onshore Wind,Transmission,Terminated,2026-03-30 00:00:00.0000000,99.96
AR4-TBS-700,Thorpe Bank Solar Farm,Allocation Round 4,Solar PV,Distribution,Pre-Start Date,2026-08-10 00:00:00.0000000,40.0
AR4-TFO-900,TwinHub Floating Offshore Wind Project,Allocation Round 4,Floating Offshore Wind,Distribution,Terminated,2027-03-30 00:00:00.0000000,32.0
AR4-TFP-700,Tuckey Farm PV,Allocation Round 4,Solar PV,Distribution,Terminated,2025-03-31 00:00:00.0000000,25.0
AR4-TSF-700,Tycroes solar farm,Allocation Round 4,Solar PV,Distribution,Live (Pre-FIC),2026-06-30 00:00:00.0000000,31.575
AR4-VWF-910,Viking Wind Farm,Allocation Round 4,Remote Island Wind,Transmission,Pre-Start Date,2027-03-31 00:00:00.0000000,220.0
AR4-WCK-700,Wickham,Allocation Round 4,Solar PV,Distribution,Pre-MDD,2028-04-03 00:00:00.0000000,35.0
AR4-WFR-710,Wick Farm,Allocation Round 4,Solar PV,Transmission,Pre-Start Date,2027-01-31 00:00:00.0000000,49.99
AR4-WGL-710,Walpole Green Limited,Allocation Round 4,Solar PV,Transmission,Pre-Start Date,2026-12-17 00:00:00.0000000,34.2
AR4-WLS-700,Wood lane Solar Farm,Allocation Round 4,Solar PV,Distribution,Terminated,2025-03-31 00:00:00.0000000,40.0
AR4-YSF-700,Yelvertoft Solar Farm,Allocation Round 4,Solar PV,Distribution,Live (Post-FIC),2025-10-28 00:00:00.0000000,36.09
AR5-ABW-610,Aberarder Wind Farm,Allocation Round 5,Onshore Wind,Transmission,Pre-MDD,2028-03-31 00:00:00.0000000,49.99
AR5-AHS-700,Atherstone Hill Solar PV,Allocation Round 5,Solar PV,Distribution,Terminated,2025-03-31 00:00:00.0000000,26.0
AR5-ALS-700,Aller Langport Solar Park,Allocation Round 5,Solar PV,Distribution,Live (Post-FIC),2025-07-01 00:00:00.0000000,10.0
AR5-ANG-700,Anglesey,Allocation Round 5,Solar PV,Distribution,Pre-MDD,2028-03-31 00:00:00.0000000,28.5
AR5-ASH-700,Ashorne,Allocation Round 5,Solar PV,Distribution,Pre-Start Date,2028-01-01 00:00:00.0000000,49.9
AR5-BAS-700,Barnsdale Solar Park,Allocation Round 5,Solar PV,Distribution,Pre-MDD,2026-10-28 00:00:00.0000000,40.0
AR5-BBL-700,Burt20 Burtree Lane,Allocation Round 5,Solar PV,Distribution,Pre-MDD,2026-09-30 00:00:00.0000000,40.0
AR5-BBW-600,BB2 Wind Farm,Allocation Round 5,Onshore Wind,Distribution,Pre-MDD,2028-07-01 00:00:00.0000000,43.2
AR5-BES-700,Berryhill Solar Farm,Allocation Round 5,Solar PV,Distribution,Pre-MDD,2028-01-01 00:00:00.0000000,45.0
AR5-BEW-610,Bhlaraidh Extension Wind Farm,Allocation Round 5,Onshore Wind,Transmission,Terminated,2028-03-31 00:00:00.0000000,100.8
AR5-BFS-700,Black Flatts Solar Farm,Allocation Round 5,Solar PV,Distribution,Pre-MDD,2027-12-30 00:00:00.0000000,42.0
AR5-BIS-700,Birch,Allocation Round 5,Solar PV,Distribution,Pre-MDD,2028-03-31 00:00:00.0000000,25.0
AR5-BLW-610,Blarghour Wind Farm,Allocation Round 5,Onshore Wind,Transmission,Pre-MDD,2028-09-30 00:00:00.0000000,67.2
AR5-BRH-700,Brick House Farm,Allocation Round 5,Solar PV,Distribution,Pre-MDD,2027-12-31 00:00:00.0000000,42.0
AR5-BRS-700,Bracon Ash Solar Farm,Allocation Round 5,Solar PV,Distribution,Pre-Start Date,2027-04-01 00:00:00.0000000,5.376
AR5-BSW-600,Ben Sca Wind Farm,Allocation Round 5,Onshore Wind,Distribution,Pre-MDD,2026-12-31 00:00:00.0000000,40.8
AR5-BUH-700,Burnt House Farm,Allocation Round 5,Solar PV,Distribution,Pre-MDD,2027-04-01 00:00:00.0000000,40.0
AR5-BWI-610,Benbrack Wind Farm,Allocation Round 5,Onshore Wind,Transmission,Live (Pre-FIC),2026-08-31 00:00:00.0000000,31.1
AR5-CBG-710,Cowley Baldon Green Limited,Allocation Round 5,Solar PV,Transmission,Pre-Start Date,2027-04-01 00:00:00.0000000,49.2
AR5-CGW-610,Clash Gour Wind Farm,Allocation Round 5,Onshore Wind,Transmission,Pre-MDD,2029-10-31 00:00:00.0000000,168.75
AR5-CIW-600,Camster II Wind Farm Limited,Allocation Round 5,Onshore Wind,Distribution,Pre-Start Date,2027-04-01 00:00:00.0000000,36.0
AR5-CLA-700,Clacton,Allocation Round 5,Solar PV,Distribution,Pre-MDD,2028-03-31 00:00:00.0000000,20.0
AR5-COT-700,Cotmoor,Allocation Round 5,Solar PV,Distribution,Pre-Start Date,2028-01-01 00:00:00.0000000,49.9
AR5-CSP-700,Church Farm Solar PV,Allocation Round 5,Solar PV,Distribution,Terminated,2025-03-31 00:00:00.0000000,25.0
AR5-EGH-710,Enso Green Holdings H Limited,Allocation Round 5,Solar PV,Transmission,Pre-MDD,2028-03-31 00:00:00.0000000,40.0
AR5-EGR-710,Enso Green Holdings A Limited,Allocation Round 5,Solar PV,Transmission,Pre-MDD,2028-03-31 00:00:00.0000000,40.0
AR5-EHW-610,Enoch Hill Windfarm,Allocation Round 5,Onshore Wind,Transmission,Pre-MDD,2027-04-01 00:00:00.0000000,69.0
AR5-EMB-500,EMEC Magallanes Berth 1,Allocation Round 5,Tidal Stream,Distribution,Pre-MDD,2027-09-01 00:00:00.0000000,1.5
AR5-ENG-710,Enso Green Holdings I Limited,Allocation Round 5,Solar PV,Transmission,Pre-MDD,2028-10-27 00:00:00.0000000,57.0
AR5-EUG-600,ENERGYFARM UK GARBET LLP,Allocation Round 5,Onshore Wind,Distribution,Pre-Start Date,2026-10-31 00:00:00.0000000,39.9
AR5-EUH-610,Energyfarm UK Hare Craig LLP,Allocation Round 5,Onshore Wind,Transmission,Pre-MDD,2027-10-31 00:00:00.0000000,46.2
AR5-EUM-610,ENERGYFARM UK MARGREE LLP,Allocation Round 5,Onshore Wind,Transmission,Pre-MDD,2030-10-31 00:00:00.0000000,50.0
AR5-FEW-610,Fell Wind Farm,Allocation Round 5,Onshore Wind,Transmission,Pre-MDD,2029-10-31 00:00:00.0000000,50.0
AR5-FTW-600,Foel Trawsnant Wind Farm,Allocation Round 5,Onshore Wind,Distribution,Pre-MDD,2029-02-28 00:00:00.0000000,34.8
AR5-GAS-700,Gammaton Solar Farm,Allocation Round 5,Solar PV,Distribution,Pre-Start Date,2028-03-31 00:00:00.0000000,28.57
AR5-GMS-700,Galton Manor Solar Farm,Allocation Round 5,Solar PV,Distribution,Pre-MDD,2029-06-29 00:00:00.0000000,20.0
AR5-GOS-700,Gonerby Solar,Allocation Round 5,Solar PV,Distribution,Pre-Start Date,2028-03-31 00:00:00.0000000,49.99
AR5-GRG-700,Grim12 Grimsby,Allocation Round 5,Solar PV,Distribution,Pre-MDD,2026-08-31 00:00:00.0000000,49.9
AR5-GRW-610,Greenburn Wind Park,Allocation Round 5,Onshore Wind,Transmission,Pre-MDD,2029-03-14 00:00:00.0000000,63.0
AR5-HAR-700,Harbury,Allocation Round 5,Solar PV,Distribution,Pre-MDD,2028-03-31 00:00:00.0000000,40.0
AR5-HEW-610,Heathland Wind Farm,Allocation Round 5,Onshore Wind,Transmission,Pre-MDD,2028-03-31 00:00:00.0000000,40.0
AR5-HIN-700,Hinckley,Allocation Round 5,Solar PV,Distribution,Pre-MDD,2028-03-31 00:00:00.0000000,35.0
AR5-HUS-700,Hulam Solar Farm,Allocation Round 5,Solar PV,Distribution,Pre-MDD,2028-01-01 00:00:00.0000000,49.99
AR5-KEK-700,Kemb04 Kemble,Allocation Round 5,Solar PV,Distribution,Live (Post-FIC),2026-07-03 00:00:00.0000000,49.9
AR5-KIL-700,Kings Lynn,Allocation Round 5,Solar PV,Distribution,Pre-MDD,2028-04-03 00:00:00.0000000,49.9
AR5-LAD-700,Land at Dawley Road (New Works),Allocation Round 5,Solar PV,Distribution,Pre-MDD,2028-03-03 00:00:00.0000000,21.0
AR5-LAG-700,Land at Guston Court Farm (Chalkpit),Allocation Round 5,Solar PV,Distribution,Pre-MDD,2027-01-02 00:00:00.0000000,17.0
AR5-LAI-610,LAIRG II LLP,Allocation Round 5,Onshore Wind,Transmission,Pre-MDD,2026-10-31 00:00:00.0000000,50.0
AR5-LAN-700,Langford,Allocation Round 5,Solar PV,Distribution,Pre-Start Date,2028-01-01 00:00:00.0000000,35.71
AR5-LAS-700,Lawns Solar Farm,Allocation Round 5,Solar PV,Distribution,Pre-Start Date,2028-03-31 00:00:00.0000000,20.0
AR5-LHW-600,Lurg Hill Wind Farm,Allocation Round 5,Onshore Wind,Distribution,Pre-MDD,2027-01-01 00:00:00.0000000,15.0
AR5-LIW-610,Limekiln Wind Farm,Allocation Round 5,Onshore Wind,Transmission,Pre-Start Date,2028-03-31 00:00:00.0000000,106.0
AR5-LOH-700,Low Horton,Allocation Round 5,Solar PV,Distribution,Pre-MDD,2027-04-01 00:00:00.0000000,40.0
AR5-LOS-700,Locquiers Solar Farm,Allocation Round 5,Solar PV,Distribution,Pre-Start Date,2027-04-30 00:00:00.0000000,12.0
AR5-MAR-510,MeyGen AR54,Allocation Round 5,Tidal Stream,Transmission,Pre-MDD,2031-06-30 00:00:00.0000000,1.6
AR5-MCG-710,Melksham Calne Green,Allocation Round 5,Solar PV,Transmission,Pre-Start Date,2027-10-01 00:00:00.0000000,18.3
AR5-MEA-510,MeyGen AR52,Allocation Round 5,Tidal Stream,Transmission,Pre-MDD,2031-06-30 00:00:00.0000000,5.6
AR5-MEB-510,MeyGen AR53,Allocation Round 5,Tidal Stream,Transmission,Pre-MDD,2031-06-30 00:00:00.0000000,2.94
AR5-MEY-510,MeyGen AR51,Allocation Round 5,Tidal Stream,Transmission,Pre-MDD,2031-06-30 00:00:00.0000000,11.8
AR5-MGP-800,Manhay Geothermal Power Plant,Allocation Round 5,Geothermal,Distribution,Pre-MDD,2027-01-01 00:00:00.0000000,5.0
AR5-MIN-710,Minety,Allocation Round 5,Solar PV,Transmission,Pre-MDD,2028-01-01 00:00:00.0000000,47.5
AR5-MLS-700,Moreton Lane Solar Farm,Allocation Round 5,Solar PV,Distribution,Pre-Start Date,2028-01-01 00:00:00.0000000,49.0
AR5-MME-500,Morlais Mor Energy Zone GO3,Allocation Round 5,Tidal Stream,Distribution,Pre-MDD,2027-03-17 00:00:00.0000000,4.5
AR5-MMG-500,Morlais Magallanes GR3 Extension,Allocation Round 5,Tidal Stream,Distribution,Pre-MDD,2028-04-30 00:00:00.0000000,3.0
AR5-MOS-700,Moorside Solar Farm,Allocation Round 5,Solar PV,Distribution,Pre-MDD,2029-10-30 00:00:00.0000000,20.0
AR5-MVI-510,Morlais Verdant Isles BL3,Allocation Round 5,Tidal Stream,Transmission,Pre-MDD,2028-04-02 00:00:00.0000000,4.9
AR5-NSN-700,NextPower SPV 9 Ltd,Allocation Round 5,Solar PV,Distribution,Pre-MDD,2028-03-31 00:00:00.0000000,24.2
AR5-OME-504,Orbital Marine Eday 4,Allocation Round 5,Tidal Stream,Distribution,Pre-Start Date,2028-03-16 00:00:00.0000000,4.8
AR5-ORM-504,Orbital Marine Eday 3,Allocation Round 5,Tidal Stream,Distribution,Pre-Start Date,2028-03-16 00:00:00.0000000,2.4
AR5-PER-700,PERRINPIT ROAD SOLAR LIMITED,Allocation Round 5,Solar PV,Distribution,Pre-MDD,2028-04-01 00:00:00.0000000,38.63
AR5-PES-700,Peradon Solar Farm,Allocation Round 5,Solar PV,Distribution,Pre-MDD,2027-04-01 00:00:00.0000000,49.0
AR5-PGP-800,Penhallow Geothermal Power Plant,Allocation Round 5,Geothermal,Distribution,Pre-MDD,2027-10-01 00:00:00.0000000,5.0
AR5-PLI-600,Pearie Law II Wind Farm Ltd,Allocation Round 5,Onshore Wind,Distribution,Pre-MDD,2028-03-31 00:00:00.0000000,20.7
AR5-PRI-700,Primrose,Allocation Round 5,Solar PV,Distribution,Pre-MDD,2028-04-03 00:00:00.0000000,17.6
AR5-PRS-700,Preston Farm Solar Park,Allocation Round 5,Solar PV,Distribution,Live (Pre-FIC),2026-08-01 00:00:00.0000000,20.0
AR5-PSF-700,Purton solar farm,Allocation Round 5,Solar PV,Distribution,Pre-MDD,2028-04-01 00:00:00.0000000,15.0
AR5-RWS-700,Rampisham Woods Solar,Allocation Round 5,Solar PV,Distribution,Live (Pre-FIC),2025-12-14 00:00:00.0000000,7.6
AR5-SAB-700,Sandon Brook,Allocation Round 5,Solar PV,Distribution,Pre-MDD,2028-03-31 00:00:00.0000000,41.7
AR5-SAW-700,Saffron Walden,Allocation Round 5,Solar PV,Distribution,Pre-MDD,2028-03-31 00:00:00.0000000,12.0
AR5-SHA-700,Shaftesbury,Allocation Round 5,Solar PV,Distribution,Pre-MDD,2028-03-31 00:00:00.0000000,20.0
AR5-SLW-610,Slickly Wind Farm,Allocation Round 5,Onshore Wind,Transmission,Terminated,2028-03-31 00:00:00.0000000,49.9
AR5-SOF-710,Soay Solar Farm,Allocation Round 5,Solar PV,Transmission,Pre-Start Date,2026-12-03 00:00:00.0000000,49.99
AR5-SSW-610,Strathy South Wind Farm,Allocation Round 5,Onshore Wind,Transmission,Pre-MDD,2028-03-31 00:00:00.0000000,217.0
AR5-STO-700,Stoneshollow,Allocation Round 5,Solar PV,Distribution,Pre-Start Date,2028-01-01 00:00:00.0000000,49.9
AR5-SWW-610,Strathy Wood Windfarm,Allocation Round 5,Onshore Wind,Transmission,Pre-Start Date,2027-04-01 00:00:00.0000000,62.7
AR5-UDG-800,United Downs Geothermal Power Plant,Allocation Round 5,Geothermal,Distribution,Pre-MDD,2026-10-01 00:00:00.0000000,2.0
AR5-VWA-910,Viking Wind Farm AR5,Allocation Round 5,Remote Island Wind,Transmission,Pre-MDD,2028-03-31 00:00:00.0000000,223.6
AR5-WES-700,Wood End Solar PV,Allocation Round 5,Solar PV,Distribution,Terminated,2027-11-01 00:00:00.0000000,40.0
AR5-WHW-600,Watson Head Wind Farm Limited,Allocation Round 5,Onshore Wind,Distribution,Pre-Start Date,2027-04-01 00:00:00.0000000,8.4
AR5-WIS-700,Winkburn Solar Farm,Allocation Round 5,Solar PV,Distribution,Pre-Start Date,2028-03-31 00:00:00.0000000,32.65
AR5-WOS-700,WOODINGTON SOLAR LIMITED,Allocation Round 5,Solar PV,Distribution,Pre-MDD,2028-03-31 00:00:00.0000000,44.0
AR5-YNL-510,Ynnir Lleuad,Allocation Round 5,Tidal Stream,Transmission,Pre-MDD,2028-03-31 00:00:00.0000000,10.0
AR6-ADV-700,Adur Valley,Allocation Round 6,Solar PV,Distribution,Pre-MDD,2028-03-31 00:00:00.0000000,14.25
AR6-AFS-700,Aston Flamville Solar PV,Allocation Round 6,Solar PV,Distribution,Pre-MDD,2026-08-01 00:00:00.0000000,20.0
AR6-AIT-700,Aithrie,Allocation Round 6,Solar PV,Distribution,Pre-MDD,2028-03-31 00:00:00.0000000,29.9
AR6-ALW-600,Alaska Wind Farm,Allocation Round 6,Onshore Wind,Distribution,Pre-MDD,2028-03-31 00:00:00.0000000,8.0
AR6-AWI-600,Abergorki Wind Farm,Allocation Round 6,Onshore Wind,Distribution,Pre-MDD,2026-06-30 00:00:00.0000000,9.6
AR6-BAR-700,Barnfields,Allocation Round 6,Solar PV,Distribution,Pre-MDD,2028-03-31 00:00:00.0000000,14.82
AR6-BEA-700,Benthead Solar Farm,Allocation Round 6,Solar PV,Distribution,Pre-MDD,2027-02-14 00:00:00.0000000,63.0
AR6-BED-700,Bedworth Solar,Allocation Round 6,Solar PV,Distribution,Pre-MDD,2028-03-31 00:00:00.0000000,16.0
AR6-BEN-610,Benbrack Wind Farm - AR6 - A3,Allocation Round 6,Onshore Wind,Transmission,Live (Pre-FIC),2026-08-31 00:00:00.0000000,13.5
AR6-BER-700,Berkeley,Allocation Round 6,Solar PV,Distribution,Pre-MDD,2028-03-31 00:00:00.0000000,34.58
AR6-BIL-700,Billsbrae,Allocation Round 6,Solar PV,Distribution,Pre-MDD,2027-12-20 00:00:00.0000000,25.0
AR6-BRG-710,Bramford Green Limited,Allocation Round 6,Solar PV,Transmission,Pre-Start Date,2028-04-01 00:00:00.0000000,22.5
AR6-BRS-710,Bramley Solar,Allocation Round 6,Solar PV,Transmission,Pre-MDD,2027-08-15 00:00:00.0000000,49.9
AR6-BRW-600,BROWNHILL WIND FARM,Allocation Round 6,Onshore Wind,Distribution,Pre-MDD,2028-03-31 00:00:00.0000000,8.4
AR6-BRY-700,Brynryhd Solar Farm,Allocation Round 6,Solar PV,Distribution,Pre-MDD,2028-01-01 00:00:00.0000000,30.0
AR6-BSO-700,Bilbo Solar,Allocation Round 6,Solar PV,Distribution,Pre-MDD,2026-11-01 00:00:00.0000000,25.0
AR6-BTS-700,Burton Top Farm Station Lane,Allocation Round 6,Solar PV,Distribution,Pre-MDD,2026-07-01 00:00:00.0000000,8.0
AR6-BWA-610,Benbrack Wind Farm - AR6 - A2,Allocation Round 6,Onshore Wind,Transmission,Live (Pre-FIC),2026-08-31 00:00:00.0000000,22.5
AR6-CAL-700,Callies,Allocation Round 6,Solar PV,Distribution,Pre-MDD,2028-03-31 00:00:00.0000000,36.56
AR6-CAS-700,Carlton Solar Farm,Allocation Round 6,Solar PV,Distribution,Pre-MDD,2026-09-30 00:00:00.0000000,37.5
AR6-CAW-600,Camilty Wind Farm,Allocation Round 6,Onshore Wind,Distribution,Pre-MDD,2027-01-01 00:00:00.0000000,21.6
AR6-CBT-700,CBT24,Allocation Round 6,Solar PV,Distribution,Pre-MDD,2026-08-31 00:00:00.0000000,12.8
AR6-CCS-700,Copse Close Solar Farm,Allocation Round 6,Solar PV,Distribution,Pre-MDD,2028-12-08 00:00:00.0000000,44.0
AR6-CHA-700,Charleston,Allocation Round 6,Solar PV,Distribution,Pre-MDD,2027-02-01 00:00:00.0000000,20.0
AR6-CHE-700,Chestnut Solar Farm,Allocation Round 6,Solar PV,Distribution,Pre-MDD,2026-08-31 00:00:00.0000000,20.0
AR6-CHS-700,Crays Hall Solar Farm,Allocation Round 6,Solar PV,Distribution,Live (Pre-FIC),2026-06-30 00:00:00.0000000,25.92
AR6-CHW-610,Chleansaid Wind Farm,Allocation Round 6,Onshore Wind,Transmission,Pre-MDD,2028-11-01 00:00:00.0000000,96.0
AR6-CLI-600,Clashindarroch II Wind Farm,Allocation Round 6,Onshore Wind,Distribution,Pre-MDD,2028-03-31 00:00:00.0000000,63.0
AR6-CLS-710,CLUMP FARM SOLAR LIMITED,Allocation Round 6,Solar PV,Transmission,Pre-MDD,2028-04-01 00:00:00.0000000,49.99
AR6-CLW-610,Cloiche Wind Farm,Allocation Round 6,Onshore Wind,Transmission,Pre-MDD,2028-03-31 00:00:00.0000000,130.5
AR6-COL-700,Copse Lodge,Allocation Round 6,Solar PV,Distribution,Pre-MDD,2028-01-01 00:00:00.0000000,9.98
AR6-COS-700,Coldharbour Solar Farm,Allocation Round 6,Solar PV,Distribution,Pre-MDD,2028-03-31 00:00:00.0000000,46.0
AR6-CRI-610,Crystal Rig IV Ltd,Allocation Round 6,Onshore Wind,Transmission,Pre-MDD,2026-09-01 00:00:00.0000000,48.2
AR6-CSO-700,Costock Solar Farm,Allocation Round 6,Solar PV,Distribution,Pre-MDD,2028-01-01 00:00:00.0000000,49.9
AR6-CTW-610,Corriegarth 2 Wind Farm Limited,Allocation Round 6,Onshore Wind,Transmission,Pre-MDD,2028-04-01 00:00:00.0000000,66.19
AR6-CUT-700,Cutlers,Allocation Round 6,Solar PV,Distribution,Pre-MDD,2028-03-31 00:00:00.0000000,19.76
AR6-CWE-600,Carno Wind Farm Extension Phase III,Allocation Round 6,Onshore Wind,Distribution,Pre-MDD,2028-03-01 00:00:00.0000000,45.0
AR6-DSO-700,Duxhurst Solar Farm,Allocation Round 6,Solar PV,Distribution,Pre-MDD,2028-03-31 00:00:00.0000000,19.49
AR6-DUS-700,Ducklington Solar,Allocation Round 6,Solar PV,Distribution,Pre-MDD,2028-03-31 00:00:00.0000000,18.0
AR6-DWS-700,Derril Water Solar Farm,Allocation Round 6,Solar PV,Distribution,Pre-MDD,2026-07-01 00:00:00.0000000,15.5
AR6-EAA-011,East Anglia Two Phase 1,Allocation Round 6,Offshore Wind,Transmission,Pre-MDD,2028-05-01 00:00:00.0000000,255.82
AR6-EAA-012,East Anglia Two Phase 2,Allocation Round 6,Offshore Wind,Transmission,Pre-MDD,2028-06-17 00:00:00.0000000,346.1
AR6-EAA-013,East Anglia Two Phase 3,Allocation Round 6,Offshore Wind,Transmission,Pre-MDD,2028-08-15 00:00:00.0000000,361.15
AR6-EAT-010,EA3B,Allocation Round 6,Offshore Wind,Transmission,Pre-MDD,2027-04-01 00:00:00.0000000,158.9
AR6-EDW-600,Easter Drumclair wind farm,Allocation Round 6,Onshore Wind,Distribution,Live (Pre-FIC),2026-10-04 00:00:00.0000000,6.0
AR6-EXE-700,Exeter,Allocation Round 6,Solar PV,Distribution,Pre-MDD,2028-03-31 00:00:00.0000000,34.58
AR6-FAM-700,Fambridge,Allocation Round 6,Solar PV,Distribution,Pre-MDD,2028-03-31 00:00:00.0000000,39.52
AR6-FGS-700,Forest Gate Solar,Allocation Round 6,Solar PV,Distribution,Pre-MDD,2027-06-01 00:00:00.0000000,40.0
AR6-FRA-700,Fraddon,Allocation Round 6,Solar PV,Distribution,Pre-MDD,2028-01-01 00:00:00.0000000,49.9
AR6-GLS-700,Glenniston Solar Farm,Allocation Round 6,Solar PV,Distribution,Pre-MDD,2027-04-30 00:00:00.0000000,39.0
AR6-GOW-600,Golticlay Wind Farm,Allocation Round 6,Onshore Wind,Distribution,Pre-MDD,2027-04-01 00:00:00.0000000,62.7
AR6-GSO-700,Gaywood Solar Farm,Allocation Round 6,Solar PV,Distribution,Pre-MDD,2027-02-14 00:00:00.0000000,10.5
AR6-GSS-700,Grey Street Solar Ltd (Fiskerton 3),Allocation Round 6,Solar PV,Distribution,Pre-MDD,2026-07-01 00:00:00.0000000,49.9
AR6-GUR-710,Gunthorpe Road,Allocation Round 6,Solar PV,Transmission,Pre-MDD,2028-03-31 00:00:00.0000000,49.9
AR6-GVO-910,Green Volt Offshore Windfarm (GV01),Allocation Round 6,Floating Offshore Wind,Transmission,Pre-MDD,2029-03-31 00:00:00.0000000,400.0
AR6-HEE-700,Park Hill Energy Extension,Allocation Round 6,Solar PV,Distribution,Pre-MDD,2028-03-31 00:00:00.0000000,8.0
AR6-HES-700,Henley Solar Farm,Allocation Round 6,Solar PV,Distribution,Pre-MDD,2027-02-14 00:00:00.0000000,12.0
AR6-HHS-700,Higher Hawkerland solar farm,Allocation Round 6,Solar PV,Distribution,Pre-MDD,2028-03-31 00:00:00.0000000,10.204
AR6-HLS-700,Horsey Level Solar Park,Allocation Round 6,Solar PV,Distribution,Live (Post-FIC),2026-04-01 00:00:00.0000000,20.0
AR6-HOC-700,Hockliffe,Allocation Round 6,Solar PV,Distribution,Pre-MDD,2026-08-01 00:00:00.0000000,20.0
AR6-HOP-010,Hornsea Project Three Offshore Wind Farm AR6 C,Allocation Round 6,Offshore Wind,Transmission,Pre-MDD,2027-12-01 00:00:00.0000000,360.0
AR6-HOS-700,Horton Solar Farm,Allocation Round 6,Solar PV,Distribution,Pre-MDD,2028-03-31 00:00:00.0000000,50.0
AR6-HPF-010,Hornsea Project Four Offshore Wind Farm,Allocation Round 6,Offshore Wind,Transmission,Terminated,2030-01-01 00:00:00.0000000,2400.0
AR6-HPR-010,Hornsea Project Three Offshore Wind Farm AR6 B,Allocation Round 6,Offshore Wind,Transmission,Pre-MDD,2027-10-01 00:00:00.0000000,360.0
AR6-HPS-700,Hawthorn Pit Solar Farm,Allocation Round 6,Solar PV,Distribution,Pre-MDD,2028-03-31 00:00:00.0000000,45.0
AR6-HPT-010,Hornsea Project Three Offshore Wind Farm AR6 A,Allocation Round 6,Offshore Wind,Transmission,Pre-MDD,2027-06-01 00:00:00.0000000,360.0
AR6-HSS-700,HSS24,Allocation Round 6,Solar PV,Distribution,Pre-MDD,2027-07-15 00:00:00.0000000,32.0
AR6-HWS-700,HW SOLAR FARM LIMITED,Allocation Round 6,Solar PV,Distribution,Pre-MDD,2028-03-31 00:00:00.0000000,18.0
AR6-HWZ-610,Heathland Wind Farm - Zone 2,Allocation Round 6,Onshore Wind,Transmission,Pre-MDD,2028-03-31 00:00:00.0000000,40.1
AR6-ICA-010,Inch Cape A,Allocation Round 6,Offshore Wind,Transmission,Pre-MDD,2027-07-31 00:00:00.0000000,177.41
AR6-ICB-010,Inch Cape B,Allocation Round 6,Offshore Wind,Transmission,Pre-MDD,2027-07-31 00:00:00.0000000,88.7
AR6-KES-700,Kemberton Solar Farm,Allocation Round 6,Solar PV,Distribution,Pre-MDD,2027-01-04 00:00:00.0000000,15.0
AR6-KFS-700,Kiln Fields Solar Park,Allocation Round 6,Solar PV,Distribution,Live (Post-FIC),2026-04-01 00:00:00.0000000,15.0
AR6-KHW-600,Kirk Hill Wind Farm,Allocation Round 6,Onshore Wind,Distribution,Pre-MDD,2026-08-01 00:00:00.0000000,7.05
AR6-LAW-700,Laynes Wood,Allocation Round 6,Solar PV,Distribution,Pre-MDD,2028-01-01 00:00:00.0000000,49.9
AR6-LCS-700,Little Crow Solar Park,Allocation Round 6,Solar PV,Distribution,Pre-MDD,2028-03-31 00:00:00.0000000,99.9
AR6-LDS-700,Leigh Delamere Solar,Allocation Round 6,Solar PV,Distribution,Pre-MDD,2027-06-01 00:00:00.0000000,40.0
AR6-LEC-700,Leckhampstead Farm,Allocation Round 6,Solar PV,Distribution,Pre-MDD,2027-01-30 00:00:00.0000000,15.0
AR6-LES-700,LEEMING SOLAR FARM LIMITED,Allocation Round 6,Solar PV,Distribution,Pre-MDD,2028-03-31 00:00:00.0000000,39.0
AR6-LEW-610,Lethans Wind Farm,Allocation Round 6,Onshore Wind,Transmission,Pre-MDD,2028-03-31 00:00:00.0000000,120.0
AR6-LON-700,LONGPASTURE SOLAR FARM LIMITED,Allocation Round 6,Solar PV,Distribution,Pre-MDD,2028-03-31 00:00:00.0000000,49.9
AR6-LSE-710,Longfield Solar Energy Farm,Allocation Round 6,Solar PV,Transmission,Pre-MDD,2028-06-30 00:00:00.0000000,299.0
AR6-LSO-700,Low Farm Solar Farm,Allocation Round 6,Solar PV,Distribution,Pre-MDD,2027-12-01 00:00:00.0000000,49.9
AR6-LWF-610,Lorg Wind Farm,Allocation Round 6,Onshore Wind,Transmission,Pre-MDD,2029-01-17 00:00:00.0000000,44.0
AR6-MAE-700,Maesmawr Solar Park,Allocation Round 6,Solar PV,Distribution,Pre-MDD,2026-08-01 00:00:00.0000000,20.0
AR6-MEC-700,MONTREATHMONT ENERGY CENTRE LIMITED,Allocation Round 6,Solar PV,Distribution,Pre-MDD,2029-10-08 00:00:00.0000000,34.37
AR6-MED-510,MeyGen AR62,Allocation Round 6,Tidal Stream,Transmission,Pre-MDD,2031-06-30 00:00:00.0000000,9.0
AR6-MEM-500,Magallanes EMEC Berth 1 Extension,Allocation Round 6,Tidal Stream,Distribution,Pre-MDD,2029-03-31 00:00:00.0000000,3.0
AR6-MES-700,Meerdyke Solar Farm,Allocation Round 6,Solar PV,Distribution,Pre-MDD,2028-03-31 00:00:00.0000000,49.9
AR6-MOW-010,Moray Offshore Windfarm (West) String 9,Allocation Round 6,Offshore Wind,Transmission,Pre-MDD,2028-03-31 00:00:00.0000000,73.5
AR6-MSO-700,Moat Farm Solar Farm,Allocation Round 6,Solar PV,Distribution,Pre-MDD,2026-09-01 00:00:00.0000000,20.34
AR6-NDS-700,North Dairy Solar Park,Allocation Round 6,Solar PV,Distribution,Pre-MDD,2028-03-31 00:00:00.0000000,47.0
AR6-NEC-700,NEXTPOWER CHAPEL LIMITED,Allocation Round 6,Solar PV,Distribution,Pre-MDD,2028-01-01 00:00:00.0000000,17.3
AR6-NES-700,NEXTPOWER SPV 14 LIMITED,Allocation Round 6,Solar PV,Distribution,Pre-MDD,2028-03-31 00:00:00.0000000,42.8
AR6-NHW-700,NEXTPOWER HORTON WOOD Ltd,Allocation Round 6,Solar PV,Distribution,Pre-MDD,2028-01-01 00:00:00.0000000,50.0
AR6-NRT-710,NRT24,Allocation Round 6,Solar PV,Transmission,Pre-MDD,2028-01-15 00:00:00.0000000,40.9
AR6-NSO-700,Locks Farm Solar,Allocation Round 6,Solar PV,Distribution,Pre-MDD,2028-01-01 00:00:00.0000000,13.1
AR6-OCF-504,OCEANSTAR 5,Allocation Round 6,Tidal Stream,Distribution,Terminated,2029-03-31 00:00:00.0000000,0.5
AR6-OCO-504,OCEANSTAR 1,Allocation Round 6,Tidal Stream,Distribution,Terminated,2029-03-31 00:00:00.0000000,1.5
AR6-OSS-700,Osberton Solar,Allocation Round 6,Solar PV,Distribution,Pre-MDD,2026-12-01 00:00:00.0000000,34.0
AR6-PAS-700,Parkgate Farm Solar,Allocation Round 6,Solar PV,Distribution,Pre-MDD,2028-03-31 00:00:00.0000000,18.0
AR6-PHS-700,Preston Hill Solar Farm,Allocation Round 6,Solar PV,Distribution,Pre-MDD,2028-03-31 00:00:00.0000000,49.9
AR6-PRW-610,Priestgill Wind Farm,Allocation Round 6,Onshore Wind,Transmission,Pre-MDD,2027-03-31 00:00:00.0000000,43.63
AR6-PSO-700,Preston Farm Solar,Allocation Round 6,Solar PV,Distribution,Pre-MDD,2028-03-31 00:00:00.0000000,20.0
AR6-PYM-600,Pant y Maen Wind Limited,Allocation Round 6,Onshore Wind,Distribution,Terminated,2027-10-03 00:00:00.0000000,18.0
AR6-RAF-710,Rayleigh Fobbing,Allocation Round 6,Solar PV,Transmission,Pre-MDD,2028-03-31 00:00:00.0000000,49.9
AR6-RAS-700,Rayleigh Solar Farm,Allocation Round 6,Solar PV,Distribution,Pre-MDD,2028-03-31 00:00:00.0000000,30.0
AR6-ROS-700,Rock Farm Solar Farm,Allocation Round 6,Solar PV,Distribution,Pre-MDD,2027-05-01 00:00:00.0000000,40.0
AR6-SEH-700,STRATHRUDDIE ENERGY CENTRE LIMITED,Allocation Round 6,Solar PV,Distribution,Pre-MDD,2027-07-30 00:00:00.0000000,20.0
AR6-SEO-504,SEASTAR 1,Allocation Round 6,Tidal Stream,Distribution,Terminated,2029-03-31 00:00:00.0000000,4.0
AR6-SHP-700,Sheepwash Solar Farm,Allocation Round 6,Solar PV,Distribution,Pre-MDD,2027-05-01 00:00:00.0000000,49.99
AR6-SHS-700,Sheraton Hall Solar Farm,Allocation Round 6,Solar PV,Distribution,Pre-MDD,2028-01-01 00:00:00.0000000,40.0
AR6-SKS-700,Skeeby Solar Farm,Allocation Round 6,Solar PV,Distribution,Pre-MDD,2027-04-01 00:00:00.0000000,39.0
AR6-SOS-700,South Park Solar Farm,Allocation Round 6,Solar PV,Distribution,Pre-MDD,2028-03-31 00:00:00.0000000,14.93
AR6-SSO-700,Stargoose Solar Farm,Allocation Round 6,Solar PV,Distribution,Pre-MDD,2027-05-01 00:00:00.0000000,49.99
AR6-STS-700,Steeraway Solar Farm,Allocation Round 6,Solar PV,Distribution,Pre-MDD,2026-10-01 00:00:00.0000000,30.0
AR6-TAS-700,Tamworth Solar LTD,Allocation Round 6,Solar PV,Distribution,Pre-MDD,2027-02-01 00:00:00.0000000,30.0
AR6-TAT-600,Tacher Turbines,Allocation Round 6,Onshore Wind,Distribution,Pre-MDD,2026-10-01 00:00:00.0000000,12.9
AR6-TES-700,Thorpe Estate Solar PV,Allocation Round 6,Solar PV,Distribution,Pre-MDD,2026-08-01 00:00:00.0000000,49.9
AR6-THS-700,Tolldish Hall Farm Solar,Allocation Round 6,Solar PV,Distribution,Pre-MDD,2028-03-31 00:00:00.0000000,21.18
AR6-WEM-700,Wemyss Solar Farm,Allocation Round 6,Solar PV,Distribution,Terminated,2026-04-01 00:00:00.0000000,49.9
AR6-WHA-700,Whaddon Farm Solar Park,Allocation Round 6,Solar PV,Distribution,Pre-MDD,2026-09-01 00:00:00.0000000,10.0
AR6-WHS-700,West House Solar Farm,Allocation Round 6,Solar PV,Distribution,Pre-MDD,2027-08-19 00:00:00.0000000,41.4
AR6-WOE-700,Worlds End Solar Farm,Allocation Round 6,Solar PV,Distribution,Pre-MDD,2028-03-31 00:00:00.0000000,49.9
AR6-WSH-700,WSE HARTFORD WOOD LIMITED,Allocation Round 6,Solar PV,Distribution,Pre-MDD,2028-03-31 00:00:00.0000000,49.9
AR6-WSI-610,WINDY STANDARD III LIMITED,Allocation Round 6,Onshore Wind,Transmission,Pre-MDD,2026-12-24 00:00:00.0000000,87.6
AR6-WSO-700,Whinfield Solar Farm,Allocation Round 6,Solar PV,Distribution,Pre-MDD,2026-09-01 00:00:00.0000000,22.8
AR6-WTS-700,Woodwalton Two Solar Farm,Allocation Round 6,Solar PV,Distribution,Pre-MDD,2026-08-31 00:00:00.0000000,16.12
AR6-YAS-700,Yanel Farm Solar,Allocation Round 6,Solar PV,Distribution,Pre-MDD,2028-04-01 00:00:00.0000000,36.0
AR6-YLT-510,Ynnir Lleuad 2,Allocation Round 6,Tidal Stream,Transmission,Pre-MDD,2028-06-01 00:00:00.0000000,10.0
AR7-ABE-700,Aberthaw East,Allocation Round 7,Solar PV,Distribution,Pre-MDD,2030-03-30 00:00:00.0000000,20.0
AR7-ABS-700,AR108 BOLT SOLAR FARM LIMITED,Allocation Round 7,Solar PV,Distribution,Pre-MDD,2029-03-31 00:00:00.0000000,6.0
AR7-AYM-011,Awel y Môr Offshore Wind Farm A Phase 1,Allocation Round 7,Offshore Wind,Transmission,Pre-MDD,2031-04-30 00:00:00.0000000,232.5
AR7-AYM-012,Awel y Môr Offshore Wind Farm A Phase 2,Allocation Round 7,Offshore Wind,Transmission,Pre-MDD,2031-07-25 00:00:00.0000000,542.5
AR7-BAA-700,Barnacre Solar Farm,Allocation Round 7,Solar PV,Distribution,Pre-MDD,2027-07-30 00:00:00.0000000,23.0
AR7-BBP-011,Berwick Bank Phase B (Phase 1),Allocation Round 7,Offshore Wind,Transmission,Pre-MDD,2031-03-31 00:00:00.0000000,460.0
AR7-BBP-012,Berwick Bank Phase B (Phase 2),Allocation Round 7,Offshore Wind,Transmission,Pre-MDD,2031-04-01 00:00:00.0000000,460.0
AR7-BBP-013,Berwick Bank Phase B (Phase 3),Allocation Round 7,Offshore Wind,Transmission,Pre-MDD,2031-05-01 00:00:00.0000000,460.0
AR7-BBS-700,BF27 BF SOLAR LIMITED,Allocation Round 7,Solar PV,Distribution,Pre-MDD,2028-04-01 00:00:00.0000000,40.0
AR7-BEB-700,Bengrove Solar Farm,Allocation Round 7,Solar PV,Distribution,Pre-MDD,2029-02-05 00:00:00.0000000,15.0
AR7-BEC-700,Berden Solar,Allocation Round 7,Solar PV,Distribution,Pre-MDD,2027-05-31 00:00:00.0000000,40.25
AR7-BEE-700,Belvoir,Allocation Round 7,Solar PV,Distribution,Pre-MDD,2028-04-01 00:00:00.0000000,49.9
AR7-BLH-700,Blythe House Solar Farm Limited,Allocation Round 7,Solar PV,Distribution,Pre-MDD,2029-03-31 00:00:00.0000000,45.3
AR7-BRA-700,Brynwell Farm Solar,Allocation Round 7,Solar PV,Distribution,Pre-MDD,2027-09-30 00:00:00.0000000,15.31
AR7-BRB-700,Brecks Solar farm,Allocation Round 7,Solar PV,Distribution,Pre-MDD,2027-04-01 00:00:00.0000000,34.5
AR7-BRD-700,Brookthorpe Solar Farm,Allocation Round 7,Solar PV,Distribution,Pre-MDD,2027-10-01 00:00:00.0000000,8.0
AR7-BRF-700,Brownside,Allocation Round 7,Solar PV,Distribution,Pre-MDD,2028-10-30 00:00:00.0000000,35.2
AR7-BRI-700,Brinsea,Allocation Round 7,Solar PV,Distribution,Pre-MDD,2028-10-31 00:00:00.0000000,49.9
AR7-BRO-700,Brogborough Solar Farm,Allocation Round 7,Solar PV,Distribution,Pre-MDD,2027-04-02 00:00:00.0000000,30.5
AR7-BUA-700,Burcot,Allocation Round 7,Solar PV,Distribution,Pre-MDD,2028-04-01 00:00:00.0000000,49.9
AR7-BUC-700,Bucklesham Solar Limited,Allocation Round 7,Solar PV,Distribution,Pre-MDD,2029-03-31 00:00:00.0000000,22.5
AR7-BUS-700,Butterhill Solar PV,Allocation Round 7,Solar PV,Distribution,Pre-MDD,2028-11-01 00:00:00.0000000,40.0
AR7-BWO-700,Bluebell Wood Solar Farm,Allocation Round 7,Solar PV,Distribution,Pre-MDD,2029-02-26 00:00:00.0000000,49.0
AR7-BWP-600,Bettyhill Wind Farm Phase 2,Allocation Round 7,Onshore Wind,Distribution,Pre-MDD,2028-03-01 00:00:00.0000000,48.0
AR7-BWS-700,BF31 WHF SOLAR LIMITED,Allocation Round 7,Solar PV,Distribution,Pre-MDD,2029-03-31 00:00:00.0000000,25.0
AR7-CAT-700,Cattybrook Solar Farm,Allocation Round 7,Solar PV,Distribution,Pre-MDD,2028-05-29 00:00:00.0000000,49.9
AR7-CBO-700,Copper Bottom Solar Farm,Allocation Round 7,Solar PV,Distribution,Pre-MDD,2028-03-31 00:00:00.0000000,30.0
AR7-CBS-700,California Farm Battery Storage and Solar Plant,Allocation Round 7,Solar PV,Distribution,Pre-MDD,2027-12-02 00:00:00.0000000,49.9
AR7-CDW-600,Cairn Duhie Wind Farm,Allocation Round 7,Onshore Wind,Distribution,Pre-MDD,2029-03-31 00:00:00.0000000,67.2
AR7-CES-700,Chillington Estate,Allocation Round 7,Solar PV,Distribution,Pre-MDD,2029-01-01 00:00:00.0000000,40.0
AR7-CHU-700,Church Farm Solar Farm,Allocation Round 7,Solar PV,Distribution,Pre-MDD,2028-10-01 00:00:00.0000000,49.65
AR7-CIS-710,Cwm Ifor Solar Farm,Allocation Round 7,Solar PV,Transmission,Pre-MDD,2027-04-01 00:00:00.0000000,15.0
AR7-CLG-600,Clachaig Glen,Allocation Round 7,Onshore Wind,Distribution,Pre-MDD,2028-04-03 00:00:00.0000000,52.8
AR7-CMA-700,Caldecote Manor Farm,Allocation Round 7,Solar PV,Distribution,Pre-MDD,2028-03-01 00:00:00.0000000,18.2
AR7-COA-700,Colchester Solar Farm,Allocation Round 7,Solar PV,Distribution,Pre-MDD,2028-05-01 00:00:00.0000000,15.0
AR7-COB-700,Cox's Brook Solar Park,Allocation Round 7,Solar PV,Distribution,Pre-MDD,2027-04-01 00:00:00.0000000,16.0
AR7-COU-700,County Lane,Allocation Round 7,Solar PV,Distribution,Pre-MDD,2028-10-10 00:00:00.0000000,9.0
AR7-COV-700,Coven Solar,Allocation Round 7,Solar PV,Distribution,Pre-MDD,2027-05-01 00:00:00.0000000,39.59
AR7-CRS-710,Cressing Solar Farm,Allocation Round 7,Solar PV,Transmission,Pre-MDD,2027-08-30 00:00:00.0000000,24.9
AR7-CSA-700,Cobwood Solar Farm 1,Allocation Round 7,Solar PV,Distribution,Pre-MDD,2027-10-31 00:00:00.0000000,20.0
AR7-CSE-700,Colbrans Solar ESS Limited,Allocation Round 7,Solar PV,Distribution,Pre-MDD,2029-03-31 00:00:00.0000000,39.9
AR7-CST-700,Carlton Solar Farm 2,Allocation Round 7,Solar PV,Distribution,Pre-MDD,2027-08-25 00:00:00.0000000,12.4
AR7-CYP-700,CYP25,Allocation Round 7,Solar PV,Distribution,Pre-MDD,2028-04-30 00:00:00.0000000,15.0
AR7-DBS-011,Dogger Bank South West CfD Unit A Phase 1,Allocation Round 7,Offshore Wind,Transmission,Pre-MDD,2030-10-30 00:00:00.0000000,403.0
AR7-DBS-012,Dogger Bank South West CfD Unit A Phase 2,Allocation Round 7,Offshore Wind,Transmission,Pre-MDD,2031-11-30 00:00:00.0000000,558.0
AR7-DBS-013,Dogger Bank South West CfD Unit A Phase 3,Allocation Round 7,Offshore Wind,Transmission,Pre-MDD,2031-12-01 00:00:00.0000000,539.0
AR7-DEW-600,Drumduff Extension Wind Farm,Allocation Round 7,Onshore Wind,Distribution,Pre-MDD,2028-06-29 00:00:00.0000000,13.05
AR7-DOB-011,Dogger Bank South East CfD Unit A Phase 1,Allocation Round 7,Offshore Wind,Transmission,Pre-MDD,2031-03-30 00:00:00.0000000,403.0
AR7-DOB-012,Dogger Bank South East CfD Unit A Phase 2,Allocation Round 7,Offshore Wind,Transmission,Pre-MDD,2032-03-15 00:00:00.0000000,558.0
AR7-DOB-013,Dogger Bank South East CfD Unit A Phase 3,Allocation Round 7,Offshore Wind,Transmission,Pre-MDD,2032-07-01 00:00:00.0000000,539.0
AR7-DPB-700,Deptford Farm PV & Battery,Allocation Round 7,Solar PV,Distribution,Pre-MDD,2029-02-01 00:00:00.0000000,30.0
AR7-DWI-600,DEWSHILL WIND FARM,Allocation Round 7,Onshore Wind,Distribution,Pre-MDD,2029-03-31 00:00:00.0000000,11.4
AR7-EAB-700,Eastbourne,Allocation Round 7,Solar PV,Distribution,Pre-MDD,2030-03-30 00:00:00.0000000,17.0
AR7-EES-700,East End Solar Farm,Allocation Round 7,Solar PV,Distribution,Pre-MDD,2028-02-25 00:00:00.0000000,35.0
AR7-EHI-600,ENERGYFARM HYNDBURN II LTD,Allocation Round 7,Onshore Wind,Distribution,Pre-MDD,2027-10-31 00:00:00.0000000,8.2
AR7-EHT-610,Enoch Hill 2,Allocation Round 7,Onshore Wind,Transmission,Pre-MDD,2028-04-01 00:00:00.0000000,9.6
AR7-ERE-910,Erebus,Allocation Round 7,Floating Offshore Wind,Transmission,Pre-MDD,2030-03-31 00:00:00.0000000,100.0
AR7-ESO-700,Eaton Socon,Allocation Round 7,Solar PV,Distribution,Pre-MDD,2029-03-31 00:00:00.0000000,33.7
AR7-EUN-700,Energyfarm UK New Rides Solar LLP,Allocation Round 7,Solar PV,Distribution,Pre-MDD,2027-04-01 00:00:00.0000000,10.0
AR7-EUP-600,Energyfarm UK Pencarreg LLP,Allocation Round 7,Onshore Wind,Distribution,Pre-MDD,2027-10-31 00:00:00.0000000,5.01
AR7-FFS-700,Field Form Solar,Allocation Round 7,Solar PV,Distribution,Pre-MDD,2028-04-01 00:00:00.0000000,5.01
AR7-FIB-700,Fibden Farm,Allocation Round 7,Solar PV,Distribution,Pre-MDD,2028-03-01 00:00:00.0000000,32.0
AR7-FIS-700,Firsfield Solar Farm,Allocation Round 7,Solar PV,Distribution,Pre-MDD,2028-07-01 00:00:00.0000000,46.99
AR7-FLE-710,Fleet Solar Farm,Allocation Round 7,Solar PV,Transmission,Pre-MDD,2028-03-31 00:00:00.0000000,47.5
AR7-FLS-700,Five Lanes Solar,Allocation Round 7,Solar PV,Distribution,Pre-MDD,2028-10-31 00:00:00.0000000,31.58
AR7-FOF-700,Foley Farms,Allocation Round 7,Solar PV,Distribution,Pre-MDD,2028-04-01 00:00:00.0000000,16.3
AR7-FOR-700,Fair Oaks Renewable Energy Park,Allocation Round 7,Solar PV,Distribution,Pre-MDD,2027-11-30 00:00:00.0000000,49.9
AR7-FOS-700,Ford Oaks Solar Farm,Allocation Round 7,Solar PV,Distribution,Pre-MDD,2027-04-02 00:00:00.0000000,30.0
AR7-FOX-700,Foxwalks solar farm,Allocation Round 7,Solar PV,Distribution,Pre-MDD,2028-05-01 00:00:00.0000000,29.4
AR7-FPA-700,Fernishaw Farm PV and Energy Storage Facility,Allocation Round 7,Solar PV,Distribution,Pre-MDD,2028-12-01 00:00:00.0000000,49.9
AR7-FSO-710,Fleet Solar Limited,Allocation Round 7,Solar PV,Transmission,Pre-MDD,2029-03-31 00:00:00.0000000,47.5
AR7-GLA-700,Glassthorpe Solar Farm,Allocation Round 7,Solar PV,Distribution,Pre-MDD,2027-09-30 00:00:00.0000000,41.0
AR7-GLU-610,Glen Ullinish,Allocation Round 7,Onshore Wind,Transmission,Pre-MDD,2029-03-31 00:00:00.0000000,49.9
AR7-GLW-610,Glendye Wind Farm,Allocation Round 7,Onshore Wind,Transmission,Pre-MDD,2030-03-29 00:00:00.0000000,124.8
AR7-GRA-700,Grantham,Allocation Round 7,Solar PV,Distribution,Pre-MDD,2030-03-30 00:00:00.0000000,33.0
AR7-GRP-700,Grange Farm Palgrave,Allocation Round 7,Solar PV,Distribution,Pre-MDD,2027-04-01 00:00:00.0000000,12.0
AR7-GSP-700,Garendon Solar Plant,Allocation Round 7,Solar PV,Distribution,Pre-MDD,2028-10-31 00:00:00.0000000,49.99
AR7-GUE-700,Guisborough Estate,Allocation Round 7,Solar PV,Distribution,Pre-MDD,2029-01-01 00:00:00.0000000,39.6
AR7-GWL-700,GWL25,Allocation Round 7,Solar PV,Distribution,Pre-MDD,2027-09-30 00:00:00.0000000,16.26
AR7-GWS-700,Gabrielspring Wood Solar Park,Allocation Round 7,Solar PV,Distribution,Pre-MDD,2027-04-01 00:00:00.0000000,17.5
AR7-GWT-600,Golticlay Wind Farm 2,Allocation Round 7,Onshore Wind,Distribution,Pre-MDD,2028-05-01 00:00:00.0000000,13.2
AR7-HAA-700,Hale Farm,Allocation Round 7,Solar PV,Distribution,Pre-MDD,2027-04-01 00:00:00.0000000,40.0
AR7-HAG-700,HANNINGFIELD GREEN LIMITED,Allocation Round 7,Solar PV,Distribution,Pre-MDD,2027-07-01 00:00:00.0000000,36.7
AR7-HAL-700,Hampton Lodge Solar Farm,Allocation Round 7,Solar PV,Distribution,Pre-MDD,2028-04-01 00:00:00.0000000,16.0
AR7-HAS-700,Hatherton Solar Farm,Allocation Round 7,Solar PV,Distribution,Pre-MDD,2027-12-01 00:00:00.0000000,12.0
AR7-HEG-700,Hebden Green,Allocation Round 7,Solar PV,Distribution,Pre-MDD,2028-06-04 00:00:00.0000000,15.0
AR7-HFT-700,HF25,Allocation Round 7,Solar PV,Distribution,Pre-MDD,2027-12-31 00:00:00.0000000,32.0
AR7-HGS-700,HGPV Solar,Allocation Round 7,Solar PV,Distribution,Pre-MDD,2027-02-01 00:00:00.0000000,9.2
AR7-HIC-610,High Constellation Wind Farm,Allocation Round 7,Onshore Wind,Transmission,Pre-MDD,2028-04-01 00:00:00.0000000,50.0
AR7-HIG-700,Highfield,Allocation Round 7,Solar PV,Distribution,Pre-MDD,2027-04-01 00:00:00.0000000,13.5
AR7-HLE-700,Holly Lane Energy Park,Allocation Round 7,Solar PV,Distribution,Pre-MDD,2028-06-01 00:00:00.0000000,25.0
AR7-HMS-700,Hett Moor Solar Farm,Allocation Round 7,Solar PV,Distribution,Pre-MDD,2028-11-01 00:00:00.0000000,44.4
AR7-HON-700,Honeyhall,Allocation Round 7,Solar PV,Distribution,Pre-MDD,2028-10-31 00:00:00.0000000,30.0
AR7-HOW-610,HOPSRIG WIND FARM LIMITED,Allocation Round 7,Onshore Wind,Transmission,Pre-MDD,2029-03-31 00:00:00.0000000,48.0
AR7-HSN-700,Highgate Solar Farm Normanby By Spital,Allocation Round 7,Solar PV,Distribution,Pre-MDD,2028-10-31 00:00:00.0000000,8.0
AR7-HWT-700,HW25,Allocation Round 7,Solar PV,Distribution,Pre-MDD,2028-05-31 00:00:00.0000000,32.0
AR7-IMW-600,Imerys Wind Farm,Allocation Round 7,Onshore Wind,Distribution,Pre-MDD,2027-04-01 00:00:00.0000000,19.96
AR7-KEI-700,Keithick,Allocation Round 7,Solar PV,Distribution,Pre-MDD,2029-03-30 00:00:00.0000000,16.0
AR7-KIS-700,Kitland Solar Farm,Allocation Round 7,Solar PV,Distribution,Pre-MDD,2029-03-31 00:00:00.0000000,39.99
AR7-LAA-700,Lains Farm Solar Limited,Allocation Round 7,Solar PV,Distribution,Pre-MDD,2029-03-31 00:00:00.0000000,18.0
AR7-LAL-700,Langer Lane,Allocation Round 7,Solar PV,Distribution,Pre-MDD,2029-01-01 00:00:00.0000000,7.5
AR7-LEE-610,Lethans Extension Wind Farm,Allocation Round 7,Onshore Wind,Transmission,Pre-MDD,2029-03-31 00:00:00.0000000,70.0
AR7-LER-700,Leaps Rigg,Allocation Round 7,Solar PV,Distribution,Pre-MDD,2028-12-31 00:00:00.0000000,40.0
AR7-LHI-700,Lodge Hill Solar Park,Allocation Round 7,Solar PV,Distribution,Pre-MDD,2028-03-31 00:00:00.0000000,12.0
AR7-LHS-700,Lark Hill Solar Farm,Allocation Round 7,Solar PV,Distribution,Pre-MDD,2028-06-01 00:00:00.0000000,49.9
AR7-LID-700,Little Drum,Allocation Round 7,Solar PV,Distribution,Pre-MDD,2028-03-31 00:00:00.0000000,36.0
AR7-LIH-710,Little Hale,Allocation Round 7,Solar PV,Transmission,Pre-MDD,2029-03-31 00:00:00.0000000,49.99
AR7-LIM-700,Limebury,Allocation Round 7,Solar PV,Distribution,Pre-MDD,2027-04-01 00:00:00.0000000,5.2
AR7-LOA-700,Lower Farm Solar Farm,Allocation Round 7,Solar PV,Distribution,Pre-MDD,2029-03-31 00:00:00.0000000,49.0
AR7-LOB-700,Longhedge Solar Farm,Allocation Round 7,Solar PV,Distribution,Pre-MDD,2028-06-01 00:00:00.0000000,49.9
AR7-LOF-700,Loch Fergus Solar Farm,Allocation Round 7,Solar PV,Distribution,Pre-MDD,2029-03-15 00:00:00.0000000,45.0
AR7-LOW-610,Loganhead Wind Farm,Allocation Round 7,Onshore Wind,Transmission,Pre-MDD,2029-03-31 00:00:00.0000000,36.0
AR7-LTL-700,LOWER TEAN LEYS SOLAR FARM LIMITED,Allocation Round 7,Solar PV,Distribution,Pre-MDD,2029-03-31 00:00:00.0000000,49.9
AR7-MAL-700,Marsh Lane Solar Farm,Allocation Round 7,Solar PV,Distribution,Pre-MDD,2029-03-31 00:00:00.0000000,30.0
AR7-MAN-700,Manor Farm Solar Farm,Allocation Round 7,Solar PV,Distribution,Pre-MDD,2028-09-01 00:00:00.0000000,23.88
AR7-MBS-700,Moreton Brook Solar Farm,Allocation Round 7,Solar PV,Distribution,Pre-MDD,2029-03-31 00:00:00.0000000,49.9
AR7-MEG-510,Mor Energy GO3 Phase2,Allocation Round 7,Tidal Stream,Transmission,Pre-MDD,2029-10-01 00:00:00.0000000,5.5
AR7-MFD-600,MYNYDD FFORCH DWM,Allocation Round 7,Onshore Wind,Distribution,Pre-MDD,2027-09-01 00:00:00.0000000,26.8
AR7-MIS-700,Milton Farm Solar Farm,Allocation Round 7,Solar PV,Distribution,Pre-MDD,2029-03-31 00:00:00.0000000,10.0
AR7-MMS-700,MORETON MORRELL SOLAR LIMITED,Allocation Round 7,Solar PV,Distribution,Pre-MDD,2029-03-31 00:00:00.0000000,20.0
AR7-MOL-700,Mopes Lane Solar,Allocation Round 7,Solar PV,Distribution,Pre-MDD,2028-03-31 00:00:00.0000000,5.3
AR7-MOU-700,Mount Farm Solar,Allocation Round 7,Solar PV,Distribution,Pre-MDD,2027-10-31 00:00:00.0000000,25.0
AR7-MSP-700,Manor Farm Solar Plant,Allocation Round 7,Solar PV,Distribution,Pre-MDD,2027-04-01 00:00:00.0000000,25.0
AR7-MTT-510,MORLAIS Tidal Tech GR1 W1.1,Allocation Round 7,Tidal Stream,Transmission,Pre-MDD,2028-04-04 00:00:00.0000000,3.0
AR7-MWI-600,Moorshield Wind Farm,Allocation Round 7,Onshore Wind,Distribution,Pre-MDD,2029-03-31 00:00:00.0000000,18.0
AR7-MWS-700,Mid Whitestones Solar,Allocation Round 7,Solar PV,Distribution,Pre-MDD,2029-03-15 00:00:00.0000000,9.9
AR7-NHS-700,New Hall Solar Farm,Allocation Round 7,Solar PV,Distribution,Pre-MDD,2028-05-31 00:00:00.0000000,22.2
AR7-NOV-010,Norfolk Vanguard West CFD Unit C Phase 1,Allocation Round 7,Offshore Wind,Transmission,Pre-MDD,2028-04-29 00:00:00.0000000,75.0
AR7-NOW-700,NORTH WEALD,Allocation Round 7,Solar PV,Distribution,Pre-MDD,2028-09-01 00:00:00.0000000,49.9
AR7-NVA-010,Norfolk Vanguard East CFD Unit C Phase 1,Allocation Round 7,Offshore Wind,Transmission,Pre-MDD,2029-02-17 00:00:00.0000000,75.0
AR7-NVB-010,Norfolk Vanguard West CFD Unit B Phase 1,Allocation Round 7,Offshore Wind,Transmission,Pre-MDD,2028-04-13 00:00:00.0000000,90.0
AR7-NVC-010,Norfolk Vanguard East CFD Unit B Phase 1,Allocation Round 7,Offshore Wind,Transmission,Pre-MDD,2029-01-28 00:00:00.0000000,90.0
AR7-NVE-011,Norfolk Vanguard East CFD Unit A Phase 1,Allocation Round 7,Offshore Wind,Transmission,Pre-MDD,2029-05-15 00:00:00.0000000,525.0
AR7-NVE-012,Norfolk Vanguard East CFD Unit A Phase 2,Allocation Round 7,Offshore Wind,Transmission,Pre-MDD,2029-10-11 00:00:00.0000000,690.0
AR7-NVW-011,Norfolk Vanguard West CFD Unit A Phase 1,Allocation Round 7,Offshore Wind,Transmission,Pre-MDD,2028-07-08 00:00:00.0000000,615.0
AR7-NVW-012,Norfolk Vanguard West CFD Unit A Phase 2,Allocation Round 7,Offshore Wind,Transmission,Pre-MDD,2028-12-01 00:00:00.0000000,600.0
AR7-OAS-700,Oaklands Solar Farm,Allocation Round 7,Solar PV,Distribution,Pre-MDD,2027-04-02 00:00:00.0000000,49.99
AR7-OHS-700,Old Hall Solar Farm,Allocation Round 7,Solar PV,Distribution,Pre-MDD,2028-09-01 00:00:00.0000000,17.91
AR7-OMA-504,Orbital Marine Eday 5,Allocation Round 7,Tidal Stream,Distribution,Pre-MDD,2030-06-01 00:00:00.0000000,2.4
AR7-OMS-700,Old Malton Solar Farm,Allocation Round 7,Solar PV,Distribution,Pre-MDD,2028-10-02 00:00:00.0000000,49.9
AR7-OVS-700,OUSE VALLEY SOLAR FARM CIC,Allocation Round 7,Solar PV,Distribution,Pre-MDD,2028-04-01 00:00:00.0000000,10.0
AR7-PAC-700,Parley Court,Allocation Round 7,Solar PV,Distribution,Pre-MDD,2030-03-01 00:00:00.0000000,40.0
AR7-PAD-700,Parc Dyffryn,Allocation Round 7,Solar PV,Distribution,Pre-MDD,2029-09-29 00:00:00.0000000,49.95
AR7-PCP-700,Parc Caenewydd PV & BESS,Allocation Round 7,Solar PV,Distribution,Pre-MDD,2027-12-02 00:00:00.0000000,44.0
AR7-PEM-700,Pembrokeshire Solar Park,Allocation Round 7,Solar PV,Distribution,Pre-MDD,2027-11-30 00:00:00.0000000,9.9
AR7-PEO-700,Pen Onn Farm,Allocation Round 7,Solar PV,Distribution,Pre-MDD,2029-03-30 00:00:00.0000000,49.9
AR7-PEW-610,Pencloe Wind Farm,Allocation Round 7,Onshore Wind,Transmission,Pre-MDD,2026-09-30 00:00:00.0000000,72.0
AR7-PFO-911,Pentland Floating Offshore Wind Farm Phase 1,Allocation Round 7,Floating Offshore Wind,Transmission,Pre-MDD,2031-03-30 00:00:00.0000000,37.0
AR7-PFO-912,Pentland Floating Offshore Wind Farm Phase 2,Allocation Round 7,Floating Offshore Wind,Transmission,Pre-MDD,2031-09-29 00:00:00.0000000,55.5
AR7-PIL-700,Pilmoor Solar Farm,Allocation Round 7,Solar PV,Distribution,Pre-MDD,2027-08-02 00:00:00.0000000,49.9
AR7-PRA-700,Prentice Farm,Allocation Round 7,Solar PV,Distribution,Pre-MDD,2028-11-01 00:00:00.0000000,20.0
AR7-PRG-710,Priory Generation,Allocation Round 7,Solar PV,Transmission,Pre-MDD,2029-03-31 00:00:00.0000000,34.56
AR7-PSA-700,PERWINNES SOLAR AND BATTERY STORAGE LIMITED,Allocation Round 7,Solar PV,Distribution,Pre-MDD,2029-03-31 00:00:00.0000000,45.0
AR7-QUA-700,Quarry,Allocation Round 7,Solar PV,Distribution,Pre-MDD,2028-06-23 00:00:00.0000000,35.0
AR7-RAA-700,Raspberry,Allocation Round 7,Solar PV,Distribution,Pre-MDD,2027-04-01 00:00:00.0000000,49.9
AR7-RBS-700,Red Barn Solar,Allocation Round 7,Solar PV,Distribution,Pre-MDD,2027-08-16 00:00:00.0000000,40.0
AR7-RHS-700,Rhigos Solar,Allocation Round 7,Solar PV,Distribution,Pre-MDD,,7.6
AR7-ROH-700,Rowley Hill,Allocation Round 7,Solar PV,Distribution,Pre-MDD,2028-10-30 00:00:00.0000000,16.0
AR7-ROT-700,Rolleston Farm Park 2,Allocation Round 7,Solar PV,Distribution,Pre-MDD,2026-04-06 00:00:00.0000000,12.0
AR7-RSO-700,Rotherham solar 1 Ltd,Allocation Round 7,Solar PV,Distribution,Pre-MDD,2029-03-31 00:00:00.0000000,37.0
AR7-SAI-610,SANQUHAR II COMMUNITY WIND FARM BMU1,Allocation Round 7,Onshore Wind,Transmission,Pre-MDD,2027-04-01 00:00:00.0000000,83.4
AR7-SAN-700,Sandbay,Allocation Round 7,Solar PV,Distribution,Pre-MDD,2029-03-30 00:00:00.0000000,17.56
AR7-SHE-700,Sheepcote Solar,Allocation Round 7,Solar PV,Distribution,Pre-MDD,2027-04-01 00:00:00.0000000,13.8
AR7-SIC-610,SANQUHAR II COMMUNITY WIND FARM BMU 2,Allocation Round 7,Onshore Wind,Transmission,Pre-MDD,2028-04-01 00:00:00.0000000,186.0
AR7-SIO-700,Six Oaks Renewable Energy Park,Allocation Round 7,Solar PV,Distribution,Pre-MDD,2028-05-31 00:00:00.0000000,35.0
AR7-SLS-700,South Lynch Solar Limited,Allocation Round 7,Solar PV,Distribution,Pre-MDD,2029-03-31 00:00:00.0000000,15.0
AR7-SOR-700,Sunny Oaks Renewable Energy Park,Allocation Round 7,Solar PV,Distribution,Pre-MDD,2028-03-31 00:00:00.0000000,18.0
AR7-SPW-700,Spencers Wood,Allocation Round 7,Solar PV,Distribution,Pre-MDD,2028-06-14 00:00:00.0000000,19.0
AR7-STA-700,Staveley Solar Farm,Allocation Round 7,Solar PV,Distribution,Pre-MDD,2027-09-30 00:00:00.0000000,40.0
AR7-STB-700,Stowmarket,Allocation Round 7,Solar PV,Distribution,Pre-MDD,2030-03-30 00:00:00.0000000,20.0
AR7-STH-700,Straws Hadley Solar Farm,Allocation Round 7,Solar PV,Distribution,Pre-MDD,2028-06-01 00:00:00.0000000,39.5
AR7-STR-700,Stowey Road,Allocation Round 7,Solar PV,Distribution,Pre-MDD,2028-03-01 00:00:00.0000000,49.9
AR7-SUN-700,Sunderlandwick Solar PV Farm,Allocation Round 7,Solar PV,Distribution,Pre-MDD,2029-03-01 00:00:00.0000000,35.0
AR7-SWA-604,Swinlees Wind Farm,Allocation Round 7,Onshore Wind,Distribution,Pre-MDD,2029-03-31 00:00:00.0000000,25.56
AR7-SWI-600,Sallachy Wind farm,Allocation Round 7,Onshore Wind,Distribution,Pre-MDD,2030-03-30 00:00:00.0000000,44.1
AR7-THB-700,Three Bridges,Allocation Round 7,Solar PV,Distribution,Pre-MDD,2027-04-01 00:00:00.0000000,15.0
AR7-THE-610,TWYN HYWEL ENERGY PARK LIMITED,Allocation Round 7,Onshore Wind,Transmission,Pre-MDD,2028-03-31 00:00:00.0000000,93.8
AR7-TID-700,Tiddiecross,Allocation Round 7,Solar PV,Distribution,Pre-MDD,2028-12-09 00:00:00.0000000,12.0
AR7-TOE-600,Tormywheel Extension,Allocation Round 7,Onshore Wind,Distribution,Pre-MDD,2028-03-31 00:00:00.0000000,9.4
AR7-TOH-700,Toot Hill Farm,Allocation Round 7,Solar PV,Distribution,Pre-MDD,2027-07-01 00:00:00.0000000,18.0
AR7-TON-700,Tonbridge,Allocation Round 7,Solar PV,Distribution,Pre-MDD,2030-03-30 00:00:00.0000000,6.0
AR7-TOR-700,Three Oaks Renewable Energy Park,Allocation Round 7,Solar PV,Distribution,Pre-MDD,2028-09-30 00:00:00.0000000,39.0
AR7-TOS-700,Totmonslow Solar,Allocation Round 7,Solar PV,Distribution,Pre-MDD,2026-08-01 00:00:00.0000000,17.59
AR7-TRI-700,Trinlaymire,Allocation Round 7,Solar PV,Distribution,Pre-MDD,2029-03-30 00:00:00.0000000,29.9
AR7-TSO-700,Talgren Solar Ltd,Allocation Round 7,Solar PV,Distribution,Pre-MDD,2027-04-01 00:00:00.0000000,7.23
AR7-TWS-700,Twyford Solar Farm,Allocation Round 7,Solar PV,Distribution,Pre-MDD,2027-10-01 00:00:00.0000000,10.0
AR7-UAR-700,UKF086 Attleborough Road,Allocation Round 7,Solar PV,Distribution,Pre-MDD,2027-04-01 00:00:00.0000000,18.0
AR7-UAT-700,UKZ139 Apple Tree,Allocation Round 7,Solar PV,Distribution,Pre-MDD,2027-10-29 00:00:00.0000000,27.0
AR7-UGH-700,UKZ047 Glebe (Horsford),Allocation Round 7,Solar PV,Distribution,Pre-MDD,2027-10-29 00:00:00.0000000,18.0
AR7-UKM-700,UKZ015 Mallows,Allocation Round 7,Solar PV,Distribution,Pre-MDD,2027-10-29 00:00:00.0000000,10.0
AR7-UKT-700,UKF092 Tophams,Allocation Round 7,Solar PV,Distribution,Pre-MDD,2027-10-29 00:00:00.0000000,40.0
AR7-UMA-704,UKZ020 Maleys,Allocation Round 7,Solar PV,Distribution,Pre-MDD,2027-10-28 00:00:00.0000000,24.5
AR7-UOW-600,Upper Ogmore Wind Farm,Allocation Round 7,Onshore Wind,Distribution,Pre-MDD,2029-03-31 00:00:00.0000000,25.8
AR7-USR-700,UKZ024 Station Road,Allocation Round 7,Solar PV,Distribution,Pre-MDD,2027-10-25 00:00:00.0000000,15.0
AR7-WAS-700,Washdyke Solar Farm,Allocation Round 7,Solar PV,Distribution,Pre-MDD,2028-06-01 00:00:00.0000000,24.75
AR7-WBS-710,West Burton Solar Project - AR7 - Site 3,Allocation Round 7,Solar PV,Transmission,Pre-MDD,2029-03-31 00:00:00.0000000,207.3
AR7-WBU-710,West Burton Solar Project - AR7 - Site 2,Allocation Round 7,Solar PV,Transmission,Pre-MDD,2029-03-31 00:00:00.0000000,182.6
AR7-WBW-610,Whitelaw Brae Wind Farm,Allocation Round 7,Onshore Wind,Transmission,Pre-MDD,2027-06-30 00:00:00.0000000,57.0
AR7-WEA-700,Westfield Solar,Allocation Round 7,Solar PV,Distribution,Pre-MDD,2027-11-30 00:00:00.0000000,29.9
AR7-WEB-710,West Burton Solar Project - AR7 - Site 1,Allocation Round 7,Solar PV,Transmission,Pre-MDD,2029-03-31 00:00:00.0000000,90.1
AR7-WEL-700,Wellbank,Allocation Round 7,Solar PV,Distribution,Pre-MDD,2028-05-31 00:00:00.0000000,25.0
AR7-WGS-700,Wormald Green Solar Farm,Allocation Round 7,Solar PV,Distribution,Pre-MDD,2027-07-02 00:00:00.0000000,43.0
AR7-WIH-700,Wickham Hall,Allocation Round 7,Solar PV,Distribution,Pre-MDD,2028-03-01 00:00:00.0000000,40.0
AR7-WOO-700,Woodlands Farm,Allocation Round 7,Solar PV,Distribution,Pre-MDD,2028-10-01 00:00:00.0000000,40.0
AR7-WRS-700,Walkford Road Solar New Milton,Allocation Round 7,Solar PV,Distribution,Pre-MDD,2028-12-31 00:00:00.0000000,12.35
AR7-WWS-700,WALLACE WOOD SOLAR FARM LIMITED,Allocation Round 7,Solar PV,Distribution,Pre-MDD,2029-03-31 00:00:00.0000000,42.0
AR7-WYE-700,Wyndham Estate,Allocation Round 7,Solar PV,Distribution,Pre-MDD,2028-08-01 00:00:00.0000000,21.05
AR7-WYM-710,Wymondley,Allocation Round 7,Solar PV,Transmission,Pre-MDD,2029-03-31 00:00:00.0000000,28.16
AR7-YLL-510,Ynni'r Lleuad 3,Allocation Round 7,Tidal Stream,Transmission,Pre-MDD,2029-06-30 00:00:00.0000000,10.0
CAA-EAS-166,EA 1 Phase 1,Allocation Round 1,Offshore Wind,Transmission,Live (Post-FIC),,172.786
CAA-EAS-167,EA 1 Phase 2,Allocation Round 1,Offshore Wind,Transmission,Live (Post-FIC),,283.369
CAA-EAS-168,EA 1 Phase 3,Allocation Round 1,Offshore Wind,Transmission,Live (Post-FIC),,248.812
INV-BEA-001,Beatrice Offshore Wind Farm Limited (Phase 1),Investment Contract,Offshore Wind,Transmission,Live (Post-FIC),,252.0
INV-BEA-002,Beatrice Offshore Wind Farm Limited (Phase 2),Investment Contract,Offshore Wind,Transmission,Live (Post-FIC),,336.0
INV-BUR-001,Burbo Bank Extension Offshore Wind Farm,Investment Contract,Offshore Wind,Transmission,Live (Post-FIC),,258.0
INV-DRX-001,Drax 3rd conversion unit (unit 1),Investment Contract,Biomass Conversion,Transmission,Live (Post-FIC),,645.0
INV-DUD-001,Dudgeon Phase 1,Investment Contract,Offshore Wind,Transmission,Live (Post-FIC),,88.54
INV-DUD-002,Dudgeon Phase 2,Investment Contract,Offshore Wind,Transmission,Live (Post-FIC),,206.23
INV-DUD-003,Dudgeon Phase 3,Investment Contract,Offshore Wind,Transmission,Live (Post-FIC),,100.14
INV-HOR-001,Hornsea Offshore Wind Farm Phase 1,Investment Contract,Offshore Wind,Transmission,Live (Post-FIC),,400.0
INV-HOR-002,Hornsea Offshore Wind Farm Phase 2,Investment Contract,Offshore Wind,Transmission,Live (Post-FIC),,400.0
INV-HOR-003,Hornsea Offshore Wind Farm Phase 3,Investment Contract,Offshore Wind,Transmission,Live (Post-FIC),2021-03-31 00:00:00.0000000,400.0
INV-LYN-001,Lynemouth Power Station,Investment Contract,Biomass Conversion,Distribution,Live (Post-FIC),,406.79
INV-TEE-001,Teesside Renewable Energy Project,Investment Contract,Dedicated Biomass,Transmission,Live (Post-FIC),,287.516
INV-WAL-001,Walney Extension Offshore Wind Farm Phase 1,Investment Contract,Offshore Wind,Transmission,Live (Post-FIC),,330.0
INV-WAL-002,Walney Extension Offshore Wind Farm Phase 2,Investment Contract,Offshore Wind,Transmission,Live (Post-FIC),,330.0
NUC-HPC-198,Hinkley Point C,Bespoke,Nuclear,Transmission,Pre-MDD,,3287.16
