Date,SAP actual day,SAP seven-day rolling average
1 Jan 2018,1.708,[x]
2 Jan 2018,1.733,[x]
3 Jan 2018,1.766,[x]
4 Jan 2018,1.772,[x]
5 Jan 2018,1.760,[x]
6 Jan 2018,1.719,[x]
7 Jan 2018,1.817,1.754
8 Jan 2018,1.799,1.767
9 Jan 2018,1.773,1.772
10 Jan 2018,1.786,1.775
11 Jan 2018,1.833,1.784
12 Jan 2018,1.778,1.787
13 Jan 2018,1.780,1.795
14 Jan 2018,1.777,1.790
15 Jan 2018,1.733,1.780
16 Jan 2018,1.730,1.774
17 Jan 2018,1.718,1.764
18 Jan 2018,1.703,1.746
19 Jan 2018,1.716,1.737
20 Jan 2018,1.720,1.728
21 Jan 2018,1.700,1.717
22 Jan 2018,1.685,1.710
23 Jan 2018,1.653,1.699
24 Jan 2018,1.624,1.686
25 Jan 2018,1.653,1.679
26 Jan 2018,1.615,1.664
27 Jan 2018,1.622,1.650
28 Jan 2018,1.555,1.630
29 Jan 2018,1.589,1.616
30 Jan 2018,1.630,1.613
31 Jan 2018,1.612,1.611
1 Feb 2018,1.695,1.617
2 Feb 2018,1.764,1.638
3 Feb 2018,1.662,1.644
4 Feb 2018,1.680,1.662
5 Feb 2018,1.693,1.676
6 Feb 2018,1.710,1.688
7 Feb 2018,1.767,1.710
8 Feb 2018,1.744,1.717
9 Feb 2018,1.728,1.712
10 Feb 2018,1.743,1.724
11 Feb 2018,1.712,1.728
12 Feb 2018,1.725,1.733
13 Feb 2018,1.797,1.745
14 Feb 2018,1.727,1.739
15 Feb 2018,1.648,1.726
16 Feb 2018,1.731,1.726
17 Feb 2018,1.712,1.721
18 Feb 2018,1.707,1.721
19 Feb 2018,1.888,1.744
20 Feb 2018,1.877,1.755
21 Feb 2018,1.941,1.786
22 Feb 2018,2.074,1.847
23 Feb 2018,2.078,1.896
24 Feb 2018,1.870,1.919
25 Feb 2018,1.895,1.946
26 Feb 2018,2.417,2.022
27 Feb 2018,3.649,2.275
28 Feb 2018,5.754,2.819
1 Mar 2018,12.716,4.340
2 Mar 2018,8.694,5.285
3 Mar 2018,2.239,5.338
4 Mar 2018,1.991,5.351
5 Mar 2018,1.744,5.255
6 Mar 2018,1.765,4.986
7 Mar 2018,1.721,4.410
8 Mar 2018,1.790,2.849
9 Mar 2018,1.898,1.878
10 Mar 2018,1.862,1.824
11 Mar 2018,1.847,1.804
12 Mar 2018,2.505,1.912
13 Mar 2018,2.330,1.993
14 Mar 2018,2.080,2.044
15 Mar 2018,2.256,2.111
16 Mar 2018,1.874,2.108
17 Mar 2018,1.888,2.111
18 Mar 2018,2.200,2.162
19 Mar 2018,1.970,2.085
20 Mar 2018,1.909,2.025
21 Mar 2018,1.863,1.994
22 Mar 2018,1.855,1.937
23 Mar 2018,1.755,1.920
24 Mar 2018,1.791,1.906
25 Mar 2018,1.688,1.833
26 Mar 2018,1.636,1.785
27 Mar 2018,1.715,1.758
28 Mar 2018,1.661,1.729
29 Mar 2018,1.765,1.716
30 Mar 2018,1.662,1.703
31 Mar 2018,1.674,1.686
1 Apr 2018,1.811,1.703
2 Apr 2018,1.796,1.726
3 Apr 2018,1.638,1.715
4 Apr 2018,1.679,1.718
5 Apr 2018,1.688,1.707
6 Apr 2018,1.663,1.707
7 Apr 2018,1.706,1.711
8 Apr 2018,1.688,1.694
9 Apr 2018,1.772,1.690
10 Apr 2018,1.834,1.718
11 Apr 2018,1.860,1.744
12 Apr 2018,1.914,1.777
13 Apr 2018,1.875,1.807
14 Apr 2018,1.685,1.804
15 Apr 2018,1.722,1.809
16 Apr 2018,1.713,1.800
17 Apr 2018,1.728,1.785
18 Apr 2018,1.657,1.756
19 Apr 2018,1.763,1.735
20 Apr 2018,1.739,1.715
21 Apr 2018,1.677,1.714
22 Apr 2018,1.673,1.707
23 Apr 2018,1.718,1.708
24 Apr 2018,1.744,1.710
25 Apr 2018,1.730,1.721
26 Apr 2018,1.778,1.723
27 Apr 2018,1.840,1.737
28 Apr 2018,1.849,1.762
29 Apr 2018,1.844,1.786
30 Apr 2018,1.845,1.804
1 May 2018,1.811,1.814
2 May 2018,1.823,1.827
3 May 2018,1.801,1.830
4 May 2018,1.829,1.829
5 May 2018,1.807,1.823
6 May 2018,1.795,1.816
7 May 2018,1.815,1.812
8 May 2018,1.829,1.814
9 May 2018,1.782,1.808
10 May 2018,1.823,1.811
11 May 2018,1.876,1.818
12 May 2018,1.895,1.831
13 May 2018,1.861,1.840
14 May 2018,1.931,1.857
15 May 2018,1.861,1.861
16 May 2018,1.894,1.877
17 May 2018,1.976,1.899
18 May 2018,1.947,1.909
19 May 2018,1.927,1.914
20 May 2018,1.887,1.918
21 May 2018,1.928,1.917
22 May 2018,2.007,1.938
23 May 2018,1.986,1.951
24 May 2018,2.019,1.957
25 May 2018,1.909,1.952
26 May 2018,1.862,1.942
27 May 2018,1.886,1.942
28 May 2018,1.915,1.940
29 May 2018,2.016,1.942
30 May 2018,2.116,1.960
31 May 2018,2.035,1.963
1 Jun 2018,1.965,1.971
2 Jun 2018,1.985,1.988
3 Jun 2018,1.992,2.003
4 Jun 2018,2.029,2.020
5 Jun 2018,1.959,2.012
6 Jun 2018,1.948,1.988
7 Jun 2018,2.020,1.986
8 Jun 2018,2.005,1.991
9 Jun 2018,1.957,1.987
10 Jun 2018,1.914,1.976
11 Jun 2018,1.868,1.953
12 Jun 2018,1.860,1.939
13 Jun 2018,1.992,1.945
14 Jun 2018,1.927,1.932
15 Jun 2018,1.880,1.914
16 Jun 2018,1.857,1.900
17 Jun 2018,1.865,1.893
18 Jun 2018,1.873,1.893
19 Jun 2018,1.835,1.890
20 Jun 2018,1.833,1.867
21 Jun 2018,1.758,1.843
22 Jun 2018,1.800,1.831
23 Jun 2018,1.824,1.827
24 Jun 2018,1.802,1.818
25 Jun 2018,1.808,1.808
26 Jun 2018,1.834,1.808
27 Jun 2018,1.890,1.816
28 Jun 2018,1.867,1.832
29 Jun 2018,1.785,1.830
30 Jun 2018,1.808,1.828
1 Jul 2018,1.808,1.829
2 Jul 2018,1.911,1.843
3 Jul 2018,1.904,1.853
4 Jul 2018,1.937,1.860
5 Jul 2018,1.986,1.877
6 Jul 2018,1.961,1.902
7 Jul 2018,1.975,1.926
8 Jul 2018,1.982,1.951
9 Jul 2018,2.023,1.967
10 Jul 2018,1.985,1.978
11 Jul 2018,1.973,1.984
12 Jul 2018,1.934,1.976
13 Jul 2018,2.002,1.982
14 Jul 2018,1.964,1.980
15 Jul 2018,1.963,1.978
16 Jul 2018,1.902,1.961
17 Jul 2018,1.960,1.957
18 Jul 2018,1.999,1.961
19 Jul 2018,1.983,1.968
20 Jul 2018,1.972,1.963
21 Jul 2018,1.944,1.960
22 Jul 2018,1.964,1.961
23 Jul 2018,2.004,1.975
24 Jul 2018,2.009,1.982
25 Jul 2018,1.971,1.978
26 Jul 2018,1.960,1.975
27 Jul 2018,1.970,1.974
28 Jul 2018,1.965,1.977
29 Jul 2018,1.964,1.977
30 Jul 2018,2.016,1.979
31 Jul 2018,2.000,1.978
1 Aug 2018,1.967,1.977
2 Aug 2018,2.016,1.985
3 Aug 2018,2.005,1.990
4 Aug 2018,1.965,1.990
5 Aug 2018,1.964,1.991
6 Aug 2018,2.004,1.989
7 Aug 2018,2.007,1.990
8 Aug 2018,2.014,1.996
9 Aug 2018,1.984,1.992
10 Aug 2018,2.005,1.992
11 Aug 2018,2.024,2.000
12 Aug 2018,2.035,2.010
13 Aug 2018,2.107,2.025
14 Aug 2018,2.047,2.031
15 Aug 2018,2.008,2.030
16 Aug 2018,2.093,2.046
17 Aug 2018,2.128,2.063
18 Aug 2018,2.084,2.072
19 Aug 2018,2.049,2.074
20 Aug 2018,2.142,2.079
21 Aug 2018,2.181,2.098
22 Aug 2018,2.200,2.125
23 Aug 2018,2.223,2.144
24 Aug 2018,2.244,2.160
25 Aug 2018,2.275,2.188
26 Aug 2018,2.234,2.214
27 Aug 2018,2.273,2.233
28 Aug 2018,2.341,2.255
29 Aug 2018,2.401,2.284
30 Aug 2018,2.377,2.306
31 Aug 2018,2.291,2.313
1 Sep 2018,2.317,2.319
2 Sep 2018,2.314,2.330
3 Sep 2018,2.418,2.351
4 Sep 2018,2.418,2.362
5 Sep 2018,2.454,2.370
6 Sep 2018,2.541,2.393
7 Sep 2018,2.559,2.432
8 Sep 2018,2.567,2.467
9 Sep 2018,2.493,2.493
10 Sep 2018,2.625,2.523
11 Sep 2018,2.581,2.546
12 Sep 2018,2.519,2.555
13 Sep 2018,2.408,2.536
14 Sep 2018,2.407,2.515
15 Sep 2018,2.432,2.495
16 Sep 2018,2.398,2.482
17 Sep 2018,2.469,2.459
18 Sep 2018,2.406,2.434
19 Sep 2018,2.537,2.437
20 Sep 2018,2.599,2.464
21 Sep 2018,2.650,2.499
22 Sep 2018,2.644,2.529
23 Sep 2018,2.604,2.558
24 Sep 2018,2.681,2.589
25 Sep 2018,2.637,2.622
26 Sep 2018,2.554,2.624
27 Sep 2018,2.481,2.607
28 Sep 2018,2.496,2.585
29 Sep 2018,2.485,2.562
30 Sep 2018,2.461,2.542
1 Oct 2018,2.433,2.507
2 Oct 2018,2.452,2.480
3 Oct 2018,2.428,2.462
4 Oct 2018,2.456,2.459
5 Oct 2018,2.493,2.458
6 Oct 2018,2.449,2.453
7 Oct 2018,2.441,2.450
8 Oct 2018,2.361,2.440
9 Oct 2018,2.231,2.408
10 Oct 2018,2.204,2.376
11 Oct 2018,2.138,2.331
12 Oct 2018,2.262,2.298
13 Oct 2018,2.263,2.271
14 Oct 2018,2.311,2.253
15 Oct 2018,2.356,2.252
16 Oct 2018,2.287,2.260
17 Oct 2018,2.157,2.253
18 Oct 2018,2.212,2.264
19 Oct 2018,2.316,2.272
20 Oct 2018,2.257,2.271
21 Oct 2018,2.070,2.236
22 Oct 2018,2.137,2.205
23 Oct 2018,2.086,2.176
24 Oct 2018,2.137,2.174
25 Oct 2018,2.215,2.174
26 Oct 2018,2.119,2.146
27 Oct 2018,2.097,2.123
28 Oct 2018,2.212,2.143
29 Oct 2018,2.228,2.156
30 Oct 2018,2.241,2.178
31 Oct 2018,2.145,2.180
1 Nov 2018,2.098,2.163
2 Nov 2018,2.105,2.161
3 Nov 2018,2.091,2.160
4 Nov 2018,2.101,2.144
5 Nov 2018,2.080,2.123
6 Nov 2018,2.072,2.099
7 Nov 2018,2.153,2.100
8 Nov 2018,2.174,2.111
9 Nov 2018,2.117,2.113
10 Nov 2018,2.094,2.113
11 Nov 2018,2.112,2.114
12 Nov 2018,2.195,2.131
13 Nov 2018,2.267,2.159
14 Nov 2018,2.318,2.182
15 Nov 2018,2.412,2.216
16 Nov 2018,2.389,2.255
17 Nov 2018,2.225,2.274
18 Nov 2018,2.306,2.302
19 Nov 2018,2.241,2.308
20 Nov 2018,2.201,2.299
21 Nov 2018,2.254,2.290
22 Nov 2018,2.269,2.269
23 Nov 2018,2.227,2.246
24 Nov 2018,2.231,2.247
25 Nov 2018,2.225,2.235
26 Nov 2018,2.181,2.227
27 Nov 2018,2.246,2.233
28 Nov 2018,2.160,2.220
29 Nov 2018,2.145,2.202
30 Nov 2018,2.156,2.192
1 Dec 2018,2.235,2.192
2 Dec 2018,2.161,2.183
3 Dec 2018,2.249,2.193
4 Dec 2018,2.250,2.194
5 Dec 2018,2.211,2.201
6 Dec 2018,2.042,2.186
7 Dec 2018,1.999,2.164
8 Dec 2018,2.029,2.134
9 Dec 2018,2.087,2.124
10 Dec 2018,2.171,2.113
11 Dec 2018,2.156,2.099
12 Dec 2018,2.204,2.098
13 Dec 2018,2.248,2.127
14 Dec 2018,2.274,2.167
15 Dec 2018,2.279,2.202
16 Dec 2018,2.262,2.227
17 Dec 2018,2.256,2.240
18 Dec 2018,2.173,2.242
19 Dec 2018,2.319,2.259
20 Dec 2018,2.277,2.263
21 Dec 2018,2.259,2.261
22 Dec 2018,2.263,2.258
23 Dec 2018,2.311,2.265
24 Dec 2018,2.274,2.268
25 Dec 2018,2.226,2.276
26 Dec 2018,2.185,2.256
27 Dec 2018,2.103,2.232
28 Dec 2018,2.047,2.201
29 Dec 2018,1.987,2.162
30 Dec 2018,1.986,2.115
31 Dec 2018,1.664,2.028
1 Jan 2019,1.712,1.955
2 Jan 2019,2.047,1.935
3 Jan 2019,2.039,1.926
4 Jan 2019,2.061,1.928
5 Jan 2019,2.034,1.935
6 Jan 2019,1.973,1.933
7 Jan 2019,1.899,1.966
8 Jan 2019,1.977,2.004
9 Jan 2019,1.994,1.997
10 Jan 2019,2.006,1.992
11 Jan 2019,2.033,1.988
12 Jan 2019,1.995,1.982
13 Jan 2019,1.980,1.983
14 Jan 2019,1.949,1.991
15 Jan 2019,2.032,1.998
16 Jan 2019,1.996,1.999
17 Jan 2019,2.073,2.008
18 Jan 2019,2.045,2.010
19 Jan 2019,2.066,2.020
20 Jan 2019,2.047,2.030
21 Jan 2019,1.991,2.036
22 Jan 2019,2.039,2.037
23 Jan 2019,2.063,2.046
24 Jan 2019,1.976,2.032
25 Jan 2019,1.840,2.003
26 Jan 2019,1.823,1.968
27 Jan 2019,1.884,1.945
28 Jan 2019,1.912,1.934
29 Jan 2019,1.876,1.910
30 Jan 2019,1.851,1.880
31 Jan 2019,1.849,1.862
1 Feb 2019,1.726,1.846
2 Feb 2019,1.732,1.833
3 Feb 2019,1.731,1.811
4 Feb 2019,1.737,1.786
5 Feb 2019,1.736,1.766
6 Feb 2019,1.725,1.748
7 Feb 2019,1.727,1.731
8 Feb 2019,1.682,1.724
9 Feb 2019,1.690,1.718
10 Feb 2019,1.674,1.710
11 Feb 2019,1.625,1.694
12 Feb 2019,1.585,1.673
13 Feb 2019,1.606,1.656
14 Feb 2019,1.623,1.641
15 Feb 2019,1.603,1.629
16 Feb 2019,1.597,1.616
17 Feb 2019,1.596,1.605
18 Feb 2019,1.567,1.597
19 Feb 2019,1.565,1.594
20 Feb 2019,1.582,1.590
21 Feb 2019,1.519,1.576
22 Feb 2019,1.535,1.566
23 Feb 2019,1.540,1.558
24 Feb 2019,1.511,1.546
25 Feb 2019,1.478,1.533
26 Feb 2019,1.497,1.523
27 Feb 2019,1.526,1.515
28 Feb 2019,1.548,1.519
1 Mar 2019,1.513,1.516
2 Mar 2019,1.488,1.509
3 Mar 2019,1.510,1.509
4 Mar 2019,1.504,1.512
5 Mar 2019,1.501,1.513
6 Mar 2019,1.448,1.502
7 Mar 2019,1.470,1.491
8 Mar 2019,1.487,1.487
9 Mar 2019,1.478,1.486
10 Mar 2019,1.483,1.482
11 Mar 2019,1.442,1.473
12 Mar 2019,1.423,1.462
13 Mar 2019,1.368,1.450
14 Mar 2019,1.344,1.432
15 Mar 2019,1.272,1.401
16 Mar 2019,1.299,1.376
17 Mar 2019,1.308,1.351
18 Mar 2019,1.371,1.341
19 Mar 2019,1.279,1.320
20 Mar 2019,1.294,1.310
21 Mar 2019,1.287,1.301
22 Mar 2019,1.272,1.301
23 Mar 2019,1.222,1.290
24 Mar 2019,1.203,1.275
25 Mar 2019,1.192,1.250
26 Mar 2019,1.240,1.244
27 Mar 2019,1.293,1.244
28 Mar 2019,1.218,1.234
29 Mar 2019,1.169,1.220
30 Mar 2019,1.179,1.214
31 Mar 2019,1.175,1.210
1 Apr 2019,1.126,1.200
2 Apr 2019,1.089,1.178
3 Apr 2019,1.150,1.158
4 Apr 2019,1.255,1.163
5 Apr 2019,1.347,1.189
6 Apr 2019,1.392,1.219
7 Apr 2019,1.390,1.250
8 Apr 2019,1.330,1.279
9 Apr 2019,1.467,1.333
10 Apr 2019,1.383,1.366
11 Apr 2019,1.371,1.383
12 Apr 2019,1.419,1.393
13 Apr 2019,1.306,1.381
14 Apr 2019,1.304,1.369
15 Apr 2019,1.264,1.359
16 Apr 2019,1.300,1.335
17 Apr 2019,1.273,1.320
18 Apr 2019,1.260,1.304
19 Apr 2019,1.204,1.273
20 Apr 2019,1.190,1.257
21 Apr 2019,1.092,1.226
22 Apr 2019,1.053,1.196
23 Apr 2019,0.902,1.139
24 Apr 2019,1.074,1.111
25 Apr 2019,1.105,1.088
26 Apr 2019,1.125,1.077
27 Apr 2019,1.107,1.065
28 Apr 2019,1.162,1.075
29 Apr 2019,1.156,1.090
30 Apr 2019,1.164,1.128
1 May 2019,1.130,1.135
2 May 2019,1.181,1.146
3 May 2019,1.200,1.157
4 May 2019,1.156,1.164
5 May 2019,1.169,1.165
6 May 2019,1.221,1.174
7 May 2019,1.146,1.172
8 May 2019,1.241,1.188
9 May 2019,1.380,1.216
10 May 2019,1.305,1.231
11 May 2019,1.250,1.244
12 May 2019,1.169,1.245
13 May 2019,1.021,1.216
14 May 2019,1.052,1.203
15 May 2019,1.113,1.184
16 May 2019,0.953,1.123
17 May 2019,1.109,1.095
18 May 2019,1.089,1.072
19 May 2019,1.087,1.061
20 May 2019,1.067,1.067
21 May 2019,1.018,1.062
22 May 2019,1.015,1.048
23 May 2019,0.991,1.054
24 May 2019,1.008,1.039
25 May 2019,1.006,1.027
26 May 2019,0.971,1.011
27 May 2019,1.023,1.005
28 May 2019,1.046,1.008
29 May 2019,1.015,1.008
30 May 2019,0.972,1.006
31 May 2019,0.929,0.994
1 Jun 2019,0.920,0.982
2 Jun 2019,0.873,0.968
3 Jun 2019,0.903,0.951
4 Jun 2019,1.007,0.945
5 Jun 2019,0.957,0.937
6 Jun 2019,0.921,0.930
7 Jun 2019,0.996,0.940
8 Jun 2019,1.008,0.952
9 Jun 2019,1.017,0.973
10 Jun 2019,1.052,0.994
11 Jun 2019,1.001,0.993
12 Jun 2019,1.022,1.002
13 Jun 2019,1.076,1.024
14 Jun 2019,1.057,1.033
15 Jun 2019,1.051,1.039
16 Jun 2019,1.004,1.037
17 Jun 2019,1.066,1.039
18 Jun 2019,1.036,1.044
19 Jun 2019,0.971,1.037
20 Jun 2019,0.959,1.021
21 Jun 2019,0.933,1.003
22 Jun 2019,0.979,0.992
23 Jun 2019,0.963,0.987
24 Jun 2019,0.941,0.969
25 Jun 2019,0.911,0.951
26 Jun 2019,0.867,0.936
27 Jun 2019,0.807,0.914
28 Jun 2019,0.848,0.902
29 Jun 2019,0.871,0.887
30 Jun 2019,0.856,0.872
1 Jul 2019,0.905,0.866
2 Jul 2019,0.958,0.873
3 Jul 2019,0.950,0.885
4 Jul 2019,0.947,0.905
5 Jul 2019,1.044,0.933
6 Jul 2019,1.038,0.957
7 Jul 2019,0.997,0.977
8 Jul 2019,1.056,0.999
9 Jul 2019,1.084,1.017
10 Jul 2019,1.185,1.050
11 Jul 2019,1.246,1.093
12 Jul 2019,1.175,1.111
13 Jul 2019,1.227,1.138
14 Jul 2019,1.223,1.171
15 Jul 2019,1.172,1.187
16 Jul 2019,1.105,1.190
17 Jul 2019,1.072,1.174
18 Jul 2019,1.008,1.140
19 Jul 2019,1.002,1.115
20 Jul 2019,0.958,1.077
21 Jul 2019,0.941,1.037
22 Jul 2019,0.933,1.003
23 Jul 2019,1.018,0.990
24 Jul 2019,0.964,0.975
25 Jul 2019,0.932,0.964
26 Jul 2019,0.948,0.956
27 Jul 2019,0.922,0.951
28 Jul 2019,0.904,0.946
29 Jul 2019,0.930,0.945
30 Jul 2019,0.905,0.929
31 Jul 2019,0.931,0.924
1 Aug 2019,1.086,0.946
2 Aug 2019,1.098,0.968
3 Aug 2019,1.103,0.994
4 Aug 2019,1.070,1.018
5 Aug 2019,0.931,1.018
6 Aug 2019,0.864,1.012
7 Aug 2019,0.944,1.014
8 Aug 2019,0.991,1.000
9 Aug 2019,0.986,0.984
10 Aug 2019,0.994,0.969
11 Aug 2019,1.014,0.961
12 Aug 2019,1.025,0.974
13 Aug 2019,1.018,0.996
14 Aug 2019,0.951,0.997
15 Aug 2019,0.884,0.982
16 Aug 2019,0.952,0.977
17 Aug 2019,0.923,0.967
18 Aug 2019,0.917,0.953
19 Aug 2019,0.895,0.934
20 Aug 2019,0.988,0.930
21 Aug 2019,0.975,0.933
22 Aug 2019,0.993,0.949
23 Aug 2019,0.780,0.924
24 Aug 2019,0.881,0.918
25 Aug 2019,0.850,0.909
26 Aug 2019,0.980,0.921
27 Aug 2019,0.982,0.920
28 Aug 2019,0.916,0.912
29 Aug 2019,0.885,0.896
30 Aug 2019,0.875,0.910
31 Aug 2019,0.905,0.913
1 Sep 2019,0.874,0.917
2 Sep 2019,0.678,0.873
3 Sep 2019,0.685,0.831
4 Sep 2019,0.666,0.795
5 Sep 2019,0.686,0.767
6 Sep 2019,0.874,0.767
7 Sep 2019,0.878,0.763
8 Sep 2019,0.899,0.766
9 Sep 2019,0.881,0.795
10 Sep 2019,0.911,0.828
11 Sep 2019,0.872,0.857
12 Sep 2019,1.023,0.905
13 Sep 2019,0.991,0.922
14 Sep 2019,1.045,0.946
15 Sep 2019,1.058,0.969
16 Sep 2019,1.056,0.994
17 Sep 2019,0.876,0.989
18 Sep 2019,0.897,0.992
19 Sep 2019,0.817,0.963
20 Sep 2019,0.856,0.944
21 Sep 2019,0.868,0.918
22 Sep 2019,0.906,0.896
23 Sep 2019,0.853,0.868
24 Sep 2019,0.904,0.872
25 Sep 2019,0.854,0.865
26 Sep 2019,0.822,0.866
27 Sep 2019,0.873,0.869
28 Sep 2019,0.885,0.871
29 Sep 2019,0.894,0.869
30 Sep 2019,0.779,0.859
1 Oct 2019,0.910,0.859
2 Oct 2019,0.933,0.871
3 Oct 2019,1.127,0.914
4 Oct 2019,1.036,0.938
5 Oct 2019,0.974,0.950
6 Oct 2019,0.957,0.959
7 Oct 2019,0.921,0.980
8 Oct 2019,0.864,0.973
9 Oct 2019,0.745,0.946
10 Oct 2019,0.802,0.900
11 Oct 2019,0.828,0.870
12 Oct 2019,0.886,0.857
13 Oct 2019,0.861,0.844
14 Oct 2019,1.010,0.856
15 Oct 2019,0.968,0.871
16 Oct 2019,0.891,0.892
17 Oct 2019,0.968,0.916
18 Oct 2019,1.021,0.943
19 Oct 2019,0.922,0.949
20 Oct 2019,0.856,0.948
21 Oct 2019,0.802,0.918
22 Oct 2019,0.894,0.908
23 Oct 2019,0.972,0.919
24 Oct 2019,1.006,0.925
25 Oct 2019,1.018,0.924
26 Oct 2019,0.802,0.907
27 Oct 2019,0.698,0.884
28 Oct 2019,0.932,0.903
29 Oct 2019,0.879,0.901
30 Oct 2019,0.776,0.873
31 Oct 2019,0.916,0.860
1 Nov 2019,0.965,0.853
2 Nov 2019,0.937,0.872
3 Nov 2019,0.994,0.914
4 Nov 2019,1.134,0.943
5 Nov 2019,1.057,0.968
6 Nov 2019,1.155,1.022
7 Nov 2019,1.213,1.065
8 Nov 2019,1.294,1.112
9 Nov 2019,1.279,1.161
10 Nov 2019,1.259,1.199
11 Nov 2019,1.217,1.210
12 Nov 2019,1.377,1.256
13 Nov 2019,1.339,1.283
14 Nov 2019,1.306,1.296
15 Nov 2019,1.375,1.307
16 Nov 2019,1.384,1.322
17 Nov 2019,1.353,1.336
18 Nov 2019,1.364,1.357
19 Nov 2019,1.407,1.361
20 Nov 2019,1.347,1.362
21 Nov 2019,1.460,1.384
22 Nov 2019,1.409,1.389
23 Nov 2019,1.413,1.393
24 Nov 2019,1.415,1.402
25 Nov 2019,1.452,1.415
26 Nov 2019,1.387,1.412
27 Nov 2019,1.444,1.426
28 Nov 2019,1.391,1.416
29 Nov 2019,1.393,1.414
30 Nov 2019,1.410,1.413
1 Dec 2019,1.374,1.407
2 Dec 2019,1.350,1.393
3 Dec 2019,1.236,1.371
4 Dec 2019,1.255,1.344
5 Dec 2019,1.151,1.310
6 Dec 2019,1.130,1.272
7 Dec 2019,1.191,1.241
8 Dec 2019,1.192,1.215
9 Dec 2019,1.193,1.193
10 Dec 2019,1.083,1.171
11 Dec 2019,1.105,1.149
12 Dec 2019,1.225,1.160
13 Dec 2019,1.051,1.148
14 Dec 2019,1.091,1.134
15 Dec 2019,1.089,1.119
16 Dec 2019,1.118,1.109
17 Dec 2019,1.161,1.120
18 Dec 2019,1.121,1.122
19 Dec 2019,1.147,1.111
20 Dec 2019,1.124,1.122
21 Dec 2019,1.129,1.127
22 Dec 2019,1.098,1.128
23 Dec 2019,0.975,1.108
24 Dec 2019,0.954,1.078
25 Dec 2019,1.014,1.063
26 Dec 2019,1.028,1.046
27 Dec 2019,0.982,1.026
28 Dec 2019,1.032,1.012
29 Dec 2019,1.088,1.010
30 Dec 2019,1.069,1.024
31 Dec 2019,1.014,1.032
1 Jan 2020,0.894,1.015
2 Jan 2020,0.933,1.002
3 Jan 2020,0.982,1.002
4 Jan 2020,1.011,0.999
5 Jan 2020,0.973,0.982
6 Jan 2020,0.997,0.972
7 Jan 2020,0.976,0.967
8 Jan 2020,0.953,0.975
9 Jan 2020,1.038,0.990
10 Jan 2020,1.054,1.000
11 Jan 2020,1.056,1.007
12 Jan 2020,1.040,1.016
13 Jan 2020,1.054,1.024
14 Jan 2020,1.002,1.028
15 Jan 2020,0.989,1.033
16 Jan 2020,0.998,1.027
17 Jan 2020,0.971,1.016
18 Jan 2020,0.978,1.004
19 Jan 2020,1.003,0.999
20 Jan 2020,0.951,0.984
21 Jan 2020,1.010,0.986
22 Jan 2020,0.959,0.981
23 Jan 2020,0.919,0.970
24 Jan 2020,0.949,0.967
25 Jan 2020,0.957,0.964
26 Jan 2020,0.941,0.955
27 Jan 2020,0.962,0.957
28 Jan 2020,0.967,0.951
29 Jan 2020,0.922,0.945
30 Jan 2020,0.882,0.940
31 Jan 2020,0.901,0.933
1 Feb 2020,0.887,0.923
2 Feb 2020,0.886,0.915
3 Feb 2020,0.861,0.901
4 Feb 2020,0.860,0.885
5 Feb 2020,0.825,0.872
6 Feb 2020,0.790,0.858
7 Feb 2020,0.776,0.841
8 Feb 2020,0.754,0.822
9 Feb 2020,0.765,0.804
10 Feb 2020,0.769,0.791
11 Feb 2020,0.741,0.774
12 Feb 2020,0.719,0.759
13 Feb 2020,0.729,0.750
14 Feb 2020,0.750,0.747
15 Feb 2020,0.753,0.747
16 Feb 2020,0.757,0.745
17 Feb 2020,0.790,0.748
18 Feb 2020,0.828,0.761
19 Feb 2020,0.895,0.786
20 Feb 2020,0.841,0.802
21 Feb 2020,0.852,0.817
22 Feb 2020,0.864,0.832
23 Feb 2020,0.855,0.846
24 Feb 2020,0.855,0.856
25 Feb 2020,0.846,0.858
26 Feb 2020,0.874,0.855
27 Feb 2020,0.861,0.858
28 Feb 2020,0.831,0.855
29 Feb 2020,0.812,0.848
1 Mar 2020,0.843,0.846
2 Mar 2020,0.856,0.846
3 Mar 2020,0.923,0.857
4 Mar 2020,0.876,0.858
5 Mar 2020,0.896,0.862
6 Mar 2020,0.804,0.859
7 Mar 2020,0.798,0.857
8 Mar 2020,0.766,0.846
9 Mar 2020,0.794,0.837
10 Mar 2020,0.846,0.826
11 Mar 2020,0.837,0.820
12 Mar 2020,0.815,0.809
13 Mar 2020,0.844,0.814
14 Mar 2020,0.808,0.816
15 Mar 2020,0.842,0.827
16 Mar 2020,0.775,0.824
17 Mar 2020,0.833,0.822
18 Mar 2020,0.849,0.824
19 Mar 2020,0.843,0.828
20 Mar 2020,0.745,0.814
21 Mar 2020,0.758,0.806
22 Mar 2020,0.779,0.797
23 Mar 2020,0.726,0.790
24 Mar 2020,0.727,0.775
25 Mar 2020,0.777,0.765
26 Mar 2020,0.679,0.742
27 Mar 2020,0.668,0.731
28 Mar 2020,0.640,0.714
29 Mar 2020,0.683,0.700
30 Mar 2020,0.690,0.695
31 Mar 2020,0.607,0.678
1 Apr 2020,0.596,0.652
2 Apr 2020,0.574,0.637
3 Apr 2020,0.546,0.619
4 Apr 2020,0.598,0.614
5 Apr 2020,0.572,0.598
6 Apr 2020,0.566,0.580
7 Apr 2020,0.580,0.576
8 Apr 2020,0.520,0.565
9 Apr 2020,0.519,0.557
10 Apr 2020,0.531,0.555
11 Apr 2020,0.516,0.544
12 Apr 2020,0.518,0.536
13 Apr 2020,0.553,0.534
14 Apr 2020,0.526,0.526
15 Apr 2020,0.468,0.519
16 Apr 2020,0.499,0.516
17 Apr 2020,0.470,0.507
18 Apr 2020,0.512,0.507
19 Apr 2020,0.475,0.500
20 Apr 2020,0.369,0.474
21 Apr 2020,0.318,0.445
22 Apr 2020,0.426,0.439
23 Apr 2020,0.411,0.426
24 Apr 2020,0.355,0.409
25 Apr 2020,0.396,0.393
26 Apr 2020,0.398,0.382
27 Apr 2020,0.429,0.390
28 Apr 2020,0.481,0.414
29 Apr 2020,0.450,0.417
30 Apr 2020,0.424,0.419
1 May 2020,0.472,0.436
2 May 2020,0.477,0.447
3 May 2020,0.484,0.459
4 May 2020,0.472,0.466
5 May 2020,0.479,0.465
6 May 2020,0.502,0.473
7 May 2020,0.483,0.481
8 May 2020,0.476,0.482
9 May 2020,0.472,0.481
10 May 2020,0.462,0.478
11 May 2020,0.457,0.476
12 May 2020,0.450,0.472
13 May 2020,0.445,0.463
14 May 2020,0.455,0.459
15 May 2020,0.435,0.454
16 May 2020,0.455,0.451
17 May 2020,0.447,0.449
18 May 2020,0.406,0.442
19 May 2020,0.398,0.434
20 May 2020,0.361,0.422
21 May 2020,0.321,0.403
22 May 2020,0.351,0.391
23 May 2020,0.378,0.380
24 May 2020,0.373,0.370
25 May 2020,0.414,0.371
26 May 2020,0.360,0.366
27 May 2020,0.318,0.359
28 May 2020,0.299,0.356
29 May 2020,0.326,0.353
30 May 2020,0.333,0.346
31 May 2020,0.336,0.341
1 Jun 2020,0.309,0.326
2 Jun 2020,0.403,0.332
3 Jun 2020,0.391,0.342
4 Jun 2020,0.452,0.364
5 Jun 2020,0.416,0.377
6 Jun 2020,0.424,0.390
7 Jun 2020,0.434,0.404
8 Jun 2020,0.452,0.425
9 Jun 2020,0.427,0.428
10 Jun 2020,0.421,0.432
11 Jun 2020,0.451,0.432
12 Jun 2020,0.480,0.441
13 Jun 2020,0.466,0.447
14 Jun 2020,0.467,0.452
15 Jun 2020,0.494,0.458
16 Jun 2020,0.488,0.467
17 Jun 2020,0.474,0.474
18 Jun 2020,0.500,0.481
19 Jun 2020,0.508,0.485
20 Jun 2020,0.470,0.486
21 Jun 2020,0.459,0.485
22 Jun 2020,0.459,0.480
23 Jun 2020,0.538,0.487
24 Jun 2020,0.515,0.493
25 Jun 2020,0.465,0.488
26 Jun 2020,0.482,0.484
27 Jun 2020,0.464,0.483
28 Jun 2020,0.470,0.485
29 Jun 2020,0.512,0.492
30 Jun 2020,0.559,0.495
1 Jul 2020,0.517,0.496
2 Jul 2020,0.489,0.499
3 Jul 2020,0.444,0.493
4 Jul 2020,0.455,0.492
5 Jul 2020,0.458,0.491
6 Jul 2020,0.498,0.489
7 Jul 2020,0.525,0.484
8 Jul 2020,0.498,0.481
9 Jul 2020,0.481,0.480
10 Jul 2020,0.436,0.479
11 Jul 2020,0.449,0.478
12 Jul 2020,0.419,0.472
13 Jul 2020,0.409,0.459
14 Jul 2020,0.410,0.443
15 Jul 2020,0.424,0.432
16 Jul 2020,0.411,0.422
17 Jul 2020,0.450,0.424
18 Jul 2020,0.437,0.423
19 Jul 2020,0.436,0.425
20 Jul 2020,0.427,0.428
21 Jul 2020,0.446,0.433
22 Jul 2020,0.427,0.433
23 Jul 2020,0.454,0.440
24 Jul 2020,0.447,0.439
25 Jul 2020,0.432,0.438
26 Jul 2020,0.432,0.438
27 Jul 2020,0.424,0.437
28 Jul 2020,0.446,0.437
29 Jul 2020,0.453,0.441
30 Jul 2020,0.449,0.440
31 Jul 2020,0.466,0.443
1 Aug 2020,0.453,0.446
2 Aug 2020,0.453,0.449
3 Aug 2020,0.544,0.466
4 Aug 2020,0.518,0.476
5 Aug 2020,0.557,0.491
6 Aug 2020,0.632,0.517
7 Aug 2020,0.681,0.548
8 Aug 2020,0.684,0.581
9 Aug 2020,0.680,0.614
10 Aug 2020,0.692,0.635
11 Aug 2020,0.668,0.656
12 Aug 2020,0.642,0.668
13 Aug 2020,0.678,0.675
14 Aug 2020,0.703,0.678
15 Aug 2020,0.720,0.683
16 Aug 2020,0.721,0.689
17 Aug 2020,0.697,0.690
18 Aug 2020,0.775,0.705
19 Aug 2020,0.741,0.719
20 Aug 2020,0.681,0.720
21 Aug 2020,0.639,0.711
22 Aug 2020,0.641,0.699
23 Aug 2020,0.670,0.692
24 Aug 2020,0.790,0.705
25 Aug 2020,0.830,0.713
26 Aug 2020,0.877,0.733
27 Aug 2020,0.869,0.759
28 Aug 2020,0.914,0.799
29 Aug 2020,0.935,0.841
30 Aug 2020,0.948,0.880
31 Aug 2020,0.969,0.906
1 Sep 2020,0.955,0.924
2 Sep 2020,0.921,0.930
3 Sep 2020,0.957,0.943
4 Sep 2020,1.044,0.961
5 Sep 2020,1.011,0.972
6 Sep 2020,1.027,0.983
7 Sep 2020,0.965,0.983
8 Sep 2020,0.946,0.981
9 Sep 2020,0.971,0.989
10 Sep 2020,0.939,0.986
11 Sep 2020,0.925,0.969
12 Sep 2020,0.873,0.949
13 Sep 2020,0.852,0.924
14 Sep 2020,0.969,0.925
15 Sep 2020,0.990,0.931
16 Sep 2020,0.981,0.933
17 Sep 2020,0.976,0.938
18 Sep 2020,0.976,0.945
19 Sep 2020,0.964,0.958
20 Sep 2020,1.006,0.980
21 Sep 2020,1.041,0.991
22 Sep 2020,1.068,1.002
23 Sep 2020,1.099,1.019
24 Sep 2020,1.087,1.035
25 Sep 2020,1.120,1.055
26 Sep 2020,1.107,1.075
27 Sep 2020,1.106,1.090
28 Sep 2020,1.226,1.116
29 Sep 2020,1.179,1.132
30 Sep 2020,1.200,1.147
1 Oct 2020,1.082,1.146
2 Oct 2020,1.124,1.146
3 Oct 2020,1.183,1.157
4 Oct 2020,1.190,1.169
5 Oct 2020,1.206,1.166
6 Oct 2020,1.212,1.171
7 Oct 2020,1.309,1.186
8 Oct 2020,1.340,1.223
9 Oct 2020,1.270,1.244
10 Oct 2020,1.256,1.254
11 Oct 2020,1.237,1.261
12 Oct 2020,1.291,1.273
13 Oct 2020,1.266,1.281
14 Oct 2020,1.305,1.281
15 Oct 2020,1.375,1.286
16 Oct 2020,1.382,1.302
17 Oct 2020,1.374,1.318
18 Oct 2020,1.372,1.338
19 Oct 2020,1.360,1.348
20 Oct 2020,1.361,1.361
21 Oct 2020,1.386,1.373
22 Oct 2020,1.398,1.376
23 Oct 2020,1.410,1.380
24 Oct 2020,1.411,1.385
25 Oct 2020,1.439,1.395
26 Oct 2020,1.333,1.391
27 Oct 2020,1.416,1.399
28 Oct 2020,1.339,1.392
29 Oct 2020,1.303,1.379
30 Oct 2020,1.166,1.344
31 Oct 2020,1.161,1.308
1 Nov 2020,1.134,1.264
2 Nov 2020,1.049,1.224
3 Nov 2020,1.312,1.209
4 Nov 2020,1.284,1.201
5 Nov 2020,1.297,1.200
6 Nov 2020,1.249,1.212
7 Nov 2020,1.306,1.233
8 Nov 2020,1.263,1.251
9 Nov 2020,1.292,1.286
10 Nov 2020,1.247,1.277
11 Nov 2020,1.270,1.275
12 Nov 2020,1.274,1.271
13 Nov 2020,1.317,1.281
14 Nov 2020,1.265,1.275
15 Nov 2020,1.260,1.275
16 Nov 2020,1.340,1.282
17 Nov 2020,1.202,1.275
18 Nov 2020,1.245,1.272
19 Nov 2020,1.253,1.269
20 Nov 2020,1.146,1.245
21 Nov 2020,1.190,1.234
22 Nov 2020,1.213,1.227
23 Nov 2020,1.306,1.222
24 Nov 2020,1.293,1.235
25 Nov 2020,1.348,1.250
26 Nov 2020,1.394,1.270
27 Nov 2020,1.463,1.315
28 Nov 2020,1.402,1.346
29 Nov 2020,1.351,1.365
30 Nov 2020,1.441,1.385
1 Dec 2020,1.476,1.411
2 Dec 2020,1.454,1.426
3 Dec 2020,1.401,1.427
4 Dec 2020,1.452,1.425
5 Dec 2020,1.412,1.427
6 Dec 2020,1.446,1.440
7 Dec 2020,1.415,1.436
8 Dec 2020,1.391,1.424
9 Dec 2020,1.391,1.415
10 Dec 2020,1.436,1.420
11 Dec 2020,1.484,1.425
12 Dec 2020,1.492,1.436
13 Dec 2020,1.503,1.445
14 Dec 2020,1.559,1.465
15 Dec 2020,1.564,1.490
16 Dec 2020,1.551,1.513
17 Dec 2020,1.510,1.523
18 Dec 2020,1.401,1.511
19 Dec 2020,1.421,1.501
20 Dec 2020,1.511,1.502
21 Dec 2020,1.601,1.508
22 Dec 2020,1.630,1.518
23 Dec 2020,1.474,1.507
24 Dec 2020,1.693,1.533
25 Dec 2020,1.732,1.580
26 Dec 2020,1.671,1.616
27 Dec 2020,1.735,1.648
28 Dec 2020,1.933,1.695
29 Dec 2020,1.956,1.742
30 Dec 2020,1.940,1.808
31 Dec 2020,1.963,1.847
1 Jan 2021,1.950,1.878
2 Jan 2021,1.958,1.919
3 Jan 2021,1.944,1.949
4 Jan 2021,2.039,1.964
5 Jan 2021,1.870,1.952
6 Jan 2021,1.853,1.940
7 Jan 2021,2.006,1.946
8 Jan 2021,2.142,1.973
9 Jan 2021,2.139,1.999
10 Jan 2021,2.088,2.020
11 Jan 2021,2.220,2.045
12 Jan 2021,2.643,2.156
13 Jan 2021,2.336,2.225
14 Jan 2021,2.112,2.240
15 Jan 2021,2.009,2.221
16 Jan 2021,1.914,2.189
17 Jan 2021,1.834,2.153
18 Jan 2021,1.835,2.098
19 Jan 2021,1.828,1.981
20 Jan 2021,1.955,1.927
21 Jan 2021,1.959,1.905
22 Jan 2021,2.052,1.911
23 Jan 2021,1.988,1.921
24 Jan 2021,2.103,1.960
25 Jan 2021,1.973,1.979
26 Jan 2021,1.907,1.991
27 Jan 2021,1.800,1.969
28 Jan 2021,1.907,1.961
29 Jan 2021,1.816,1.927
30 Jan 2021,1.782,1.898
31 Jan 2021,1.822,1.858
1 Feb 2021,1.712,1.821
2 Feb 2021,1.732,1.796
3 Feb 2021,1.587,1.765
4 Feb 2021,1.736,1.741
5 Feb 2021,1.737,1.730
6 Feb 2021,1.611,1.705
7 Feb 2021,1.748,1.694
8 Feb 2021,1.996,1.735
9 Feb 2021,1.903,1.760
10 Feb 2021,1.792,1.789
11 Feb 2021,1.605,1.770
12 Feb 2021,1.584,1.748
13 Feb 2021,1.655,1.755
14 Feb 2021,1.632,1.738
15 Feb 2021,1.435,1.658
16 Feb 2021,1.431,1.591
17 Feb 2021,1.443,1.541
18 Feb 2021,1.515,1.528
19 Feb 2021,1.491,1.515
20 Feb 2021,1.409,1.480
21 Feb 2021,1.429,1.451
22 Feb 2021,1.384,1.443
23 Feb 2021,1.407,1.440
24 Feb 2021,1.366,1.429
25 Feb 2021,1.382,1.410
26 Feb 2021,1.396,1.396
27 Feb 2021,1.410,1.396
28 Feb 2021,1.439,1.398
1 Mar 2021,1.512,1.416
2 Mar 2021,1.514,1.431
3 Mar 2021,1.550,1.458
4 Mar 2021,1.532,1.479
5 Mar 2021,1.538,1.499
6 Mar 2021,1.540,1.518
7 Mar 2021,1.566,1.536
8 Mar 2021,1.543,1.540
9 Mar 2021,1.488,1.537
10 Mar 2021,1.584,1.541
11 Mar 2021,1.592,1.550
12 Mar 2021,1.624,1.562
13 Mar 2021,1.625,1.574
14 Mar 2021,1.610,1.581
15 Mar 2021,1.512,1.576
16 Mar 2021,1.455,1.572
17 Mar 2021,1.575,1.570
18 Mar 2021,1.485,1.555
19 Mar 2021,1.468,1.533
20 Mar 2021,1.423,1.504
21 Mar 2021,1.498,1.488
22 Mar 2021,1.531,1.490
23 Mar 2021,1.514,1.499
24 Mar 2021,1.570,1.498
25 Mar 2021,1.545,1.507
26 Mar 2021,1.602,1.526
27 Mar 2021,1.642,1.557
28 Mar 2021,1.645,1.578
29 Mar 2021,1.536,1.579
30 Mar 2021,1.567,1.587
31 Mar 2021,1.589,1.589
1 Apr 2021,1.745,1.618
2 Apr 2021,1.693,1.631
3 Apr 2021,1.721,1.642
4 Apr 2021,1.603,1.636
5 Apr 2021,1.659,1.654
6 Apr 2021,1.834,1.692
7 Apr 2021,1.988,1.749
8 Apr 2021,1.758,1.751
9 Apr 2021,1.739,1.758
10 Apr 2021,1.789,1.767
11 Apr 2021,1.806,1.796
12 Apr 2021,1.949,1.838
13 Apr 2021,1.910,1.848
14 Apr 2021,1.883,1.833
15 Apr 2021,1.948,1.861
16 Apr 2021,1.902,1.884
17 Apr 2021,1.853,1.893
18 Apr 2021,1.884,1.904
19 Apr 2021,1.873,1.893
20 Apr 2021,1.915,1.894
21 Apr 2021,1.874,1.893
22 Apr 2021,1.889,1.884
23 Apr 2021,1.808,1.871
24 Apr 2021,1.761,1.858
25 Apr 2021,1.820,1.848
26 Apr 2021,1.831,1.843
27 Apr 2021,2.008,1.856
28 Apr 2021,2.026,1.878
29 Apr 2021,2.086,1.906
30 Apr 2021,2.201,1.962
1 May 2021,2.213,2.026
2 May 2021,2.177,2.077
3 May 2021,2.189,2.128
4 May 2021,2.223,2.159
5 May 2021,2.229,2.188
6 May 2021,2.374,2.229
7 May 2021,2.188,2.227
8 May 2021,2.303,2.240
9 May 2021,2.221,2.247
10 May 2021,2.196,2.248
11 May 2021,2.242,2.250
12 May 2021,2.277,2.257
13 May 2021,2.360,2.255
14 May 2021,2.426,2.289
15 May 2021,2.353,2.296
16 May 2021,2.317,2.310
17 May 2021,2.325,2.329
18 May 2021,2.177,2.319
19 May 2021,2.034,2.285
20 May 2021,2.188,2.260
21 May 2021,2.304,2.242
22 May 2021,2.271,2.231
23 May 2021,2.245,2.220
24 May 2021,2.217,2.205
25 May 2021,2.428,2.241
26 May 2021,2.426,2.297
27 May 2021,2.232,2.303
28 May 2021,2.165,2.283
29 May 2021,2.244,2.280
30 May 2021,2.220,2.276
31 May 2021,2.159,2.268
1 Jun 2021,2.187,2.233
2 Jun 2021,2.176,2.198
3 Jun 2021,2.246,2.200
4 Jun 2021,2.181,2.202
5 Jun 2021,2.130,2.185
6 Jun 2021,2.156,2.176
7 Jun 2021,2.182,2.180
8 Jun 2021,2.282,2.193
9 Jun 2021,2.315,2.213
10 Jun 2021,2.357,2.229
11 Jun 2021,2.335,2.251
12 Jun 2021,2.379,2.286
13 Jun 2021,2.359,2.315
14 Jun 2021,2.423,2.350
15 Jun 2021,2.350,2.360
16 Jun 2021,2.402,2.372
17 Jun 2021,2.406,2.379
18 Jun 2021,2.533,2.407
19 Jun 2021,2.566,2.434
20 Jun 2021,2.579,2.465
21 Jun 2021,2.575,2.487
22 Jun 2021,2.656,2.531
23 Jun 2021,2.764,2.583
24 Jun 2021,2.742,2.631
25 Jun 2021,2.850,2.676
26 Jun 2021,2.845,2.716
27 Jun 2021,2.759,2.742
28 Jun 2021,2.751,2.767
29 Jun 2021,2.850,2.794
30 Jun 2021,3.051,2.836
1 Jul 2021,3.161,2.895
2 Jul 2021,3.124,2.935
3 Jul 2021,3.018,2.959
4 Jul 2021,2.979,2.991
5 Jul 2021,3.151,3.048
6 Jul 2021,2.856,3.049
7 Jul 2021,2.817,3.015
8 Jul 2021,2.871,2.974
9 Jul 2021,3.086,2.968
10 Jul 2021,3.097,2.979
11 Jul 2021,3.039,2.988
12 Jul 2021,2.920,2.955
13 Jul 2021,3.000,2.976
14 Jul 2021,2.820,2.976
15 Jul 2021,2.826,2.970
16 Jul 2021,2.981,2.955
17 Jul 2021,2.988,2.939
18 Jul 2021,2.981,2.931
19 Jul 2021,3.059,2.951
20 Jul 2021,3.072,2.961
21 Jul 2021,3.082,2.998
22 Jul 2021,3.100,3.037
23 Jul 2021,3.025,3.044
24 Jul 2021,3.050,3.053
25 Jul 2021,3.089,3.068
26 Jul 2021,3.226,3.092
27 Jul 2021,3.338,3.130
28 Jul 2021,3.452,3.183
29 Jul 2021,3.575,3.251
30 Jul 2021,3.516,3.321
31 Jul 2021,3.498,3.385
1 Aug 2021,3.524,3.447
2 Aug 2021,3.645,3.507
3 Aug 2021,3.575,3.541
4 Aug 2021,3.656,3.570
5 Aug 2021,3.566,3.568
6 Aug 2021,3.588,3.579
7 Aug 2021,3.570,3.589
8 Aug 2021,3.589,3.598
9 Aug 2021,3.720,3.609
10 Aug 2021,3.742,3.633
11 Aug 2021,3.820,3.656
12 Aug 2021,3.742,3.682
13 Aug 2021,3.638,3.689
14 Aug 2021,3.733,3.712
15 Aug 2021,3.724,3.731
16 Aug 2021,3.870,3.753
17 Aug 2021,3.928,3.779
18 Aug 2021,3.838,3.782
19 Aug 2021,3.390,3.732
20 Aug 2021,3.545,3.718
21 Aug 2021,3.564,3.694
22 Aug 2021,3.573,3.673
23 Aug 2021,3.610,3.635
24 Aug 2021,3.790,3.616
25 Aug 2021,3.826,3.614
26 Aug 2021,3.864,3.682
27 Aug 2021,4.005,3.747
28 Aug 2021,3.997,3.809
29 Aug 2021,3.945,3.862
30 Aug 2021,4.105,3.933
31 Aug 2021,4.268,4.001
1 Sep 2021,4.305,4.070
2 Sep 2021,4.433,4.151
3 Sep 2021,4.439,4.213
4 Sep 2021,4.449,4.278
5 Sep 2021,4.356,4.336
6 Sep 2021,4.481,4.390
7 Sep 2021,4.533,4.428
8 Sep 2021,4.703,4.485
9 Sep 2021,4.820,4.540
10 Sep 2021,4.756,4.585
11 Sep 2021,4.762,4.630
12 Sep 2021,4.825,4.697
13 Sep 2021,5.170,4.796
14 Sep 2021,5.709,4.964
15 Sep 2021,5.292,5.048
16 Sep 2021,4.978,5.070
17 Sep 2021,5.403,5.163
18 Sep 2021,5.396,5.253
19 Sep 2021,5.382,5.333
20 Sep 2021,6.109,5.467
21 Sep 2021,6.037,5.514
22 Sep 2021,5.849,5.593
23 Sep 2021,5.749,5.704
24 Sep 2021,5.383,5.701
25 Sep 2021,5.032,5.649
26 Sep 2021,4.483,5.520
27 Sep 2021,5.105,5.377
28 Sep 2021,5.629,5.318
29 Sep 2021,5.931,5.330
30 Sep 2021,6.978,5.506
1 Oct 2021,6.475,5.662
2 Oct 2021,5.895,5.785
3 Oct 2021,6.309,6.046
4 Oct 2021,7.339,6.365
5 Oct 2021,8.994,6.846
6 Oct 2021,9.131,7.303
7 Oct 2021,8.165,7.472
8 Oct 2021,6.840,7.525
9 Oct 2021,7.170,7.707
10 Oct 2021,7.185,7.832
11 Oct 2021,7.081,7.795
12 Oct 2021,7.048,7.517
13 Oct 2021,7.312,7.257
14 Oct 2021,7.740,7.197
15 Oct 2021,7.112,7.236
16 Oct 2021,7.353,7.262
17 Oct 2021,7.112,7.251
18 Oct 2021,7.263,7.277
19 Oct 2021,6.942,7.262
20 Oct 2021,7.201,7.246
21 Oct 2021,7.180,7.166
22 Oct 2021,7.101,7.164
23 Oct 2021,7.249,7.150
24 Oct 2021,7.086,7.146
25 Oct 2021,6.990,7.107
26 Oct 2021,7.195,7.143
27 Oct 2021,6.818,7.088
28 Oct 2021,6.515,6.993
29 Oct 2021,5.421,6.753
30 Oct 2021,5.066,6.442
31 Oct 2021,5.068,6.153
1 Nov 2021,5.310,5.913
2 Nov 2021,5.701,5.700
3 Nov 2021,6.152,5.605
4 Nov 2021,6.170,5.555
5 Nov 2021,6.106,5.653
6 Nov 2021,5.684,5.741
7 Nov 2021,5.832,5.851
8 Nov 2021,6.259,5.986
9 Nov 2021,5.842,6.006
10 Nov 2021,5.591,5.926
11 Nov 2021,5.915,5.890
12 Nov 2021,5.976,5.871
13 Nov 2021,6.185,5.943
14 Nov 2021,6.103,5.981
15 Nov 2021,6.691,6.043
16 Nov 2021,7.215,6.239
17 Nov 2021,7.425,6.501
18 Nov 2021,7.466,6.723
19 Nov 2021,7.048,6.876
20 Nov 2021,6.769,6.959
21 Nov 2021,7.360,7.139
22 Nov 2021,7.290,7.225
23 Nov 2021,7.766,7.303
24 Nov 2021,7.825,7.361
25 Nov 2021,7.290,7.335
26 Nov 2021,7.447,7.392
27 Nov 2021,7.615,7.513
28 Nov 2021,7.753,7.569
29 Nov 2021,8.146,7.692
30 Nov 2021,7.655,7.676
1 Dec 2021,8.080,7.712
2 Dec 2021,8.008,7.815
3 Dec 2021,7.768,7.861
4 Dec 2021,7.322,7.819
5 Dec 2021,7.503,7.783
6 Dec 2021,7.711,7.721
7 Dec 2021,8.263,7.808
8 Dec 2021,8.750,7.903
9 Dec 2021,8.574,7.984
10 Dec 2021,8.823,8.135
11 Dec 2021,9.064,8.384
12 Dec 2021,8.769,8.565
13 Dec 2021,9.623,8.838
14 Dec 2021,10.088,9.099
15 Dec 2021,10.498,9.348
16 Dec 2021,11.398,9.752
17 Dec 2021,11.467,10.130
18 Dec 2021,11.644,10.498
19 Dec 2021,13.001,11.103
20 Dec 2021,13.047,11.592
21 Dec 2021,14.223,12.183
22 Dec 2021,14.504,12.755
23 Dec 2021,11.269,12.737
24 Dec 2021,7.273,12.137
25 Dec 2021,6.986,11.472
26 Dec 2021,6.906,10.601
27 Dec 2021,7.143,9.758
28 Dec 2021,7.458,8.791
29 Dec 2021,7.156,7.742
30 Dec 2021,6.441,7.052
31 Dec 2021,4.867,6.708
1 Jan 2022,1.522,5.928
2 Jan 2022,2.081,5.238
3 Jan 2022,5.338,4.980
4 Jan 2022,6.314,4.817
5 Jan 2022,7.636,4.886
6 Jan 2022,7.837,5.085
7 Jan 2022,6.857,5.369
8 Jan 2022,6.558,6.089
9 Jan 2022,7.047,6.798
10 Jan 2022,7.052,7.043
11 Jan 2022,6.589,7.082
12 Jan 2022,6.234,6.882
13 Jan 2022,6.469,6.687
14 Jan 2022,6.913,6.695
15 Jan 2022,7.346,6.807
16 Jan 2022,7.308,6.844
17 Jan 2022,6.919,6.825
18 Jan 2022,6.726,6.845
19 Jan 2022,6.071,6.822
20 Jan 2022,6.199,6.783
21 Jan 2022,6.361,6.704
22 Jan 2022,6.358,6.563
23 Jan 2022,6.464,6.442
24 Jan 2022,7.497,6.525
25 Jan 2022,7.628,6.654
26 Jan 2022,7.311,6.831
27 Jan 2022,7.452,7.010
28 Jan 2022,7.512,7.175
29 Jan 2022,7.531,7.342
30 Jan 2022,7.645,7.511
31 Jan 2022,7.108,7.455
1 Feb 2022,6.056,7.231
2 Feb 2022,5.900,7.029
3 Feb 2022,6.050,6.829
4 Feb 2022,6.318,6.658
5 Feb 2022,6.577,6.522
6 Feb 2022,6.387,6.342
7 Feb 2022,6.442,6.247
8 Feb 2022,6.258,6.276
9 Feb 2022,6.217,6.321
10 Feb 2022,6.091,6.327
11 Feb 2022,6.103,6.296
12 Feb 2022,6.231,6.247
13 Feb 2022,6.301,6.235
14 Feb 2022,6.393,6.228
15 Feb 2022,5.602,6.134
16 Feb 2022,5.518,6.034
17 Feb 2022,5.755,5.986
18 Feb 2022,5.918,5.959
19 Feb 2022,6.514,6.000
20 Feb 2022,6.171,5.981
21 Feb 2022,6.046,5.932
22 Feb 2022,6.130,6.007
23 Feb 2022,6.750,6.183
24 Feb 2022,8.771,6.614
25 Feb 2022,7.247,6.804
26 Feb 2022,8.021,7.019
27 Feb 2022,8.178,7.306
28 Feb 2022,8.389,7.641
1 Mar 2022,9.540,8.128
2 Mar 2022,12.420,8.938
3 Mar 2022,13.121,9.559
4 Mar 2022,14.641,10.616
5 Mar 2022,15.438,11.675
6 Mar 2022,15.528,12.725
7 Mar 2022,17.248,13.991
8 Mar 2022,17.112,15.072
9 Mar 2022,13.994,15.297
10 Mar 2022,11.083,15.006
11 Mar 2022,10.554,14.422
12 Mar 2022,8.805,13.475
13 Mar 2022,9.273,12.581
14 Mar 2022,8.717,11.363
15 Mar 2022,9.123,10.221
16 Mar 2022,8.593,9.450
17 Mar 2022,8.074,9.020
18 Mar 2022,7.702,8.612
19 Mar 2022,6.013,8.214
20 Mar 2022,7.346,7.938
21 Mar 2022,7.555,7.772
22 Mar 2022,7.416,7.528
23 Mar 2022,7.864,7.424
24 Mar 2022,8.499,7.485
25 Mar 2022,7.953,7.521
26 Mar 2022,6.956,7.656
27 Mar 2022,7.486,7.676
28 Mar 2022,8.104,7.754
29 Mar 2022,8.711,7.939
30 Mar 2022,9.297,8.144
31 Mar 2022,9.822,8.333
1 Apr 2022,9.716,8.585
2 Apr 2022,9.457,8.942
3 Apr 2022,8.238,9.049
4 Apr 2022,8.075,9.045
5 Apr 2022,7.820,8.918
6 Apr 2022,7.924,8.722
7 Apr 2022,7.949,8.454
8 Apr 2022,8.084,8.221
9 Apr 2022,8.312,8.058
10 Apr 2022,7.641,7.972
11 Apr 2022,7.204,7.848
12 Apr 2022,7.272,7.770
13 Apr 2022,6.816,7.611
14 Apr 2022,5.329,7.237
15 Apr 2022,6.177,6.965
16 Apr 2022,3.778,6.317
17 Apr 2022,2.930,5.644
18 Apr 2022,5.253,5.365
19 Apr 2022,5.576,5.123
20 Apr 2022,5.126,4.881
21 Apr 2022,4.848,4.812
22 Apr 2022,4.723,4.605
23 Apr 2022,5.876,4.904
24 Apr 2022,6.334,5.391
25 Apr 2022,4.883,5.338
26 Apr 2022,5.047,5.262
27 Apr 2022,4.832,5.220
28 Apr 2022,4.453,5.164
29 Apr 2022,3.754,5.025
30 Apr 2022,2.674,4.568
1 May 2022,3.513,4.165
2 May 2022,4.359,4.090
3 May 2022,4.431,4.002
4 May 2022,3.925,3.873
5 May 2022,3.842,3.785
6 May 2022,2.889,3.662
7 May 2022,4.684,3.949
8 May 2022,3.763,3.984
9 May 2022,2.045,3.654
10 May 2022,0.741,3.127
11 May 2022,1.385,2.764
12 May 2022,1.746,2.465
13 May 2022,2.144,2.358
14 May 2022,3.094,2.131
15 May 2022,2.911,2.009
16 May 2022,3.990,2.287
17 May 2022,3.421,2.670
18 May 2022,1.955,2.752
19 May 2022,2.764,2.897
20 May 2022,2.693,2.975
21 May 2022,3.353,3.012
22 May 2022,4.173,3.193
23 May 2022,4.401,3.251
24 May 2022,4.122,3.352
25 May 2022,3.515,3.574
26 May 2022,3.101,3.623
27 May 2022,4.496,3.880
28 May 2022,5.395,4.172
29 May 2022,5.275,4.329
30 May 2022,5.432,4.477
31 May 2022,5.022,4.605
1 Jun 2022,3.881,4.657
2 Jun 2022,3.985,4.784
3 Jun 2022,4.232,4.746
4 Jun 2022,4.268,4.585
5 Jun 2022,4.760,4.511
6 Jun 2022,4.768,4.416
7 Jun 2022,4.340,4.319
8 Jun 2022,3.563,4.274
9 Jun 2022,1.463,3.913
10 Jun 2022,0.430,3.370
11 Jun 2022,3.795,3.303
12 Jun 2022,4.776,3.305
13 Jun 2022,4.993,3.337
14 Jun 2022,5.546,3.509
15 Jun 2022,6.867,3.982
16 Jun 2022,5.102,4.501
17 Jun 2022,4.832,5.130
18 Jun 2022,5.741,5.408
19 Jun 2022,6.244,5.618
20 Jun 2022,5.872,5.743
21 Jun 2022,6.440,5.871
22 Jun 2022,6.581,5.830
23 Jun 2022,6.472,6.026
24 Jun 2022,5.655,6.144
25 Jun 2022,4.862,6.018
26 Jun 2022,4.090,5.710
27 Jun 2022,4.633,5.533
28 Jun 2022,5.419,5.387
29 Jun 2022,5.697,5.261
30 Jun 2022,5.511,5.124
1 Jul 2022,5.437,5.093
2 Jul 2022,5.779,5.224
3 Jul 2022,5.821,5.471
4 Jul 2022,6.927,5.799
5 Jul 2022,8.093,6.181
6 Jul 2022,6.455,6.289
7 Jul 2022,7.172,6.526
8 Jul 2022,7.013,6.751
9 Jul 2022,6.997,6.925
10 Jul 2022,7.306,7.138
11 Jul 2022,7.702,7.248
12 Jul 2022,8.504,7.307
13 Jul 2022,9.300,7.713
14 Jul 2022,7.717,7.791
15 Jul 2022,6.409,7.705
16 Jul 2022,5.555,7.499
17 Jul 2022,5.358,7.221
18 Jul 2022,6.230,7.010
19 Jul 2022,6.392,6.709
20 Jul 2022,7.351,6.430
21 Jul 2022,8.609,6.558
22 Jul 2022,9.635,7.018
23 Jul 2022,8.753,7.475
24 Jul 2022,7.614,7.798
25 Jul 2022,8.516,8.124
26 Jul 2022,10.473,8.707
27 Jul 2022,11.477,9.297
28 Jul 2022,11.430,9.700
29 Jul 2022,10.148,9.773
30 Jul 2022,9.138,9.828
31 Jul 2022,9.475,10.094
1 Aug 2022,9.623,10.252
2 Aug 2022,8.545,9.977
3 Aug 2022,9.799,9.737
4 Aug 2022,9.428,9.451
5 Aug 2022,9.648,9.379
6 Aug 2022,8.308,9.261
7 Aug 2022,9.114,9.209
8 Aug 2022,9.864,9.244
9 Aug 2022,9.755,9.417
10 Aug 2022,10.212,9.476
11 Aug 2022,10.529,9.633
12 Aug 2022,11.965,9.964
13 Aug 2022,12.330,10.538
14 Aug 2022,12.372,11.004
15 Aug 2022,12.630,11.399
16 Aug 2022,12.846,11.840
17 Aug 2022,13.035,12.244
18 Aug 2022,12.854,12.576
19 Aug 2022,12.627,12.671
20 Aug 2022,12.389,12.679
21 Aug 2022,13.355,12.820
22 Aug 2022,15.213,13.189
23 Aug 2022,15.800,13.611
24 Aug 2022,16.954,14.170
25 Aug 2022,17.897,14.891
26 Aug 2022,18.325,15.705
27 Aug 2022,17.762,16.472
28 Aug 2022,18.505,17.208
29 Aug 2022,19.389,17.804
30 Aug 2022,16.253,17.869
31 Aug 2022,12.039,17.167
1 Sep 2022,11.895,16.310
2 Sep 2022,9.750,15.085
3 Sep 2022,8.970,13.829
4 Sep 2022,9.963,12.608
5 Sep 2022,9.744,11.230
6 Sep 2022,7.148,9.930
7 Sep 2022,6.438,9.130
8 Sep 2022,9.962,8.854
9 Sep 2022,11.461,9.098
10 Sep 2022,12.126,9.549
11 Sep 2022,12.076,9.851
12 Sep 2022,11.527,10.105
13 Sep 2022,11.783,10.768
14 Sep 2022,12.707,11.663
15 Sep 2022,11.100,11.826
16 Sep 2022,8.804,11.446
17 Sep 2022,7.790,10.827
18 Sep 2022,8.505,10.317
19 Sep 2022,8.859,9.936
20 Sep 2022,8.980,9.535
21 Sep 2022,8.031,8.867
22 Sep 2022,8.865,8.548
23 Sep 2022,8.006,8.434
24 Sep 2022,8.059,8.472
25 Sep 2022,6.937,8.248
26 Sep 2022,6.139,7.860
27 Sep 2022,7.202,7.606
28 Sep 2022,7.470,7.526
29 Sep 2022,7.538,7.336
30 Sep 2022,6.897,7.177
1 Oct 2022,7.314,7.071
2 Oct 2022,8.153,7.245
3 Oct 2022,6.958,7.362
4 Oct 2022,4.469,6.971
5 Oct 2022,4.358,6.527
6 Oct 2022,5.284,6.205
7 Oct 2022,5.798,6.048
8 Oct 2022,5.011,5.719
9 Oct 2022,5.406,5.326
10 Oct 2022,5.590,5.131
11 Oct 2022,5.884,5.333
12 Oct 2022,6.133,5.587
13 Oct 2022,5.725,5.650
14 Oct 2022,4.288,5.434
15 Oct 2022,3.713,5.248
16 Oct 2022,3.323,4.951
17 Oct 2022,2.084,4.450
18 Oct 2022,0.825,3.727
19 Oct 2022,1.114,3.010
20 Oct 2022,2.758,2.586
21 Oct 2022,2.900,2.388
22 Oct 2022,1.536,2.077
23 Oct 2022,0.912,1.733
24 Oct 2022,1.247,1.613
25 Oct 2022,1.224,1.670
26 Oct 2022,1.514,1.727
27 Oct 2022,1.975,1.615
28 Oct 2022,2.178,1.512
29 Oct 2022,2.604,1.665
30 Oct 2022,3.262,2.001
31 Oct 2022,2.912,2.238
1 Nov 2022,1.862,2.330
2 Nov 2022,3.847,2.663
3 Nov 2022,4.587,3.036
4 Nov 2022,4.310,3.340
5 Nov 2022,3.639,3.488
6 Nov 2022,3.028,3.455
7 Nov 2022,2.691,3.423
8 Nov 2022,3.295,3.628
9 Nov 2022,3.358,3.558
10 Nov 2022,3.214,3.362
11 Nov 2022,3.105,3.190
12 Nov 2022,3.506,3.171
13 Nov 2022,3.896,3.295
14 Nov 2022,3.413,3.398
15 Nov 2022,3.682,3.453
16 Nov 2022,2.868,3.383
17 Nov 2022,2.861,3.333
18 Nov 2022,3.435,3.380
19 Nov 2022,2.576,3.247
20 Nov 2022,3.067,3.129
21 Nov 2022,3.466,3.137
22 Nov 2022,4.154,3.204
23 Nov 2022,4.361,3.417
24 Nov 2022,4.917,3.711
25 Nov 2022,5.207,3.964
26 Nov 2022,5.123,4.328
27 Nov 2022,6.405,4.805
28 Nov 2022,8.325,5.499
29 Nov 2022,11.102,6.491
30 Nov 2022,11.554,7.519
1 Dec 2022,11.912,8.518
2 Dec 2022,11.361,9.397
3 Dec 2022,11.125,10.255
4 Dec 2022,11.603,10.997
5 Dec 2022,11.525,11.455
6 Dec 2022,11.656,11.534
7 Dec 2022,12.660,11.692
8 Dec 2022,12.600,11.790
9 Dec 2022,12.593,11.966
10 Dec 2022,12.161,12.114
11 Dec 2022,13.077,12.325
12 Dec 2022,12.348,12.442
13 Dec 2022,12.112,12.507
14 Dec 2022,11.851,12.392
15 Dec 2022,11.554,12.242
16 Dec 2022,9.982,11.869
17 Dec 2022,9.630,11.508
18 Dec 2022,9.187,10.952
19 Dec 2022,8.393,10.387
20 Dec 2022,7.591,9.741
21 Dec 2022,7.553,9.127
22 Dec 2022,7.044,8.483
23 Dec 2022,6.107,7.929
24 Dec 2022,6.033,7.415
25 Dec 2022,5.705,6.918
26 Dec 2022,6.262,6.614
27 Dec 2022,6.463,6.452
28 Dec 2022,5.837,6.207
29 Dec 2022,5.710,6.017
30 Dec 2022,5.835,5.978
31 Dec 2022,5.909,5.960
1 Jan 2023,5.776,5.970
2 Jan 2023,5.998,5.933
3 Jan 2023,5.690,5.822
4 Jan 2023,5.075,5.713
5 Jan 2023,5.084,5.624
6 Jan 2023,5.178,5.530
7 Jan 2023,5.653,5.493
8 Jan 2023,5.858,5.505
9 Jan 2023,5.813,5.479
10 Jan 2023,5.621,5.469
11 Jan 2023,5.486,5.528
12 Jan 2023,5.665,5.611
13 Jan 2023,5.529,5.661
14 Jan 2023,5.477,5.635
15 Jan 2023,5.659,5.607
16 Jan 2023,5.296,5.533
17 Jan 2023,5.186,5.471
18 Jan 2023,5.302,5.445
19 Jan 2023,5.327,5.396
20 Jan 2023,5.473,5.388
21 Jan 2023,5.698,5.420
22 Jan 2023,6.157,5.491
23 Jan 2023,5.881,5.575
24 Jan 2023,5.144,5.569
25 Jan 2023,5.156,5.548
26 Jan 2023,4.991,5.500
27 Jan 2023,5.144,5.453
28 Jan 2023,4.863,5.333
29 Jan 2023,4.685,5.123
30 Jan 2023,4.819,4.972
31 Jan 2023,5.017,4.954
1 Feb 2023,5.265,4.969
2 Feb 2023,5.037,4.976
3 Feb 2023,5.111,4.971
4 Feb 2023,5.302,5.034
5 Feb 2023,5.540,5.156
6 Feb 2023,5.347,5.231
7 Feb 2023,4.965,5.224
8 Feb 2023,4.730,5.147
9 Feb 2023,4.650,5.092
10 Feb 2023,4.805,5.048
11 Feb 2023,4.658,4.956
12 Feb 2023,4.556,4.816
13 Feb 2023,4.483,4.692
14 Feb 2023,4.565,4.635
15 Feb 2023,4.671,4.627
16 Feb 2023,4.405,4.592
17 Feb 2023,4.114,4.493
18 Feb 2023,4.052,4.407
19 Feb 2023,4.028,4.331
20 Feb 2023,4.108,4.277
21 Feb 2023,4.346,4.246
22 Feb 2023,4.226,4.183
23 Feb 2023,4.458,4.190
24 Feb 2023,4.579,4.257
25 Feb 2023,4.445,4.313
26 Feb 2023,4.452,4.374
27 Feb 2023,4.258,4.395
28 Feb 2023,4.144,4.366
1 Mar 2023,4.251,4.370
2 Mar 2023,4.326,4.351
3 Mar 2023,4.222,4.300
4 Mar 2023,4.325,4.283
5 Mar 2023,4.330,4.265
6 Mar 2023,4.024,4.232
7 Mar 2023,4.145,4.232
8 Mar 2023,4.082,4.208
9 Mar 2023,4.001,4.161
10 Mar 2023,4.408,4.188
11 Mar 2023,4.583,4.225
12 Mar 2023,4.364,4.229
13 Mar 2023,4.259,4.263
14 Mar 2023,3.913,4.230
15 Mar 2023,3.868,4.199
16 Mar 2023,3.670,4.152
17 Mar 2023,3.556,4.030
18 Mar 2023,3.518,3.878
19 Mar 2023,3.535,3.760
20 Mar 2023,3.364,3.632
21 Mar 2023,3.267,3.540
22 Mar 2023,3.236,3.449
23 Mar 2023,3.455,3.419
24 Mar 2023,3.552,3.418
25 Mar 2023,3.603,3.430
26 Mar 2023,3.681,3.451
27 Mar 2023,3.437,3.462
28 Mar 2023,3.608,3.510
29 Mar 2023,3.578,3.559
30 Mar 2023,3.520,3.568
31 Mar 2023,3.872,3.614
1 Apr 2023,3.954,3.664
2 Apr 2023,3.933,3.700
3 Apr 2023,4.033,3.785
4 Apr 2023,3.861,3.821
5 Apr 2023,3.852,3.861
6 Apr 2023,3.422,3.847
7 Apr 2023,3.484,3.791
8 Apr 2023,3.425,3.716
9 Apr 2023,3.421,3.642
10 Apr 2023,3.277,3.535
11 Apr 2023,3.414,3.471
12 Apr 2023,3.513,3.422
13 Apr 2023,3.419,3.422
14 Apr 2023,3.419,3.413
15 Apr 2023,3.335,3.400
16 Apr 2023,3.426,3.400
17 Apr 2023,3.414,3.420
18 Apr 2023,3.417,3.420
19 Apr 2023,3.111,3.363
20 Apr 2023,3.271,3.342
21 Apr 2023,3.342,3.331
22 Apr 2023,3.370,3.336
23 Apr 2023,3.390,3.331
24 Apr 2023,3.306,3.315
25 Apr 2023,3.282,3.296
26 Apr 2023,3.161,3.303
27 Apr 2023,3.199,3.293
28 Apr 2023,3.100,3.258
29 Apr 2023,3.043,3.211
30 Apr 2023,2.956,3.150
1 May 2023,3.049,3.113
2 May 2023,3.045,3.079
3 May 2023,2.899,3.042
4 May 2023,2.828,2.989
5 May 2023,2.846,2.952
6 May 2023,3.024,2.950
7 May 2023,2.915,2.944
8 May 2023,3.011,2.938
9 May 2023,3.007,2.933
10 May 2023,2.851,2.926
11 May 2023,2.831,2.927
12 May 2023,2.703,2.906
13 May 2023,2.706,2.861
14 May 2023,2.657,2.824
15 May 2023,2.480,2.748
16 May 2023,2.512,2.677
17 May 2023,2.436,2.618
18 May 2023,2.263,2.537
19 May 2023,2.183,2.463
20 May 2023,2.281,2.402
21 May 2023,2.200,2.336
22 May 2023,2.201,2.297
23 May 2023,2.295,2.266
24 May 2023,2.256,2.240
25 May 2023,2.102,2.217
26 May 2023,1.989,2.189
27 May 2023,2.134,2.168
28 May 2023,2.091,2.153
29 May 2023,2.094,2.137
30 May 2023,2.076,2.106
31 May 2023,2.166,2.093
1 Jun 2023,2.040,2.084
2 Jun 2023,1.944,2.078
3 Jun 2023,1.923,2.048
4 Jun 2023,2.009,2.036
5 Jun 2023,2.304,2.066
6 Jun 2023,2.280,2.095
7 Jun 2023,2.232,2.105
8 Jun 2023,2.217,2.130
9 Jun 2023,2.599,2.224
10 Jun 2023,2.774,2.345
11 Jun 2023,2.877,2.469
12 Jun 2023,2.773,2.536
13 Jun 2023,2.878,2.621
14 Jun 2023,3.226,2.763
15 Jun 2023,3.506,2.948
16 Jun 2023,2.959,2.999
17 Jun 2023,2.945,3.023
18 Jun 2023,2.912,3.028
19 Jun 2023,2.927,3.050
20 Jun 2023,3.260,3.105
21 Jun 2023,3.258,3.109
22 Jun 2023,2.992,3.036
23 Jun 2023,2.846,3.020
24 Jun 2023,2.950,3.021
25 Jun 2023,2.994,3.032
26 Jun 2023,2.926,3.032
27 Jun 2023,2.917,2.983
28 Jun 2023,2.898,2.932
29 Jun 2023,2.879,2.916
30 Jun 2023,3.005,2.938
1 Jul 2023,3.251,2.981
2 Jul 2023,3.273,3.021
3 Jul 2023,3.071,3.042
4 Jul 2023,2.929,3.044
5 Jul 2023,2.875,3.040
6 Jul 2023,2.646,3.007
7 Jul 2023,2.722,2.967
8 Jul 2023,2.766,2.897
9 Jul 2023,2.794,2.829
10 Jul 2023,2.614,2.764
11 Jul 2023,2.493,2.701
12 Jul 2023,2.273,2.616
13 Jul 2023,2.188,2.550
14 Jul 2023,2.179,2.472
15 Jul 2023,2.018,2.365
16 Jul 2023,1.974,2.248
17 Jul 2023,2.030,2.165
18 Jul 2023,2.273,2.133
19 Jul 2023,2.312,2.139
20 Jul 2023,2.382,2.167
21 Jul 2023,2.435,2.203
22 Jul 2023,2.386,2.256
23 Jul 2023,2.296,2.302
24 Jul 2023,2.448,2.361
25 Jul 2023,2.731,2.427
26 Jul 2023,2.521,2.457
27 Jul 2023,2.380,2.457
28 Jul 2023,2.185,2.421
29 Jul 2023,2.057,2.374
30 Jul 2023,2.045,2.338
31 Jul 2023,2.105,2.289
1 Aug 2023,2.266,2.223
2 Aug 2023,2.329,2.195
3 Aug 2023,2.556,2.221
4 Aug 2023,2.486,2.263
5 Aug 2023,2.420,2.315
6 Aug 2023,2.401,2.366
7 Aug 2023,2.403,2.409
8 Aug 2023,2.453,2.435
9 Aug 2023,2.985,2.529
10 Aug 2023,2.946,2.585
11 Aug 2023,2.789,2.628
12 Aug 2023,2.795,2.682
13 Aug 2023,2.908,2.754
14 Aug 2023,2.816,2.813
15 Aug 2023,3.061,2.900
16 Aug 2023,3.019,2.905
17 Aug 2023,2.887,2.896
18 Aug 2023,2.917,2.915
19 Aug 2023,3.070,2.954
20 Aug 2023,3.307,3.011
21 Aug 2023,3.335,3.085
22 Aug 2023,3.600,3.162
23 Aug 2023,3.280,3.200
24 Aug 2023,2.866,3.196
25 Aug 2023,2.889,3.192
26 Aug 2023,2.972,3.178
27 Aug 2023,2.920,3.123
28 Aug 2023,3.179,3.101
29 Aug 2023,3.124,3.033
30 Aug 2023,3.079,3.004
31 Aug 2023,2.944,3.015
1 Sep 2023,3.016,3.033
2 Sep 2023,3.069,3.047
3 Sep 2023,3.049,3.066
4 Sep 2023,2.820,3.014
5 Sep 2023,2.761,2.963
6 Sep 2023,2.687,2.906
7 Sep 2023,2.680,2.869
8 Sep 2023,2.840,2.844
9 Sep 2023,3.092,2.847
10 Sep 2023,3.156,2.862
11 Sep 2023,3.186,2.915
12 Sep 2023,3.015,2.951
13 Sep 2023,3.162,3.019
14 Sep 2023,3.158,3.087
15 Sep 2023,3.173,3.135
16 Sep 2023,3.250,3.157
17 Sep 2023,3.222,3.167
18 Sep 2023,3.038,3.146
19 Sep 2023,3.198,3.172
20 Sep 2023,3.203,3.177
21 Sep 2023,3.324,3.201
22 Sep 2023,3.491,3.246
23 Sep 2023,3.476,3.279
24 Sep 2023,3.471,3.314
25 Sep 2023,3.576,3.391
26 Sep 2023,3.376,3.417
27 Sep 2023,3.480,3.456
28 Sep 2023,3.476,3.478
29 Sep 2023,3.363,3.460
30 Sep 2023,3.364,3.444
1 Oct 2023,3.346,3.426
2 Oct 2023,2.977,3.340
3 Oct 2023,2.535,3.220
4 Oct 2023,2.582,3.092
5 Oct 2023,2.302,2.924
6 Oct 2023,2.703,2.830
7 Oct 2023,2.866,2.759
8 Oct 2023,2.987,2.707
9 Oct 2023,3.112,2.727
10 Oct 2023,3.696,2.893
11 Oct 2023,3.881,3.078
12 Oct 2023,4.161,3.344
13 Oct 2023,4.550,3.608
14 Oct 2023,4.515,3.843
15 Oct 2023,4.568,4.069
16 Oct 2023,4.243,4.231
17 Oct 2023,3.643,4.223
18 Oct 2023,3.747,4.204
19 Oct 2023,3.579,4.121
20 Oct 2023,3.760,4.008
21 Oct 2023,3.914,3.922
22 Oct 2023,4.066,3.850
23 Oct 2023,4.194,3.843
24 Oct 2023,4.093,3.907
25 Oct 2023,4.142,3.964
26 Oct 2023,4.092,4.037
27 Oct 2023,4.113,4.087
28 Oct 2023,4.345,4.149
29 Oct 2023,4.369,4.192
30 Oct 2023,4.346,4.214
31 Oct 2023,3.912,4.188
1 Nov 2023,3.230,4.058
2 Nov 2023,3.410,3.961
3 Nov 2023,3.464,3.868
4 Nov 2023,3.695,3.775
5 Nov 2023,3.563,3.660
6 Nov 2023,3.526,3.543
7 Nov 2023,3.562,3.493
8 Nov 2023,3.583,3.543
9 Nov 2023,3.568,3.566
10 Nov 2023,3.573,3.581
11 Nov 2023,3.530,3.558
12 Nov 2023,3.353,3.528
13 Nov 2023,3.267,3.491
14 Nov 2023,3.391,3.466
15 Nov 2023,3.617,3.471
16 Nov 2023,3.595,3.475
17 Nov 2023,3.569,3.474
18 Nov 2023,3.560,3.479
19 Nov 2023,3.600,3.514
20 Nov 2023,3.792,3.589
21 Nov 2023,3.856,3.656
22 Nov 2023,3.869,3.692
23 Nov 2023,4.051,3.757
24 Nov 2023,4.166,3.842
25 Nov 2023,4.150,3.926
26 Nov 2023,4.159,4.006
27 Nov 2023,3.993,4.035
28 Nov 2023,3.845,4.033
29 Nov 2023,3.629,3.999
30 Nov 2023,3.702,3.949
1 Dec 2023,3.711,3.884
2 Dec 2023,3.856,3.842
3 Dec 2023,3.602,3.763
4 Dec 2023,3.456,3.686
5 Dec 2023,3.314,3.610
6 Dec 2023,3.320,3.566
7 Dec 2023,3.401,3.523
8 Dec 2023,3.273,3.460
9 Dec 2023,3.188,3.365
10 Dec 2023,3.211,3.309
11 Dec 2023,3.076,3.255
12 Dec 2023,2.923,3.199
13 Dec 2023,2.888,3.137
14 Dec 2023,2.831,3.056
15 Dec 2023,2.684,2.972
16 Dec 2023,2.530,2.877
17 Dec 2023,2.584,2.788
18 Dec 2023,2.642,2.726
19 Dec 2023,2.543,2.672
20 Dec 2023,2.487,2.614
21 Dec 2023,2.509,2.568
22 Dec 2023,2.623,2.560
23 Dec 2023,2.678,2.581
24 Dec 2023,2.534,2.573
25 Dec 2023,2.562,2.562
26 Dec 2023,2.706,2.585
27 Dec 2023,2.693,2.615
28 Dec 2023,2.711,2.644
29 Dec 2023,2.679,2.652
30 Dec 2023,2.607,2.642
31 Dec 2023,2.555,2.645
1 Jan 2024,2.422,2.625
2 Jan 2024,2.413,2.583
3 Jan 2024,2.672,2.580
4 Jan 2024,2.929,2.611
5 Jan 2024,2.971,2.653
6 Jan 2024,2.913,2.696
7 Jan 2024,3.024,2.763
8 Jan 2024,2.879,2.829
9 Jan 2024,2.687,2.868
10 Jan 2024,2.775,2.883
11 Jan 2024,2.704,2.850
12 Jan 2024,2.878,2.837
13 Jan 2024,2.686,2.805
14 Jan 2024,2.678,2.755
15 Jan 2024,2.637,2.721
16 Jan 2024,2.560,2.702
17 Jan 2024,2.420,2.652
18 Jan 2024,2.419,2.611
19 Jan 2024,2.389,2.541
20 Jan 2024,2.403,2.501
21 Jan 2024,2.328,2.451
22 Jan 2024,2.293,2.402
23 Jan 2024,2.265,2.359
24 Jan 2024,2.323,2.346
25 Jan 2024,2.373,2.339
26 Jan 2024,2.323,2.329
27 Jan 2024,2.497,2.343
28 Jan 2024,2.466,2.363
29 Jan 2024,2.400,2.378
30 Jan 2024,2.443,2.403
31 Jan 2024,2.504,2.429
1 Feb 2024,2.455,2.441
2 Feb 2024,2.375,2.448
3 Feb 2024,2.378,2.431
4 Feb 2024,2.475,2.433
5 Feb 2024,2.439,2.438
6 Feb 2024,2.455,2.440
7 Feb 2024,2.440,2.431
8 Feb 2024,2.396,2.423
9 Feb 2024,2.255,2.406
10 Feb 2024,2.153,2.373
11 Feb 2024,2.125,2.323
12 Feb 2024,2.149,2.282
13 Feb 2024,2.175,2.242
14 Feb 2024,2.023,2.182
15 Feb 2024,2.025,2.129
16 Feb 2024,2.031,2.097
17 Feb 2024,1.940,2.067
18 Feb 2024,1.877,2.031
19 Feb 2024,1.902,1.996
20 Feb 2024,1.964,1.966
21 Feb 2024,2.004,1.963
22 Feb 2024,1.974,1.956
23 Feb 2024,1.968,1.947
24 Feb 2024,1.950,1.948
25 Feb 2024,1.910,1.953
26 Feb 2024,2.025,1.971
27 Feb 2024,2.102,1.990
28 Feb 2024,2.179,2.015
29 Feb 2024,2.181,2.045
1 Mar 2024,2.278,2.089
2 Mar 2024,2.204,2.126
3 Mar 2024,2.247,2.174
4 Mar 2024,2.301,2.213
5 Mar 2024,2.442,2.262
6 Mar 2024,2.327,2.283
7 Mar 2024,2.328,2.304
8 Mar 2024,2.345,2.313
9 Mar 2024,2.349,2.334
10 Mar 2024,2.370,2.352
11 Mar 2024,2.349,2.358
12 Mar 2024,2.193,2.323
13 Mar 2024,2.137,2.296
14 Mar 2024,2.185,2.275
15 Mar 2024,2.261,2.263
16 Mar 2024,2.436,2.276
17 Mar 2024,2.399,2.280
18 Mar 2024,2.494,2.301
19 Mar 2024,2.532,2.349
20 Mar 2024,2.429,2.391
21 Mar 2024,2.325,2.411
22 Mar 2024,2.373,2.427
23 Mar 2024,2.322,2.411
24 Mar 2024,2.373,2.407
25 Mar 2024,2.451,2.401
26 Mar 2024,2.382,2.379
27 Mar 2024,2.362,2.370
28 Mar 2024,2.308,2.367
29 Mar 2024,2.326,2.361
30 Mar 2024,2.239,2.349
31 Mar 2024,2.264,2.333
1 Apr 2024,2.340,2.317
2 Apr 2024,2.274,2.302
3 Apr 2024,2.147,2.271
4 Apr 2024,2.133,2.246
5 Apr 2024,2.167,2.223
6 Apr 2024,2.196,2.217
7 Apr 2024,2.236,2.213
8 Apr 2024,2.286,2.206
9 Apr 2024,2.248,2.202
10 Apr 2024,2.308,2.225
11 Apr 2024,2.394,2.262
12 Apr 2024,2.435,2.300
13 Apr 2024,2.516,2.346
14 Apr 2024,2.725,2.416
15 Apr 2024,2.629,2.465
16 Apr 2024,2.783,2.542
17 Apr 2024,2.757,2.606
18 Apr 2024,2.729,2.654
19 Apr 2024,2.630,2.681
20 Apr 2024,2.507,2.680
21 Apr 2024,2.562,2.657
22 Apr 2024,2.581,2.650
23 Apr 2024,2.439,2.601
24 Apr 2024,2.506,2.565
25 Apr 2024,2.606,2.547
26 Apr 2024,2.545,2.535
27 Apr 2024,2.700,2.563
28 Apr 2024,2.623,2.571
29 Apr 2024,2.513,2.562
30 Apr 2024,2.470,2.566
1 May 2024,2.404,2.551
2 May 2024,2.553,2.544
3 May 2024,2.569,2.547
4 May 2024,2.574,2.529
5 May 2024,2.559,2.520
6 May 2024,2.696,2.546
7 May 2024,2.620,2.568
8 May 2024,2.568,2.591
9 May 2024,2.553,2.591
10 May 2024,2.475,2.578
11 May 2024,2.450,2.560
12 May 2024,2.382,2.535
13 May 2024,2.321,2.481
14 May 2024,2.467,2.459
15 May 2024,2.481,2.447
16 May 2024,2.454,2.433
17 May 2024,2.509,2.438
18 May 2024,2.589,2.457
19 May 2024,2.566,2.484
20 May 2024,2.623,2.527
21 May 2024,2.671,2.556
22 May 2024,2.789,2.600
23 May 2024,2.969,2.674
24 May 2024,2.924,2.733
25 May 2024,2.865,2.773
26 May 2024,2.838,2.811
27 May 2024,2.878,2.848
28 May 2024,2.829,2.870
29 May 2024,2.828,2.876
30 May 2024,2.868,2.861
31 May 2024,2.891,2.857
1 Jun 2024,2.885,2.860
2 Jun 2024,2.915,2.870
3 Jun 2024,2.969,2.884
4 Jun 2024,2.827,2.883
5 Jun 2024,2.771,2.875
6 Jun 2024,2.737,2.856
7 Jun 2024,2.757,2.837
8 Jun 2024,2.776,2.822
9 Jun 2024,2.775,2.802
10 Jun 2024,2.769,2.773
11 Jun 2024,2.800,2.769
12 Jun 2024,2.854,2.781
13 Jun 2024,2.933,2.809
14 Jun 2024,2.880,2.826
15 Jun 2024,2.873,2.840
16 Jun 2024,2.857,2.852
17 Jun 2024,2.817,2.859
18 Jun 2024,2.816,2.861
19 Jun 2024,2.827,2.857
20 Jun 2024,2.821,2.841
21 Jun 2024,2.804,2.831
22 Jun 2024,2.805,2.821
23 Jun 2024,2.826,2.817
24 Jun 2024,2.809,2.815
25 Jun 2024,2.804,2.814
26 Jun 2024,2.780,2.807
27 Jun 2024,2.732,2.794
28 Jun 2024,2.735,2.785
29 Jun 2024,2.790,2.782
30 Jun 2024,2.806,2.780
1 Jul 2024,2.743,2.770
2 Jul 2024,2.700,2.755
3 Jul 2024,2.590,2.728
4 Jul 2024,2.663,2.718
5 Jul 2024,2.623,2.702
6 Jul 2024,2.594,2.674
7 Jul 2024,2.606,2.646
8 Jul 2024,2.627,2.629
9 Jul 2024,2.487,2.599
10 Jul 2024,2.445,2.578
11 Jul 2024,2.456,2.548
12 Jul 2024,2.458,2.525
13 Jul 2024,2.479,2.508
14 Jul 2024,2.440,2.484
15 Jul 2024,2.471,2.462
16 Jul 2024,2.594,2.478
17 Jul 2024,2.514,2.487
18 Jul 2024,2.532,2.498
19 Jul 2024,2.488,2.503
20 Jul 2024,2.468,2.501
21 Jul 2024,2.487,2.508
22 Jul 2024,2.491,2.510
23 Jul 2024,2.473,2.493
24 Jul 2024,2.554,2.499
25 Jul 2024,2.480,2.491
26 Jul 2024,2.545,2.500
27 Jul 2024,2.557,2.512
28 Jul 2024,2.495,2.514
29 Jul 2024,2.604,2.530
30 Jul 2024,2.713,2.564
31 Jul 2024,2.765,2.594
1 Aug 2024,2.888,2.652
2 Aug 2024,2.811,2.690
3 Aug 2024,2.805,2.726
4 Aug 2024,2.749,2.762
5 Aug 2024,2.688,2.774
6 Aug 2024,2.699,2.772
7 Aug 2024,2.730,2.767
8 Aug 2024,2.752,2.748
9 Aug 2024,2.792,2.745
10 Aug 2024,2.933,2.763
11 Aug 2024,2.918,2.788
12 Aug 2024,2.924,2.821
13 Aug 2024,2.897,2.849
14 Aug 2024,2.755,2.853
15 Aug 2024,2.675,2.842
16 Aug 2024,2.732,2.834
17 Aug 2024,2.807,2.815
18 Aug 2024,2.815,2.801
19 Aug 2024,2.984,2.809
20 Aug 2024,2.990,2.822
21 Aug 2024,2.943,2.849
22 Aug 2024,2.930,2.886
23 Aug 2024,2.916,2.912
24 Aug 2024,2.733,2.901
25 Aug 2024,2.772,2.895
26 Aug 2024,2.846,2.876
27 Aug 2024,2.920,2.866
28 Aug 2024,3.129,2.892
29 Aug 2024,3.121,2.920
30 Aug 2024,3.199,2.960
31 Aug 2024,3.129,3.016
1 Sep 2024,3.125,3.067
2 Sep 2024,3.199,3.117
3 Sep 2024,3.043,3.135
4 Sep 2024,2.952,3.110
5 Sep 2024,2.948,3.085
6 Sep 2024,3.005,3.057
7 Sep 2024,3.033,3.044
8 Sep 2024,3.014,3.028
9 Sep 2024,3.041,3.005
10 Sep 2024,2.990,2.998
11 Sep 2024,2.986,3.002
12 Sep 2024,2.935,3.000
13 Sep 2024,2.899,2.985
14 Sep 2024,2.941,2.972
15 Sep 2024,2.960,2.964
16 Sep 2024,2.834,2.935
17 Sep 2024,2.804,2.908
18 Sep 2024,2.840,2.887
19 Sep 2024,2.774,2.864
20 Sep 2024,2.812,2.852
21 Sep 2024,2.869,2.842
22 Sep 2024,2.917,2.836
23 Sep 2024,2.908,2.846
24 Sep 2024,2.902,2.860
25 Sep 2024,3.037,2.888
26 Sep 2024,3.073,2.931
27 Sep 2024,3.115,2.975
28 Sep 2024,3.203,3.022
29 Sep 2024,3.196,3.062
30 Sep 2024,3.175,3.100
1 Oct 2024,3.206,3.144
2 Oct 2024,3.216,3.169
3 Oct 2024,3.217,3.190
4 Oct 2024,3.337,3.221
5 Oct 2024,3.338,3.241
6 Oct 2024,3.367,3.265
7 Oct 2024,3.366,3.292
8 Oct 2024,3.228,3.296
9 Oct 2024,3.209,3.294
10 Oct 2024,3.306,3.307
11 Oct 2024,3.308,3.303
12 Oct 2024,3.292,3.296
13 Oct 2024,3.379,3.298
14 Oct 2024,3.366,3.298
15 Oct 2024,3.305,3.309
16 Oct 2024,3.284,3.320
17 Oct 2024,3.273,3.315
18 Oct 2024,3.308,3.315
19 Oct 2024,3.256,3.310
20 Oct 2024,3.278,3.296
21 Oct 2024,3.366,3.296
22 Oct 2024,3.458,3.317
23 Oct 2024,3.485,3.346
24 Oct 2024,3.574,3.389
25 Oct 2024,3.670,3.441
26 Oct 2024,3.681,3.502
27 Oct 2024,3.669,3.558
28 Oct 2024,3.649,3.598
29 Oct 2024,3.635,3.623
30 Oct 2024,3.536,3.631
31 Oct 2024,3.384,3.603
1 Nov 2024,3.337,3.556
2 Nov 2024,3.285,3.499
3 Nov 2024,3.337,3.452
4 Nov 2024,3.424,3.420
5 Nov 2024,3.490,3.399
6 Nov 2024,3.492,3.393
7 Nov 2024,3.512,3.411
8 Nov 2024,3.633,3.453
9 Nov 2024,3.627,3.502
10 Nov 2024,3.585,3.538
11 Nov 2024,3.713,3.579
12 Nov 2024,3.791,3.622
13 Nov 2024,3.800,3.666
14 Nov 2024,3.908,3.722
15 Nov 2024,3.947,3.767
16 Nov 2024,3.882,3.804
17 Nov 2024,3.901,3.849
18 Nov 2024,3.979,3.887
19 Nov 2024,3.983,3.914
20 Nov 2024,3.987,3.941
21 Nov 2024,4.108,3.970
22 Nov 2024,4.019,3.980
23 Nov 2024,3.919,3.985
24 Nov 2024,3.737,3.962
25 Nov 2024,3.960,3.959
26 Nov 2024,4.049,3.968
27 Nov 2024,3.986,3.968
28 Nov 2024,3.993,3.952
29 Nov 2024,3.984,3.947
30 Nov 2024,4.015,3.961
1 Dec 2024,4.026,4.002
2 Dec 2024,4.109,4.023
3 Dec 2024,4.131,4.035
4 Dec 2024,4.030,4.041
5 Dec 2024,3.953,4.035
6 Dec 2024,3.953,4.031
7 Dec 2024,3.957,4.023
8 Dec 2024,3.968,4.014
9 Dec 2024,3.877,3.981
10 Dec 2024,3.824,3.937
11 Dec 2024,3.813,3.906
12 Dec 2024,3.669,3.866
13 Dec 2024,3.555,3.809
14 Dec 2024,3.363,3.724
15 Dec 2024,3.343,3.635
16 Dec 2024,3.332,3.557
17 Dec 2024,3.434,3.501
18 Dec 2024,3.389,3.441
19 Dec 2024,3.595,3.430
20 Dec 2024,3.707,3.452
21 Dec 2024,3.687,3.498
22 Dec 2024,3.731,3.554
23 Dec 2024,3.817,3.623
24 Dec 2024,3.860,3.684
25 Dec 2024,3.889,3.755
26 Dec 2024,3.997,3.812
27 Dec 2024,4.076,3.865
28 Dec 2024,4.174,3.935
29 Dec 2024,4.161,3.996
30 Dec 2024,4.101,4.037
31 Dec 2024,4.160,4.080
1 Jan 2025,4.192,4.123
2 Jan 2025,4.265,4.161
3 Jan 2025,4.272,4.189
4 Jan 2025,4.252,4.201
5 Jan 2025,4.209,4.207
6 Jan 2025,4.122,4.210
7 Jan 2025,4.033,4.192
8 Jan 2025,4.204,4.194
9 Jan 2025,3.949,4.149
10 Jan 2025,4.011,4.111
11 Jan 2025,4.105,4.090
12 Jan 2025,4.017,4.063
13 Jan 2025,4.123,4.063
14 Jan 2025,4.138,4.078
15 Jan 2025,4.101,4.063
16 Jan 2025,4.048,4.077
17 Jan 2025,4.188,4.103
18 Jan 2025,4.246,4.123
19 Jan 2025,4.367,4.173
20 Jan 2025,4.338,4.204
21 Jan 2025,4.376,4.238
22 Jan 2025,4.339,4.272
23 Jan 2025,4.311,4.309
24 Jan 2025,4.293,4.324
25 Jan 2025,4.247,4.325
26 Jan 2025,4.253,4.308
27 Jan 2025,4.190,4.287
28 Jan 2025,4.199,4.262
29 Jan 2025,4.431,4.275
30 Jan 2025,4.498,4.302
31 Jan 2025,4.581,4.343
1 Feb 2025,4.559,4.387
2 Feb 2025,4.572,4.433
3 Feb 2025,4.603,4.492
4 Feb 2025,4.567,4.544
5 Feb 2025,4.579,4.566
6 Feb 2025,4.627,4.584
7 Feb 2025,4.714,4.603
8 Feb 2025,4.803,4.638
9 Feb 2025,4.743,4.662
10 Feb 2025,4.883,4.702
11 Feb 2025,4.926,4.754
12 Feb 2025,4.777,4.782
13 Feb 2025,4.496,4.763
14 Feb 2025,4.298,4.704
15 Feb 2025,4.255,4.625
16 Feb 2025,4.282,4.559
17 Feb 2025,4.150,4.455
18 Feb 2025,4.035,4.328
19 Feb 2025,4.074,4.227
20 Feb 2025,3.893,4.141
21 Feb 2025,3.768,4.065
22 Feb 2025,3.742,3.992
23 Feb 2025,3.735,3.914
24 Feb 2025,3.727,3.853
25 Feb 2025,3.696,3.805
26 Feb 2025,3.521,3.726
27 Feb 2025,3.659,3.692
28 Feb 2025,3.741,3.689
1 Mar 2025,3.751,3.690
2 Mar 2025,3.761,3.693
3 Mar 2025,3.741,3.696
4 Mar 2025,3.554,3.675
5 Mar 2025,3.419,3.661
6 Mar 2025,3.304,3.610
7 Mar 2025,3.272,3.543
8 Mar 2025,3.198,3.464
9 Mar 2025,3.259,3.392
10 Mar 2025,3.389,3.342
11 Mar 2025,3.632,3.353
12 Mar 2025,3.639,3.385
13 Mar 2025,3.576,3.423
14 Mar 2025,3.578,3.467
15 Mar 2025,3.653,3.532
16 Mar 2025,3.634,3.586
17 Mar 2025,3.561,3.610
18 Mar 2025,3.386,3.575
19 Mar 2025,3.574,3.566
20 Mar 2025,3.433,3.545
21 Mar 2025,3.558,3.543
22 Mar 2025,3.580,3.532
23 Mar 2025,3.624,3.531
24 Mar 2025,3.532,3.527
25 Mar 2025,3.447,3.535
26 Mar 2025,3.331,3.501
27 Mar 2025,3.324,3.485
28 Mar 2025,3.283,3.446
29 Mar 2025,3.271,3.402
30 Mar 2025,3.244,3.347
31 Mar 2025,3.258,3.308
1 Apr 2025,3.406,3.302
2 Apr 2025,3.405,3.313
3 Apr 2025,3.307,3.311
4 Apr 2025,3.088,3.283
5 Apr 2025,3.009,3.245
6 Apr 2025,3.000,3.210
7 Apr 2025,3.011,3.175
8 Apr 2025,3.009,3.118
9 Apr 2025,2.914,3.048
10 Apr 2025,2.845,2.982
11 Apr 2025,2.806,2.942
12 Apr 2025,2.827,2.916
13 Apr 2025,2.803,2.888
14 Apr 2025,2.861,2.867
15 Apr 2025,2.872,2.847
16 Apr 2025,2.920,2.848
17 Apr 2025,2.957,2.864
18 Apr 2025,2.992,2.890
19 Apr 2025,2.958,2.909
20 Apr 2025,2.985,2.935
21 Apr 2025,3.039,2.961
22 Apr 2025,2.951,2.972
23 Apr 2025,2.896,2.969
24 Apr 2025,2.803,2.946
25 Apr 2025,2.734,2.909
26 Apr 2025,2.628,2.862
27 Apr 2025,2.606,2.808
28 Apr 2025,2.654,2.753
29 Apr 2025,2.603,2.703
30 Apr 2025,2.634,2.666
1 May 2025,2.559,2.631
2 May 2025,2.647,2.619
3 May 2025,2.645,2.621
4 May 2025,2.676,2.631
5 May 2025,2.729,2.642
6 May 2025,2.792,2.669
7 May 2025,2.835,2.697
8 May 2025,3.313,2.805
9 May 2025,2.836,2.832
10 May 2025,2.647,2.832
11 May 2025,2.665,2.831
12 May 2025,2.715,2.829
13 May 2025,2.810,2.832
14 May 2025,2.720,2.815
15 May 2025,2.869,2.752
16 May 2025,2.725,2.736
17 May 2025,2.877,2.769
18 May 2025,2.929,2.806
19 May 2025,2.871,2.829
20 May 2025,2.994,2.855
21 May 2025,2.990,2.893
22 May 2025,2.999,2.912
23 May 2025,2.989,2.950
24 May 2025,3.017,2.970
25 May 2025,2.949,2.972
26 May 2025,3.065,3.000
27 May 2025,3.078,3.012
28 May 2025,2.997,3.013
29 May 2025,2.855,2.993
30 May 2025,2.741,2.957
31 May 2025,2.607,2.899
1 Jun 2025,2.655,2.857
2 Jun 2025,2.776,2.816
3 Jun 2025,2.874,2.787
4 Jun 2025,2.878,2.769
5 Jun 2025,2.974,2.786
6 Jun 2025,2.987,2.822
7 Jun 2025,2.912,2.865
8 Jun 2025,2.896,2.899
9 Jun 2025,2.853,2.910
10 Jun 2025,2.780,2.897
11 Jun 2025,2.899,2.900
12 Jun 2025,2.940,2.895
13 Jun 2025,3.069,2.907
14 Jun 2025,3.058,2.928
15 Jun 2025,3.125,2.961
16 Jun 2025,3.152,3.003
17 Jun 2025,3.188,3.062
18 Jun 2025,3.210,3.106
19 Jun 2025,3.390,3.170
20 Jun 2025,3.367,3.213
21 Jun 2025,3.322,3.251
22 Jun 2025,3.420,3.293
23 Jun 2025,3.301,3.314
24 Jun 2025,2.988,3.285
25 Jun 2025,2.840,3.232
26 Jun 2025,2.682,3.131
27 Jun 2025,2.649,3.029
28 Jun 2025,2.659,2.934
29 Jun 2025,2.666,2.826
30 Jun 2025,2.649,2.733
1 Jul 2025,2.736,2.697
2 Jul 2025,2.735,2.682
3 Jul 2025,2.707,2.686
4 Jul 2025,2.688,2.691
5 Jul 2025,2.682,2.695
6 Jul 2025,2.685,2.697
7 Jul 2025,2.690,2.703
8 Jul 2025,2.770,2.708
9 Jul 2025,2.804,2.718
10 Jul 2025,2.847,2.738
11 Jul 2025,2.866,2.763
12 Jul 2025,2.869,2.790
13 Jul 2025,2.903,2.821
14 Jul 2025,2.879,2.848
15 Jul 2025,2.756,2.846
16 Jul 2025,2.953,2.868
17 Jul 2025,2.894,2.874
18 Jul 2025,2.745,2.857
19 Jul 2025,2.734,2.837
20 Jul 2025,2.770,2.819
21 Jul 2025,2.762,2.802
22 Jul 2025,2.735,2.799
23 Jul 2025,2.712,2.764
24 Jul 2025,2.695,2.736
25 Jul 2025,2.697,2.729
26 Jul 2025,2.670,2.720
27 Jul 2025,2.674,2.706
28 Jul 2025,2.691,2.696
29 Jul 2025,2.822,2.709
30 Jul 2025,2.816,2.723
31 Jul 2025,2.856,2.747
1 Aug 2025,2.753,2.755
2 Aug 2025,2.832,2.778
3 Aug 2025,2.778,2.792
4 Aug 2025,2.747,2.800
5 Aug 2025,2.777,2.794
6 Aug 2025,2.732,2.782
7 Aug 2025,2.657,2.753
8 Aug 2025,2.611,2.733
9 Aug 2025,2.604,2.701
10 Aug 2025,2.653,2.683
11 Aug 2025,2.730,2.680
12 Aug 2025,2.733,2.674
13 Aug 2025,2.724,2.673
14 Aug 2025,2.683,2.677
15 Aug 2025,2.583,2.673
16 Aug 2025,2.551,2.665
17 Aug 2025,2.594,2.657
18 Aug 2025,2.619,2.641
19 Aug 2025,2.596,2.621
20 Aug 2025,2.699,2.618
21 Aug 2025,2.771,2.630
22 Aug 2025,2.825,2.665
23 Aug 2025,2.832,2.705
24 Aug 2025,2.817,2.737
25 Aug 2025,2.836,2.768
26 Aug 2025,2.838,2.802
27 Aug 2025,2.772,2.813
28 Aug 2025,2.681,2.800
29 Aug 2025,2.660,2.777
30 Aug 2025,2.686,2.756
31 Aug 2025,2.691,2.738
1 Sep 2025,2.688,2.717
2 Sep 2025,2.670,2.693
3 Sep 2025,2.663,2.677
4 Sep 2025,2.677,2.676
5 Sep 2025,2.673,2.678
6 Sep 2025,2.663,2.675
7 Sep 2025,2.677,2.673
8 Sep 2025,2.737,2.680
9 Sep 2025,2.771,2.694
10 Sep 2025,2.772,2.710
11 Sep 2025,2.710,2.715
12 Sep 2025,2.731,2.723
13 Sep 2025,2.708,2.729
14 Sep 2025,2.730,2.737
15 Sep 2025,2.674,2.728
16 Sep 2025,2.714,2.720
17 Sep 2025,2.707,2.711
18 Sep 2025,2.770,2.719
19 Sep 2025,2.744,2.721
20 Sep 2025,2.730,2.724
21 Sep 2025,2.717,2.722
22 Sep 2025,2.729,2.730
23 Sep 2025,2.727,2.732
24 Sep 2025,2.707,2.732
25 Sep 2025,2.719,2.725
26 Sep 2025,2.755,2.726
27 Sep 2025,2.745,2.728
28 Sep 2025,2.774,2.737
29 Sep 2025,2.739,2.738
30 Sep 2025,2.667,2.729
1 Oct 2025,2.594,2.713
2 Oct 2025,2.439,2.673
3 Oct 2025,2.430,2.627
4 Oct 2025,2.700,2.620
5 Oct 2025,2.723,2.613
6 Oct 2025,2.847,2.629
7 Oct 2025,2.922,2.665
8 Oct 2025,2.867,2.704
9 Oct 2025,2.838,2.761
10 Oct 2025,2.798,2.814
11 Oct 2025,2.790,2.826
12 Oct 2025,2.825,2.841
13 Oct 2025,2.759,2.828
14 Oct 2025,2.740,2.802
15 Oct 2025,2.755,2.787
16 Oct 2025,2.776,2.778
17 Oct 2025,2.735,2.769
18 Oct 2025,2.709,2.757
19 Oct 2025,2.687,2.737
20 Oct 2025,2.556,2.708
21 Oct 2025,2.496,2.673
22 Oct 2025,2.643,2.657
23 Oct 2025,2.646,2.639
24 Oct 2025,2.669,2.629
25 Oct 2025,2.658,2.622
26 Oct 2025,2.694,2.623
27 Oct 2025,2.609,2.631
28 Oct 2025,2.559,2.640
29 Oct 2025,2.650,2.641
30 Oct 2025,2.578,2.631
31 Oct 2025,2.520,2.610
1 Nov 2025,2.496,2.586
2 Nov 2025,2.511,2.560
3 Nov 2025,2.554,2.553
4 Nov 2025,2.631,2.563
5 Nov 2025,2.583,2.553
6 Nov 2025,2.560,2.551
7 Nov 2025,2.614,2.564
8 Nov 2025,2.482,2.562
9 Nov 2025,2.507,2.562
10 Nov 2025,2.435,2.545
11 Nov 2025,2.115,2.471
12 Nov 2025,2.254,2.424
13 Nov 2025,2.343,2.393
14 Nov 2025,2.483,2.374
15 Nov 2025,2.485,2.374
16 Nov 2025,2.392,2.358
17 Nov 2025,2.748,2.403
18 Nov 2025,2.884,2.512
19 Nov 2025,2.799,2.590
20 Nov 2025,2.810,2.657
21 Nov 2025,2.732,2.693
22 Nov 2025,2.684,2.721
23 Nov 2025,2.623,2.754
24 Nov 2025,2.661,2.742
25 Nov 2025,2.667,2.711
26 Nov 2025,2.624,2.686
27 Nov 2025,2.572,2.652
28 Nov 2025,2.564,2.628
29 Nov 2025,2.501,2.602
30 Nov 2025,2.510,2.586
1 Dec 2025,2.478,2.559
2 Dec 2025,2.469,2.531
3 Dec 2025,2.478,2.510
4 Dec 2025,2.347,2.478
5 Dec 2025,2.356,2.448
6 Dec 2025,2.334,2.425
7 Dec 2025,2.319,2.397
8 Dec 2025,2.306,2.373
9 Dec 2025,2.364,2.358
10 Dec 2025,2.346,2.339
11 Dec 2025,2.324,2.336
12 Dec 2025,2.425,2.346
13 Dec 2025,2.426,2.359
14 Dec 2025,2.411,2.372
15 Dec 2025,2.442,2.391
16 Dec 2025,2.378,2.393
17 Dec 2025,2.428,2.405
18 Dec 2025,2.437,2.421
19 Dec 2025,2.516,2.434
20 Dec 2025,2.542,2.450
21 Dec 2025,2.515,2.465
22 Dec 2025,2.441,2.465
23 Dec 2025,2.415,2.470
24 Dec 2025,2.482,2.478
25 Dec 2025,2.486,2.485
26 Dec 2025,2.531,2.487
27 Dec 2025,2.542,2.487
28 Dec 2025,2.568,2.495
29 Dec 2025,2.588,2.516
30 Dec 2025,2.596,2.542
31 Dec 2025,2.621,2.562
1 Jan 2026,2.589,2.576
2 Jan 2026,2.599,2.586
3 Jan 2026,2.626,2.598
4 Jan 2026,2.745,2.623
5 Jan 2026,2.777,2.650
6 Jan 2026,2.607,2.652
7 Jan 2026,2.618,2.652
8 Jan 2026,2.519,2.642
9 Jan 2026,2.481,2.625
10 Jan 2026,2.532,2.611
11 Jan 2026,2.505,2.577
12 Jan 2026,2.644,2.558
13 Jan 2026,2.852,2.593
14 Jan 2026,2.948,2.640
15 Jan 2026,3.055,2.717
16 Jan 2026,3.361,2.842
17 Jan 2026,3.396,2.966
18 Jan 2026,3.382,3.091
19 Jan 2026,3.280,3.182
20 Jan 2026,3.204,3.232
21 Jan 2026,3.345,3.289
22 Jan 2026,3.456,3.346
23 Jan 2026,3.455,3.360
24 Jan 2026,3.422,3.364
25 Jan 2026,3.494,3.380
26 Jan 2026,3.561,3.420
27 Jan 2026,3.535,3.467
28 Jan 2026,3.435,3.480
29 Jan 2026,3.519,3.489
30 Jan 2026,3.533,3.500
31 Jan 2026,3.496,3.511
1 Feb 2026,3.396,3.496
2 Feb 2026,3.103,3.431
3 Feb 2026,2.842,3.332
4 Feb 2026,2.832,3.246
5 Feb 2026,2.921,3.160
6 Feb 2026,3.034,3.089
7 Feb 2026,2.877,3.001
8 Feb 2026,2.893,2.929
9 Feb 2026,2.846,2.892
10 Feb 2026,2.690,2.870
11 Feb 2026,2.679,2.849
12 Feb 2026,2.712,2.819
13 Feb 2026,2.661,2.765
14 Feb 2026,2.676,2.737
15 Feb 2026,2.638,2.700
16 Feb 2026,2.554,2.659
17 Feb 2026,2.535,2.636
18 Feb 2026,2.586,2.623
19 Feb 2026,2.767,2.631
20 Feb 2026,2.666,2.632
21 Feb 2026,2.565,2.616
22 Feb 2026,2.487,2.594
23 Feb 2026,2.582,2.598
24 Feb 2026,2.485,2.591
25 Feb 2026,2.499,2.579
26 Feb 2026,2.513,2.542
27 Feb 2026,2.614,2.535
28 Feb 2026,2.885,2.581
1 Mar 2026,3.103,2.669
2 Mar 2026,3.468,2.795
3 Mar 2026,4.531,3.088
4 Mar 2026,4.493,3.372
5 Mar 2026,4.341,3.633
6 Mar 2026,4.535,3.908
7 Mar 2026,4.768,4.177
8 Mar 2026,5.204,4.477
9 Mar 2026,5.126,4.714
10 Mar 2026,4.052,4.645
11 Mar 2026,4.121,4.592
12 Mar 2026,4.315,4.589
13 Mar 2026,4.332,4.560
14 Mar 2026,4.503,4.522
15 Mar 2026,4.360,4.401
16 Mar 2026,4.317,4.286
17 Mar 2026,4.241,4.313
18 Mar 2026,4.578,4.378
19 Mar 2026,5.127,4.494
20 Mar 2026,5.131,4.608
21 Mar 2026,4.795,4.650
22 Mar 2026,4.938,4.732
23 Mar 2026,4.888,4.814
24 Mar 2026,4.568,4.861
25 Mar 2026,4.430,4.840
26 Mar 2026,4.558,4.758
27 Mar 2026,4.653,4.690
28 Mar 2026,4.619,4.665
29 Mar 2026,4.725,4.634
30 Mar 2026,4.681,4.605
31 Mar 2026,4.232,4.557
1 Apr 2026,4.181,4.521
2 Apr 2026,4.266,4.479
3 Apr 2026,4.347,4.436
4 Apr 2026,4.299,4.390
5 Apr 2026,4.255,4.323
6 Apr 2026,4.226,4.258
7 Apr 2026,4.328,4.272
8 Apr 2026,3.970,4.242
9 Apr 2026,3.869,4.185
10 Apr 2026,3.814,4.109
11 Apr 2026,3.909,4.053
12 Apr 2026,4.260,4.054
13 Apr 2026,4.147,4.043
14 Apr 2026,3.755,3.961
15 Apr 2026,3.608,3.909
16 Apr 2026,3.585,3.868
17 Apr 2026,3.481,3.821
18 Apr 2026,3.530,3.767
19 Apr 2026,3.618,3.675
20 Apr 2026,3.509,3.584
21 Apr 2026,3.535,3.552
22 Apr 2026,3.659,3.560
23 Apr 2026,3.801,3.590
24 Apr 2026,3.798,3.636
25 Apr 2026,3.789,3.673
26 Apr 2026,3.754,3.692
27 Apr 2026,3.758,3.728
28 Apr 2026,3.704,3.752
29 Apr 2026,3.822,3.775
30 Apr 2026,3.919,3.792
1 May 2026,3.850,3.799
2 May 2026,3.780,3.798
3 May 2026,3.822,3.808
4 May 2026,4.033,3.847
5 May 2026,4.036,3.895
6 May 2026,3.744,3.883
7 May 2026,3.839,3.872
8 May 2026,3.782,3.862
9 May 2026,3.764,3.860
10 May 2026,3.808,3.858
11 May 2026,4.042,3.859
12 May 2026,4.081,3.866
13 May 2026,4.092,3.915
14 May 2026,4.103,3.953
15 May 2026,4.342,4.033
16 May 2026,4.473,4.134
17 May 2026,4.434,4.224
18 May 2026,4.457,4.283
19 May 2026,4.460,4.337
20 May 2026,4.302,4.367
21 May 2026,4.209,4.382
22 May 2026,4.130,4.352
23 May 2026,4.063,4.294
24 May 2026,4.006,4.232
25 May 2026,3.955,4.161
26 May 2026,3.967,4.090
27 May 2026,3.826,4.022
28 May 2026,3.881,3.976
29 May 2026,3.912,3.944
30 May 2026,3.951,3.928
31 May 2026,3.992,3.926
01 June 2026,4.030,3.937
02 June 2026,3.986,3.939
03 June 2026,4.074,3.975
04 June 2026,4.035,3.997
05 June 2026,4.067,4.019
06 June 2026,4.043,4.032
07 June 2026,4.083,4.045
08 June 2026,4.155,4.063
09 June 2026,4.081,4.077
10 June 2026,4.214,4.097
11 June 2026,4.132,4.111
12 June 2026,3.935,4.092
13 June 2026,3.851,4.064
14 June 2026,3.784,4.022
15 June 2026,3.675,3.953
16 June 2026,3.561,3.879
17 June 2026,3.505,3.777
18 June 2026,3.456,3.681
19 June 2026,3.537,3.624
20 June 2026,3.635,3.593
21 June 2026,3.609,3.568
22 June 2026,3.556,3.551
23 June 2026,3.475,3.539
24 June 2026,3.429,3.528
25 June 2026,3.331,3.511
26 June 2026,3.379,3.488
27 June 2026,3.494,3.468
28 June 2026,3.460,3.446
29 June 2026,3.504,3.439
30 June 2026,3.583,3.454
01 July 2026,3.520,3.467
02 July 2026,3.607,3.507
03 July 2026,3.647,3.545
04 July 2026,3.650,3.567
05 July 2026,3.645,3.594
