auctionUnit,registeredAuctionParticipant,technologyType,postCode
AFFR-1,UK POWER RESERVE LIMITED,Batteries,LE14
AG-AFLX03,Flexitricity Limited,Gas Reciprocating Engines,CO10 0QG
AG-AFLX04,Flexitricity Limited,Gas Reciprocating Engines,SS13 1GS
AG-ASTK01,Statkraft Markets GmbH,Other,IP3 0AT
AG-ASTK02,Statkraft Markets GmbH,Other,IP3 0AT
AG-ASTK08,Statkraft Markets GmbH,Other,SS14 3JH
AG-AUKP01,UK POWER RESERVE LIMITED,Gas Reciprocating Engines,
AG-BFLX03,Flexitricity Limited,Gas Reciprocating Engines,DE11 9ES
AG-DSK01G,Danske Commodities A/S,Batteries,SK6 2BH
AG-EEDF02,EDF ENERGY CUSTOMERS LIMITED,OCGT,WR9 9AU
AG-EUKP01,UK POWER RESERVE LIMITED,Gas Reciprocating Engines,
AG-FOR01N,FORSA TRADING LIMITED,Gas Reciprocating Engines,PA13 4TL
AG-GBL02E,GRIDBEYOND LIMITED,Load Response,
AG-GBL08H,GRIDBEYOND LIMITED,Load Response,
AG-GBL0DN,GRIDBEYOND LIMITED,Batteries,
AG-GBL0EN,GRIDBEYOND LIMITED,Batteries,
AG-GFLX01,Flexitricity Limited,Gas Reciprocating Engines,BB6 7BA
AG-GFLX09,Flexitricity Limited,Batteries,PR7 5XG
AG-GLIM01,LIMEJUMP ENERGY LIMITED,Batteries,SK14 2PU
AG-GSTK10,Statkraft Markets GmbH,Gas Reciprocating Engines,
AG-GSTK16,Statkraft Markets GmbH,Batteries,OL13 0BW
AG-GUKP01,UK POWER RESERVE LIMITED,Gas Reciprocating Engines,
AG-HLIM05,LIMEJUMP ENERGY LIMITED,Other,PO30 3AR
AG-HSTK05,Statkraft Markets GmbH,Gas Reciprocating Engines,
AG-KFLX01,Flexitricity Limited,Gas Reciprocating Engines,
AG-KSTK07,Statkraft Markets GmbH,Other,PL5 2SA
AG-MSTK02,Statkraft Markets GmbH,Gas Reciprocating Engines,
AG-NFLX08,Flexitricity Limited,Other,FK2 7XU
AG-PFLX02,Flexitricity Limited,Batteries,PH32 4BT
AG-REC05L,ECOTRICITY (SMART GRID) LIMITED,Batteries,BS35 3TD
BETY-01,Statkraft Markets GmbH,Gas Reciprocating Engines,
BLHLB-2,EDF ENERGY CUSTOMERS LIMITED,Batteries,AB55 5PE
BNCRG-1,FORSA TRADING LIMITED,Gas Reciprocating Engines,BB10 3PW
BURWB-2,EDF ENERGY CUSTOMERS LIMITED,Batteries,CB25 0BP
CHDTG-1,FORSA TRADING LIMITED,Gas Reciprocating Engines,BB10 3PW
CHTRY-1,CONRAD ENERGY (TRADING) LIMITED,Gas Reciprocating Engines,ST6 8UW
DIDC02G,RWE Generation UK Plc,OCGT,OX11 7YU
DIDC03G,RWE Generation UK Plc,OCGT,OX11 7YU
DIDC04G,RWE Generation UK Plc,OCGT,OX11 7YU
DRAXX-10G,Drax Power Limited,OCGT,YO8 8PH
DTHR-01,Statkraft Markets GmbH,Gas Reciprocating Engines,PE1 3TD
EDFE-19,EDF ENERGY CUSTOMERS LIMITED,Batteries,LE65 1WU
ENGQR-05,Engie Power Limited,Batteries,S9 1HW
ENGQR-06,Engie Power Limited,Multi Fuel type,0.172570
GOSHS-1,CONRAD ENERGY (TRADING) LIMITED,Gas Reciprocating Engines,BB3 0EH
GRMT-01,Statkraft Markets GmbH,Gas Reciprocating Engines,S72 7
GSET-02,GORE STREET ENERGY TRADING LIMITED,Batteries,DE12 6RJ
HAWKB-1,TESLA MOTORS LIMITED,Batteries,SP7 9NP
HLLHG-1,FORSA TRADING LIMITED,Gas Reciprocating Engines,BB10 3PW
HNOR-01,EQUINICITY LTD,Batteries,SN12 8DF
HUMR-2,VPI Power Limited,Gas Reciprocating Engines,DN40 3DZ
KILN-01,Statkraft Markets GmbH,Gas Reciprocating Engines,LE10 3EQ
LARKB-1,EDF ENERGY CUSTOMERS LIMITED,Batteries,BS35 3TH
MDLWH-1,CONRAD ENERGY (TRADING) LIMITED,Gas Reciprocating Engines,CW10 0QJ
NEWPB-1,Virmati Energy Ltd,Batteries,NP19 4PW
PINFB-4,EDF ENERGY CUSTOMERS LIMITED,Batteries,CH1 6HE
RAKE-1,CONRAD ENERGY (TRADING) LIMITED,Gas Reciprocating Engines,M27 8LU
SEEL-1,SPALDING ENERGY EXPANSION LIMITED,OCGT,
SUNDB-1,EDF ENERGY CUSTOMERS LIMITED,Batteries,LU4 9UL
TOLLB-1,Yuso,Batteries,AL4 0NY
WOLVB-1,EDF ENERGY CUSTOMERS LIMITED,Batteries,WV4 4XX
WSTG-01,Statkraft Markets GmbH,Gas Reciprocating Engines,DA11 9SW
