Auction_Identifier,Calendar_Year,Calendar_Month,Monthly_CM_Forecast_Cost_GBP
T-1-2025,2026,7,11434720.45
T-1-2025,2026,8,11326386.01
T-1-2025,2026,9,11761159.19
T-1-2026,2026,10,3029336.08
T-1-2026,2026,11,3349739.73
T-1-2026,2026,12,3546026.69
T-1-2026,2027,1,3757617.72
T-1-2026,2027,2,3251855.75
T-1-2026,2027,3,3304886.5
T-1-2026,2027,4,2829711.17
T-1-2026,2027,5,2666087.64
T-1-2026,2027,6,2564836.07
T-1-2026,2027,7,2672868.57
T-1-2026,2027,8,2647545.37
T-1-2026,2027,9,2749173.7
T-3-2022,2026,10,88495.12
T-3-2022,2026,11,97854.97
T-3-2022,2026,12,103589.05
T-3-2022,2026,7,75672.74
T-3-2022,2026,8,74955.8
T-3-2022,2026,9,77833.04
T-3-2022,2027,1,109770.2
T-3-2022,2027,10,90140.48
T-3-2022,2027,11,99674.37
T-3-2022,2027,12,105515.05
T-3-2022,2027,2,94995.52
T-3-2022,2027,3,96544.69
T-3-2022,2027,4,82663.53
T-3-2022,2027,5,77883.64
T-3-2022,2027,6,74925.81
T-3-2022,2027,7,78081.73
T-3-2022,2027,8,77341.97
T-3-2022,2027,9,80310.81
T-3-2022,2028,1,111811.13
T-3-2022,2028,2,96761.75
T-3-2022,2028,3,98339.72
T-3-2022,2028,4,84200.47
T-3-2022,2028,5,79331.72
T-3-2022,2028,6,76318.89
T-4-2018,2026,10,1721813.13
T-4-2018,2026,11,1903924.05
T-4-2018,2026,12,2015489.58
T-4-2018,2026,7,1472333.36
T-4-2018,2026,8,1458384.22
T-4-2018,2026,9,1514365.57
T-4-2018,2027,1,2135753.63
T-4-2018,2027,10,1753826.4
T-4-2018,2027,11,1939323.27
T-4-2018,2027,12,2052963.11
T-4-2018,2027,2,1848288.79
T-4-2018,2027,3,1878430.39
T-4-2018,2027,4,1608350.38
T-4-2018,2027,5,1515350.09
T-4-2018,2027,6,1457800.75
T-4-2018,2027,7,1519204.23
T-4-2018,2027,8,1504811.04
T-4-2018,2027,9,1562574.52
T-4-2018,2028,1,2175463.2
T-4-2018,2028,2,1882653.6
T-4-2018,2028,3,1913355.61
T-4-2018,2028,4,1638254.07
T-4-2018,2028,5,1543524.64
T-4-2018,2028,6,1484905.3
T-4-2019,2026,10,1562569.51
T-4-2019,2026,11,1727837.73
T-4-2019,2026,12,1829085.0
T-4-2019,2026,7,1336163.13
T-4-2019,2026,8,1323504.1
T-4-2019,2026,9,1374307.95
T-4-2019,2027,1,1938226.31
T-4-2019,2027,10,1591622.01
T-4-2019,2027,11,1759963.02
T-4-2019,2027,12,1863092.76
T-4-2019,2027,2,1677347.95
T-4-2019,2027,3,1704701.88
T-4-2019,2027,4,1459600.49
T-4-2019,2027,5,1375201.42
T-4-2019,2027,6,1322974.59
T-4-2019,2027,7,1378699.11
T-4-2019,2027,8,1365637.08
T-4-2019,2027,9,1418058.25
T-4-2019,2028,1,1974263.3
T-4-2019,2028,2,1708534.49
T-4-2019,2028,3,1736397.0
T-4-2019,2028,4,1486738.5
T-4-2019,2028,5,1400770.22
T-4-2019,2028,6,1347572.35
T-4-2020,2026,10,6414773.12
T-4-2020,2026,11,7093244.13
T-4-2020,2026,12,7508891.75
T-4-2020,2026,7,5485313.3
T-4-2020,2026,8,5433344.53
T-4-2020,2026,9,5641908.19
T-4-2020,2027,1,7956946.52
T-4-2020,2027,10,6534041.51
T-4-2020,2027,11,7225127.18
T-4-2020,2027,12,7648502.83
T-4-2020,2027,2,6885969.84
T-4-2020,2027,3,6998265.15
T-4-2020,2027,4,5992057.24
T-4-2020,2027,5,5645576.1
T-4-2020,2027,6,5431170.74
T-4-2020,2027,7,5659935.06
T-4-2020,2027,8,5606311.9
T-4-2020,2027,9,5821515.06
T-4-2020,2028,1,8104888.18
T-4-2020,2028,2,7013999.08
T-4-2020,2028,3,7128382.27
T-4-2020,2028,4,6103466.17
T-4-2020,2028,5,5750542.98
T-4-2020,2028,6,5532151.23
T-4-2021,2026,10,140364.02
T-4-2021,2026,11,155209.89
T-4-2021,2026,12,164304.83
T-4-2021,2026,7,120026.17
T-4-2021,2026,8,118889.02
T-4-2021,2026,9,123452.68
T-4-2021,2027,1,174108.88
T-4-2021,2027,10,142973.77
T-4-2021,2027,11,158095.68
T-4-2021,2027,12,167359.71
T-4-2021,2027,2,150674.45
T-4-2021,2027,3,153131.62
T-4-2021,2027,4,131114.42
T-4-2021,2027,5,123532.93
T-4-2021,2027,6,118841.45
T-4-2021,2027,7,123847.13
T-4-2021,2027,8,122673.78
T-4-2021,2027,9,127382.72
T-4-2021,2028,1,177346.05
T-4-2021,2028,2,153475.9
T-4-2021,2028,3,155978.76
T-4-2021,2028,4,133552.2
T-4-2021,2028,5,125829.75
T-4-2021,2028,6,121051.04
T-4-2023,2026,10,2303637.55
T-4-2023,2026,11,2547286.28
T-4-2023,2026,12,2696551.33
T-4-2023,2026,7,1974107.09
T-4-2023,2026,8,1955404.07
T-4-2023,2026,9,2030463.95
T-4-2023,2027,1,2857454.26
T-4-2023,2027,10,2346468.55
T-4-2023,2027,11,2594647.38
T-4-2023,2027,12,2746687.68
T-4-2023,2027,2,2472851.09
T-4-2023,2027,3,2513177.96
T-4-2023,2027,4,2151834.18
T-4-2023,2027,5,2027407.81
T-4-2023,2027,6,1950411.75
T-4-2023,2027,7,2032564.32
T-4-2023,2027,8,2013307.46
T-4-2023,2027,9,2090590.02
T-4-2023,2028,1,2910582.25
T-4-2023,2028,2,2518828.24
T-4-2023,2028,3,2559904.89
T-4-2023,2028,4,2191842.74
T-4-2023,2028,5,2065102.93
T-4-2023,2028,6,1986675.3
T-4-2024,2026,10,2921264.89
T-4-2024,2026,11,3230238.18
T-4-2024,2026,12,3419522.63
T-4-2024,2026,7,2497992.19
T-4-2024,2026,8,2474325.8
T-4-2024,2026,9,2569304.94
T-4-2024,2027,1,3623565.18
T-4-2024,2027,10,2945804.32
T-4-2024,2027,11,3257373.06
T-4-2024,2027,12,3448247.55
T-4-2024,2027,2,3135846.2
T-4-2024,2027,3,3186985.09
T-4-2024,2027,4,2728761.58
T-4-2024,2027,5,2570975.3
T-4-2024,2027,6,2473335.86
T-4-2024,2027,7,2577514.32
T-4-2024,2027,8,2553094.52
T-4-2024,2027,9,2651097.27
T-4-2024,2028,1,3654004.12
T-4-2024,2028,2,3162188.17
T-4-2024,2028,3,3213756.64
T-4-2024,2028,4,2751683.93
T-4-2024,2028,5,2592572.19
T-4-2024,2028,6,2494112.56
T-4-2025,2026,10,5692159.74
T-4-2025,2026,11,6294202.13
T-4-2025,2026,12,6663027.74
T-4-2025,2026,7,117731837.51
T-4-2025,2026,8,116616426.46
T-4-2025,2026,9,121092849.45
T-4-2025,2027,1,7060609.9
T-4-2025,2027,10,5797992.74
T-4-2025,2027,11,6411228.77
T-4-2025,2027,12,6786911.87
T-4-2025,2027,2,6110276.94
T-4-2025,2027,3,6209922.37
T-4-2025,2027,4,5317062.08
T-4-2025,2027,5,5009611.46
T-4-2025,2027,6,4819358.5
T-4-2025,2027,7,5022352.91
T-4-2025,2027,8,4974770.3
T-4-2025,2027,9,5165731.19
T-4-2025,2028,1,7191886.18
T-4-2025,2028,2,6223883.9
T-4-2025,2028,3,6325382.02
T-4-2025,2028,4,5415920.99
T-4-2025,2028,5,5102754.0
T-4-2025,2028,6,4908963.72
T-4-2026,2026,10,267867709.23
T-4-2026,2026,11,296199260.73
T-4-2026,2026,12,313555848.67
T-4-2026,2027,1,332265692.96
T-4-2026,2027,10,16850429.17
T-4-2026,2027,11,18632647.73
T-4-2026,2027,12,19724477.56
T-4-2026,2027,2,287543913.45
T-4-2026,2027,3,292233134.18
T-4-2026,2027,4,250215964.89
T-4-2026,2027,5,235747626.12
T-4-2026,2027,6,226794500.09
T-4-2026,2027,7,236347227.0
T-4-2026,2027,8,234108033.98
T-4-2026,2027,9,243094474.55
T-4-2026,2028,1,20901435.05
T-4-2026,2028,2,18088176.29
T-4-2026,2028,3,18383155.41
T-4-2026,2028,4,15740032.3
T-4-2026,2028,5,14829890.05
T-4-2026,2028,6,14266686.61
T-4-2027,2027,10,262569898.35
T-4-2027,2027,11,290341116.54
T-4-2027,2027,12,307354430.85
T-4-2027,2028,1,325694237.19
T-4-2027,2028,2,281856952.24
T-4-2027,2028,3,286453430.9
T-4-2027,2028,4,245267265.15
T-4-2027,2028,5,231085077.05
T-4-2027,2028,6,222309023.38
