Parent Company,Applicant Company,CMU ID,Capacity AG,CMU Classification,Capacity (MW),Duration (Years),Fuel Type
Uniper Holding GmbH,Uniper UK Limited,RATS43,Yes,Existing Generating CMU,412.564,1,Coal
AIKENGALL II COMMUNITY WIND COMPANY (HOLDINGS) LIMITED,AIKENGALL IIA COMMUNITY WIND COMPANY LIMITED,AK2a01,Yes,Existing Generating CMU,6.699,1,Onshore Wind
Alfanar Group,LIGHTHOUSE GREEN FUELS LIMITED,LGFTV1,Yes,Existing Generating CMU,31.969,1,Gas
Alkane Energy Limited,Alkane Energy UK Limited,A2REDD,Yes,Existing Generating CMU,23.273,1,Oil
Alkane Energy Limited,Regent Park Energy Limited,A1HEMM,Yes,Existing Generating CMU,4.387,1,Gas
Alkane Energy Limited,Alkane Energy UK Limited,A3MARK,Yes,Existing Generating CMU,1.913,1,Gas
Alkane Energy Limited,Alkane Energy UK Limited,A4AVAR,Yes,Existing Generating CMU,1.999,1,Gas
Alkane Energy Limited,Regent Park Energy Limited,A1LING,Yes,Existing Generating CMU,0.171,1,Solar
Alkane Energy Limited,Alkane Energy UK Limited,A3TAYL,No,New Build Generating CMU,2.976,1,Storage - Battery
Amber Energy Storage Three Crown Limited,SKELMERSDALE ENERGY STORAGE LIMITED,SKEL23,Yes,New Build Generating CMU,13.922,1,Storage - Battery
Banks Renewables Limited,BANKS RENEWABLES (HARTING RIG WIND FARM) LIMITED,KypeE1,Yes,New Build Generating CMU,5.018,1,Onshore Wind
BESS HOLDCO 2 LIMITED,Zenobe Capenhurst Limited,NBPIN2,Yes,New Build Generating CMU,18.6,1,Storage - Battery
BESS HOLDCO 2 LIMITED,Zenobe Wishaw Limited,NBWSH2,Yes,New Build Generating CMU,18.491,1,Storage - Battery
BESS HOLDCO 2 LIMITED,Zenobe Brindley Limited,NBBND2,Yes,New Build Generating CMU,4.442,1,Storage - Battery
BOC Group Limited (00022096),BOC Ltd,TLGUKX,Yes,Proven DSR CMU,8.38,1,DSR
Boom Developments Limited,BOOM BACUP STORAGE LIMITED,BACUP1,Yes,New Build Generating CMU,1.488,1,Storage - Battery
Centrica plc,Centrica Business Solutions UK Optimisation Limite,8RES16,Yes,Existing Generating CMU,5.826,1,Diesel
Centrica plc,Centrica Business Solutions UK Optimisation Limite,8RES21,Yes,Existing Generating CMU,7.003,1,Gas
Centrica plc,Centrica Business Solutions UK Optimisation Limite,8RES17,Yes,Existing Generating CMU,3.064,1,Gas
Centrica plc,Centrica Business Solutions UK Optimisation Limite,8RES19,Yes,Existing Generating CMU,1.819,1,Gas
Centrica plc,Centrica Business Solutions UK Optimisation Limite,8RES20,Yes,Existing Generating CMU,1.789,1,Gas
Centrica plc,Centrica Business Solutions UK Optimisation Limite,8RES22,Yes,Existing Generating CMU,1.31,1,Gas
Centrica plc,Centrica Business Solutions UK Optimisation Limite,8RES23,Yes,Existing Generating CMU,1.169,1,Gas
Centrica plc,Centrica Business Solutions UK Optimisation Limite,8RES24,Yes,Existing Generating CMU,1.827,1,Gas
CIRENCESTER SOLAR FARM LTD,CIRENCESTER SOLAR FARM LTD,GS_CIR,Yes,Existing Generating CMU,6.232,1,Storage - Battery
Conrad Energy (Holdings) II Limited,CONRAD (LOWESTOFT) LIMITED,CDLWA2,Yes,New Build Generating CMU,7.139,1,Gas
Conrad Energy (Holdings) II Limited,CONRAD (ROCHESTER) LIMITED,CDROC1,Yes,New Build Generating CMU,4.759,1,Gas
Conrad Energy (Holdings) II Limited,CONRAD (STEVENAGE A) LIMITED,casw20,Yes,Existing Generating CMU,8.566,1,Gas
Conrad Energy (Holdings) II Limited,CONRAD (BLACKPOOL) LIMITED,CDBLK2,Yes,New Build Generating CMU,9.255,1,Storage - Battery
Conrad Energy (Holdings) II Limited,CONRAD (TORQUAY) LIMITED,CDTOR2,Yes,New Build Generating CMU,8.33,1,Storage - Battery
Conrad Energy (Holdings) II Limited,CONRAD (WINCHESTER) LIMITED,CDWIN1,Yes,New Build Generating CMU,7.034,1,Storage - Battery
Conrad Energy (Holdings) II Limited,CONRAD (FLITWICK) LIMITED,CDFLW2,Yes,Existing Generating CMU,7.44,1,Storage - Battery
Conrad Energy (Holdings) Limited,CONRAD (MINEHEAD) LIMITED,CDMIN4,Yes,Existing Generating CMU,6.853,1,Gas
Conrad Energy (Holdings) Limited,CONRAD (SUNDON) LIMITED,CDSUN6,Yes,Existing Generating CMU,5.711,1,Gas
Conrad Energy (Holdings) Limited,CONRAD (WOOTTON) LIMITED,CDWOO5,Yes,New Build Generating CMU,6.187,1,Gas
Conrad Energy (Holdings) Limited,CONRAD (MIDSOMER) LIMITED,CDMID4,Yes,New Build Generating CMU,2.221,1,Storage - Battery
Conrad Energy (Holdings) Limited,CONRAD (BILLERICAY) LIMITED,CDBIL5,Yes,New Build Generating CMU,9.518,1,Gas
Corus Group Limited,Tata Steel UK Limited,TS22_5,Yes,Existing Generating CMU,26.814,1,Waste
Corus Group Limited,Tata Steel UK Limited,TS22_4,Yes,Existing Generating CMU,19.076,1,Waste
CREST ENERGY LIMITED,CREST ENERGY LIMITED,FLEX22,Yes,New Build Generating CMU,19.036,1,Gas
Daisy No 2 Limited,Daisy No 2 Limited,HDN222,No,New Build Generating CMU,18.325,1,Storage - Battery
Dalquhandy Wind Farm Limited ,Dalquhandy Wind Farm Limited ,DAL003,Yes,New Build Generating CMU,3.444,1,Onshore Wind
EDF Energy Holdings Limited,EDF Energy Nuclear Generation Limited,HR1-22,Yes,Existing Generating CMU,473.81,1,Nuclear
EDF Energy Holdings Limited,EDF Energy Nuclear Generation Limited,HR2-22,Yes,Existing Generating CMU,472.355,1,Nuclear
EDF Energy Holdings Limited,EDF Energy Nuclear Generation Limited,HY1122,Yes,Existing Generating CMU,465.588,1,Nuclear
ENEL X INTERNATIONAL S.R.L.,Enel X UK Limited,UDSR61,Yes,Unproven DSR CMU,10,1,DSR
ENEL X INTERNATIONAL S.R.L.,Enel X UK Limited,UDSR62,Yes,Unproven DSR CMU,10,1,DSR
ENEL X INTERNATIONAL S.R.L.,Enel X UK Limited,UDSR63,Yes,Unproven DSR CMU,10,1,DSR
ENEL X INTERNATIONAL S.R.L.,Enel X UK Limited,UDSR64,Yes,Unproven DSR CMU,10,1,DSR
ENEL X INTERNATIONAL S.R.L.,Enel X UK Limited,UDSR65,Yes,Unproven DSR CMU,10,1,DSR
ENEL X INTERNATIONAL S.R.L.,Enel X UK Limited,UDSR66,Yes,Unproven DSR CMU,6,1,DSR
ENEL X INTERNATIONAL S.R.L.,Enel X UK Limited,ZGEN06,Yes,Existing Generating CMU,4.034,1,Gas
ENEL X INTERNATIONAL S.R.L.,Enel X UK Limited,ZGEN07,Yes,Existing Generating CMU,3.802,1,Gas
ENEL X INTERNATIONAL S.R.L.,Enel X UK Limited,ZGEN05,Yes,Existing Generating CMU,2.315,1,Gas
ENEL X INTERNATIONAL S.R.L.,Enel X UK Limited,ZGEN40,Yes,Existing Generating CMU,19.918,1,Gas
ENEL X INTERNATIONAL S.R.L.,Enel X UK Limited,ZGEN11,Yes,Existing Generating CMU,10.962,1,Gas
ENEL X INTERNATIONAL S.R.L.,Enel X UK Limited,ZGEN22,Yes,Existing Generating CMU,7.545,1,Gas
ENEL X INTERNATIONAL S.R.L.,Enel X UK Limited,ZGEN21,Yes,Existing Generating CMU,7.307,1,Gas
ENEL X INTERNATIONAL S.R.L.,Enel X UK Limited,BGEN35,Yes,Existing Generating CMU,1.806,1,Gas
ENEL X INTERNATIONAL S.R.L.,Enel X UK Limited,ZGEN35,Yes,Existing Generating CMU,4.388,1,Gas
ENEL X INTERNATIONAL S.R.L.,Enel X UK Limited,ZGEN37,Yes,Existing Generating CMU,2.545,1,Gas
ENEL X INTERNATIONAL S.R.L.,Enel X UK Limited,ZGEN01,Yes,Existing Generating CMU,1.712,1,Gas
ENEL X INTERNATIONAL S.R.L.,Enel X UK Limited,ZGEN02,Yes,Existing Generating CMU,1.764,1,Gas
ENEL X INTERNATIONAL S.R.L.,Enel X UK Limited,ZGEN38,Yes,Existing Generating CMU,1.778,1,Gas
ENEL X INTERNATIONAL S.R.L.,Enel X UK Limited,UDSR38,Yes,Unproven DSR CMU,7,1,DSR
ENEL X INTERNATIONAL S.R.L.,Enel X UK Limited,UDSR39,Yes,Unproven DSR CMU,3,1,DSR
ENEL X INTERNATIONAL S.R.L.,Enel X UK Limited,UDSR40,Yes,Unproven DSR CMU,9,1,DSR
ENEL X INTERNATIONAL S.R.L.,Enel X UK Limited,UDSR41,Yes,Unproven DSR CMU,5,1,DSR
ENEL X INTERNATIONAL S.R.L.,Enel X UK Limited,UDSR42,Yes,Unproven DSR CMU,3,1,DSR
ENEL X INTERNATIONAL S.R.L.,Enel X UK Limited,UDSR43,Yes,Unproven DSR CMU,4,1,DSR
ENEL X INTERNATIONAL S.R.L.,Enel X UK Limited,UDSR44,Yes,Unproven DSR CMU,3,1,DSR
ENEL X INTERNATIONAL S.R.L.,Enel X UK Limited,UDSR45,Yes,Unproven DSR CMU,1,1,DSR
ENEL X INTERNATIONAL S.R.L.,Enel X UK Limited,UDSR46,Yes,Unproven DSR CMU,4,1,DSR
ENEL X INTERNATIONAL S.R.L.,Enel X UK Limited,UDSR47,No,Unproven DSR CMU,20,1,DSR
ENEL X INTERNATIONAL S.R.L.,Enel X UK Limited,UDSR48,No,Unproven DSR CMU,20,1,DSR
ENEL X INTERNATIONAL S.R.L.,Enel X UK Limited,UDSR49,No,Unproven DSR CMU,20,1,DSR
ENEL X INTERNATIONAL S.R.L.,Enel X UK Limited,UDSR50,No,Unproven DSR CMU,20,1,DSR
ENEL X INTERNATIONAL S.R.L.,Enel X UK Limited,UDSR51,No,Unproven DSR CMU,20,1,DSR
ENEL X INTERNATIONAL S.R.L.,Enel X UK Limited,UDSR52,No,Unproven DSR CMU,20,1,DSR
ENEL X INTERNATIONAL S.R.L.,Enel X UK Limited,UDSR53,No,Unproven DSR CMU,20,1,DSR
ENEL X INTERNATIONAL S.R.L.,Enel X UK Limited,UDSR54,No,Unproven DSR CMU,20,1,DSR
ENEL X INTERNATIONAL S.R.L.,Enel X UK Limited,UDSR55,Yes,Unproven DSR CMU,20,1,DSR
ENEL X INTERNATIONAL S.R.L.,Enel X UK Limited,UDSR56,Yes,Unproven DSR CMU,20,1,DSR
ENEL X INTERNATIONAL S.R.L.,Enel X UK Limited,UDSR57,Yes,Unproven DSR CMU,20,1,DSR
ENEL X INTERNATIONAL S.R.L.,Enel X UK Limited,UDSR58,Yes,Unproven DSR CMU,20,1,DSR
ENEL X INTERNATIONAL S.R.L.,Enel X UK Limited,UDSR59,No,Unproven DSR CMU,10,1,DSR
Equans Group UK Ltd,Industrial Energy Services Limited ,CES0E3,Yes,Existing Generating CMU,5.129,1,Gas
ESBII UK LIMITED,Corby Power Limited,CORY-1,Yes,Existing Generating CMU,371.754,1,Gas
Forepower Limited,DONCASTER POWER (10MW) LIMITED,DONC02,Yes,New Build Generating CMU,1.86,1,Storage - Battery
Forsa Energy Cm Holdings Limited,Abercorn Generation Limited ,ABER22,Yes,New Build Generating CMU,19.036,1,Gas
FRP Mercia Holdco Limited ,AMALGAMATED SMART METERING LIMITED,ASMUS3,Yes,Existing Generating CMU,7.278,1,Gas
FRP Mercia Holdco Limited ,DURHAM RP LIMITED,DRPKR3,Yes,Existing Generating CMU,3.665,1,Gas
General Electricity Holdings Ltd,KiWi Power Ltd,KPEG92,Yes,Existing Generating CMU,3.635,1,Gas
General Electricity Holdings Ltd,KiWi Power Ltd,KPST57,Yes,Existing Generating CMU,6.355,1,Gas
General Electricity Holdings Ltd,KiWi Power Ltd,KPEG52,Yes,Existing Generating CMU,5.458,1,Gas
General Electricity Holdings Ltd,KiWi Power Ltd,KIW71A,Yes,Proven DSR CMU,15.783,1,DSR
General Electricity Holdings Ltd,KiWi Power Ltd,KIW73A,Yes,Proven DSR CMU,1.706,1,DSR
General Electricity Holdings Ltd,KiWi Power Ltd,KPEG81,Yes,Existing Generating CMU,2.156,1,Gas
General Electricity Holdings Ltd,KiWi Power Ltd,KPEG94,Yes,Existing Generating CMU,1.79,1,Gas
General Electricity Holdings Ltd,KiWi Power Ltd,KPEG95,Yes,Existing Generating CMU,1.756,1,Gas
General Electricity Holdings Ltd,KiWi Power Ltd,KPEG96,Yes,Existing Generating CMU,1.827,1,Gas
General Electricity Holdings Ltd,KiWi Power Ltd,KPEG93,Yes,Existing Generating CMU,2.54,1,Gas
General Electricity Holdings Ltd,KiWi Power Ltd,KPEG90,Yes,Existing Generating CMU,1.406,1,Gas
Gfp (Holdings) Limited,GFI73 LTD,GFI003,Yes,Existing Generating CMU,6.308,1,Diesel
Gore Street Energy Storage Fund PLC,GSES 1 LIMITED,GSF102,Yes,New Build Generating CMU,9.281,1,Storage - Battery
Gore Street Energy Storage Fund PLC,GSES 1 LIMITED,GSF104,Yes,New Build Generating CMU,5.58,1,Storage - Battery
Gore Street Energy Storage Fund PLC,OSSPV001 LIMITED,GSF006,Yes,Proven DSR CMU,6.431,1,DSR
Gore Street Energy Storage Fund PLC,GSES 1 LIMITED,GSF103,Yes,New Build Generating CMU,9.281,1,Storage - Battery
Green Investment Group,GIG FAUNE HOLDCO LIMITED,MALD02,Yes,New Build Generating CMU,7.44,1,Storage - Battery
Green Recovery Projects Limited,FCC Environment (Lincolnshire) Limited,FCCLI4,Yes,Existing Generating CMU,11.527,1,Waste
Greencoat Uk Wind Holdco Limited,Douglas West Wind Farm Ltd,DGWES2,Yes,Existing Generating CMU,3.69,1,Onshore Wind
Greencoat UK Wind Holdco Limited ,WINDY RIG WIND FARM LIMITED,WINDYR,Yes,Existing Generating CMU,3.51,1,Onshore Wind
Greencoat UK Wind Holdco Limited ,TWENTYSHILLING LIMITED,TWESHI,Yes,Existing Generating CMU,3.1,1,Onshore Wind
Greenspan Energy Limited,Greenspan Nifty Fifty Limited,GNRB01,Yes,New Build Generating CMU,3.198,1,Gas
Greenspan Energy Limited,Greenspan Nifty Fifty Limited,GNRA01,Yes,New Build Generating CMU,3.046,1,Gas
Gresham House Energy Storage Fund plc,Tynemouth Battery Storage Limited,TYNE23,Yes,Existing Generating CMU,4.458,1,Storage - Battery
Gresham House Energy Storage Holdings Plc ,Enderby Storage Limited,Ende23,Yes,New Build Generating CMU,8.556,1,Storage - Battery
Gresham House Energy Storage Holdings Plc ,UK BATTERY STORAGE LTD,York23,Yes,New Build Generating CMU,12.555,1,Storage - Battery
Gresham House Energy Storage Holdings Plc ,COUPAR LIMITED,COUP23,Yes,New Build Generating CMU,6.882,1,Storage - Battery
Gresham House Energy Storage Holdings Plc ,ARBROATH LIMITED,AR1H23,Yes,New Build Generating CMU,6.138,1,Storage - Battery
Gresham House Energy Storage Holdings Plc ,Grendon Storage Limited,GREN23,Yes,New Build Generating CMU,17.029,1,Storage - Battery
Gresham House Energy Storage Holdings Plc ,Stairfoot Generation Ltd,FOOT23,Yes,New Build Generating CMU,6.696,1,Storage - Battery
Gresham House Energy Storage Holdings Plc ,Penwortham Storage Limited,Penw23,Yes,New Build Generating CMU,8.556,1,Storage - Battery
Gresham House Energy Storage Holdings Plc ,West Didsbury Storage Limited,Dids23,Yes,New Build Generating CMU,8.556,1,Storage - Battery
Gresham House Energy Storage Holdings Plc ,Melksham West Storage Limited,MELW23,Yes,New Build Generating CMU,8.556,1,Storage - Battery
Gresham House Energy Storage Holdings Plc ,Melksham East Storage Limited,MELE23,Yes,New Build Generating CMU,8.556,1,Storage - Battery
GridBeyond Limited,GridBeyond Limited,GBD044,No,Proven DSR CMU,22.864,1,DSR
GridBeyond Limited,GridBeyond Limited,GBD033,Yes,Proven DSR CMU,5.188,1,DSR
GridBeyond Limited,GridBeyond Limited,END046,Yes,Unproven DSR CMU,0.715,1,DSR
GridBeyond Limited,GridBeyond Limited,END049,Yes,Unproven DSR CMU,4.787,1,DSR
GridBeyond Limited,GridBeyond Limited,END050,Yes,Unproven DSR CMU,3.573,1,DSR
GridBeyond Limited,GridBeyond Limited,END051,No,Unproven DSR CMU,3.573,1,DSR
GridBeyond Limited,GridBeyond Limited,END052,Yes,Unproven DSR CMU,3.573,1,DSR
GridBeyond Limited,GridBeyond Limited,END053,Yes,Unproven DSR CMU,7.145,1,DSR
GridBeyond Limited,GridBeyond Limited,END054,Yes,Unproven DSR CMU,3.573,1,DSR
GridBeyond Limited,GridBeyond Limited,END055,Yes,Unproven DSR CMU,3.573,1,DSR
GridBeyond Limited,GridBeyond Limited,END056,Yes,Unproven DSR CMU,1.429,1,DSR
GridBeyond Limited,GridBeyond Limited,END057,Yes,Unproven DSR CMU,1.429,1,DSR
GridBeyond Limited,GridBeyond Limited,END058,Yes,Unproven DSR CMU,1.429,1,DSR
GridBeyond Limited,GridBeyond Limited,END059,Yes,Unproven DSR CMU,1.429,1,DSR
GridBeyond Limited,GridBeyond Limited,END060,Yes,Unproven DSR CMU,1.429,1,DSR
GridBeyond Limited,GridBeyond Limited,END062,Yes,Unproven DSR CMU,1.429,1,DSR
GridBeyond Limited,GridBeyond Limited,END063,Yes,Unproven DSR CMU,1.429,1,DSR
GridBeyond Limited,GridBeyond Limited,END064,Yes,Unproven DSR CMU,1.429,1,DSR
GridBeyond Limited,GridBeyond Limited,END065,Yes,Unproven DSR CMU,1.429,1,DSR
GridBeyond Limited,GridBeyond Limited,GBD047,Yes,Existing Generating CMU,9.063,1,Gas
GridBeyond Limited,GridBeyond Limited,GBD048,Yes,Existing Generating CMU,1.37,1,Gas
GridBeyond Limited,GridBeyond Limited,GBD008,Yes,Existing Generating CMU,4.948,1,Gas
GridBeyond Limited,GridBeyond Limited,GBD004,Yes,Existing Generating CMU,4.926,1,Gas
GridBeyond Limited,GridBeyond Limited,GBD013,Yes,Existing Generating CMU,6.382,1,Gas
GridBeyond Limited,GridBeyond Limited,GBD017,Yes,Existing Generating CMU,47.752,1,Gas
GridBeyond Limited,GridBeyond Limited,END036,Yes,Unproven DSR CMU,9.173,1,DSR
GridBeyond Limited,GridBeyond Limited,gbd102,Yes,Proven DSR CMU,37.927,1,DSR
GRIDSERVE HC LTD,Braintree Electric Forecourt Ltd,GS_EF1,Yes,Existing Generating CMU,0.93,1,Storage - Battery
GRIDSERVE HC LTD,NORWICH EAST ELECTRIC FORECOURT LTD,GS_EF2,Yes,New Build Generating CMU,1.116,1,Storage - Battery
Harmony (PW) 2 Limited,Harmony (PW) 2 Limited,HPW222,Yes,New Build Generating CMU,18.325,1,Storage - Battery
Harmony (PW) Limited,Harmony (PW) Limited,HPW122,Yes,New Build Generating CMU,18.325,1,Storage - Battery
Harmony BD Limited,Harmony BD Limited,HBDL22,Yes,New Build Generating CMU,3.85,1,Storage - Battery
Harmony BF Limited,Harmony BF Limited,HBF223,No,New Build Generating CMU,18.325,1,Storage - Battery
Harmony BF Limited,Harmony BF Limited,HBF122,No,New Build Generating CMU,18.325,1,Storage - Battery
Harmony CS Limited,Harmony CS Limited,HCSL21,Yes,Existing Generating CMU,12.587,1,Storage - Battery
Harmony CTF 2 Limited,Harmony CTF 2 Limited,HCT223,Yes,New Build Generating CMU,18.325,1,Storage - Battery
Harmony CTF Limited,Harmony CTF Limited,HCTF23,Yes,New Build Generating CMU,18.325,1,Storage - Battery
Harmony FM Limited,Harmony FM Limited,HFML23,Yes,New Build Generating CMU,7.404,1,Storage - Battery
Harmony HB Limited,Harmony HB Limited,HHBL20,Yes,Existing Generating CMU,2.777,1,Storage - Battery
HARMONY RH LTD,HARMONY RH LTD,HRHL23,Yes,New Build Generating CMU,12.957,1,Storage - Battery
HYDROCK CONSULTANTS LIMITED,HYDROCK CONSULTANTS LIMITED,HY0001,Yes,New Build Generating CMU,7.478,1,Storage - Battery
Infragreen 4 Re Uk Limited,ARL 027 Limited,BLT123,Yes,New Build Generating CMU,3.72,1,Storage - Battery
Infragreen 4 Re Uk Limited,ARL 001 Limited,GLT123,Yes,New Build Generating CMU,3.348,1,Storage - Battery
Infragreen 4 Re Uk Limited,BRK 002 Limited,PLT123,Yes,New Build Generating CMU,9.114,1,Storage - Battery
Inovyn Limited,INOVYN ChlorVinyls Limited,INO101,Yes,Existing Generating CMU,8.938,1,Gas
JLEN Environmental Assets Group (UK) Limited ,FS WEST GOURDIE LIMITED,FSWG23,Yes,New Build Generating CMU,7.905,1,Storage - Battery
Kemsley CHP Limited,Kemsley CHP Limited,DSK123,Yes,Existing Generating CMU,67.23,1,Gas
Lakeside Energy From Waste Holdings Limited,LAKESIDE ENERGY FROM WASTE LIMITED,LAKE23,Yes,Existing Generating CMU,32.592,1,Waste
Mercia Power Limited,FRP MERCIA HOLDCO 2 LIMITED,FRP2GE,Yes,New Build Generating CMU,4.66,1,Gas
Nextpower Eelpower Limited,NEXTPOWER EELPOWER CAMILLA LIMITED,CAMI23,Yes,New Build Generating CMU,9.281,1,Storage - Battery
Noriker Power Ltd,Welkin Mill Power Limited,WELK23,No,New Build Generating CMU,12.957,1,Storage - Battery
Noriker Power Ltd,Noriker Poise Ltd,BFRD22,Yes,New Build Generating CMU,9.255,1,Storage - Battery
Northern Industrial Generation Limited,Northern Industrial Generation Limited,TOMW23,Yes,New Build Generating CMU,3.654,1,Gas
Nuclear Decommissioning Authority,Nuclear Decommissioning Authority,NDAMAN,Yes,Existing Generating CMU,25.697,1,Hydro
Nursling Energy Limited,Nursling Energy Two Limited,Nurse3,Yes,New Build Generating CMU,1.228,1,Storage - Battery
OAKTREE POWER LIMITED,OAKTREE POWER LIMITED,OPL014,Yes,Unproven DSR CMU,0.911,1,DSR
OAKTREE POWER LIMITED,OAKTREE POWER LIMITED,OPL015,Yes,Unproven DSR CMU,0.911,1,DSR
OAKTREE POWER LIMITED,OAKTREE POWER LIMITED,OPL016,Yes,Unproven DSR CMU,0.911,1,DSR
OAKTREE POWER LIMITED,OAKTREE POWER LIMITED,OPL007,Yes,Unproven DSR CMU,21.435,1,DSR
OAKTREE POWER LIMITED,OAKTREE POWER LIMITED,OPL008,Yes,Unproven DSR CMU,2.144,1,DSR
OAKTREE POWER LIMITED,OAKTREE POWER LIMITED,OPL009,Yes,Unproven DSR CMU,2.144,1,DSR
OAKTREE POWER LIMITED,OAKTREE POWER LIMITED,OPL010,Yes,Unproven DSR CMU,2.144,1,DSR
OAKTREE POWER LIMITED,OAKTREE POWER LIMITED,OPL011,Yes,Unproven DSR CMU,0.911,1,DSR
OAKTREE POWER LIMITED,OAKTREE POWER LIMITED,OPL012,Yes,Unproven DSR CMU,0.911,1,DSR
OAKTREE POWER LIMITED,OAKTREE POWER LIMITED,OPL013,Yes,Unproven DSR CMU,0.911,1,DSR
Octopus Energy Group Limited,OCTOPUS ENERGY LIMITED,OCTO13,Yes,Unproven DSR CMU,12,1,DSR
Octopus Energy Group Limited,OCTOPUS ENERGY LIMITED,OCTO14,Yes,Unproven DSR CMU,12,1,DSR
Octopus Energy Group Limited,OCTOPUS ENERGY LIMITED,OCTO15,No,Unproven DSR CMU,1,1,DSR
Octopus Energy Group Limited,OCTOPUS ENERGY LIMITED,OCTO01,Yes,Unproven DSR CMU,4.072,1,DSR
Octopus Energy Group Limited,OCTOPUS ENERGY LIMITED,OCTO12,Yes,Unproven DSR CMU,12,1,DSR
ORIT Uk ACQUISITIONS LIMITED,CUMBERHEAD WIND ENERGY LIMITED,Cumb22,Yes,New Build Generating CMU,4.1,1,Onshore Wind
P3P ASSET HOLDINGS LIMITED,The Isle of Wight Energy Company Limited,MAIN21,Yes,Existing Generating CMU,5.48,1,Gas
Pacific Green Battery Energy Parks 1 Limited,RICHBOROUGH ENERGY PARK LIMITED,PGREP2,Yes,New Build Generating CMU,9.298,1,Storage - Battery
Pacific Green Battery Energy Parks 1 Limited,RICHBOROUGH ENERGY PARK LIMITED,PGREP1,Yes,New Build Generating CMU,9.298,1,Storage - Battery
Peak Gen Top Co Limited,Peak Gen Power Limited,HAYPGL,Yes,Existing Generating CMU,5.14,1,Diesel
Peak Gen Top Co Limited,W4B Renewable Energy Limited,W42022,Yes,Existing Generating CMU,15.229,1,Diesel
Peak Gen Top Co Limited,Peak Gen Power Limited,COVPGL,Yes,Existing Generating CMU,5.711,1,Diesel
Peak Gen Top Co Limited,Peak Gen Power Limited,HATPGL,Yes,Existing Generating CMU,4.172,1,Diesel
Peak Gen Top Co Limited,Peak Gen Power Limited,DIDPGL,Yes,Existing Generating CMU,3.141,1,Diesel
Pivot Power (Holding) Limited,Pivoted Power LLP,PPBS22,Yes,New Build Generating CMU,16.659,1,Storage - Battery
Pivot Power (Holding) Limited,Pivoted Power LLP,PPCV22,Yes,New Build Generating CMU,16.659,1,Storage - Battery
Pulse Clean Energy Limited,Pulse Clean Energy UK Limited,FW0011,Yes,New Build Generating CMU,2.604,1,Storage - Battery
Pulse Clean Energy Limited,Pulse Clean Energy UK Limited,BF0001,Yes,New Build Generating CMU,3.162,1,Storage - Battery
Pulse Clean Energy Limited,Pulse Clean Energy UK Limited,TJ0011,Yes,New Build Generating CMU,3.348,1,Storage - Battery
Pulse Clean Energy Limited,Pulse Clean Energy UK Limited,WB0001,Yes,New Build Generating CMU,3.72,1,Storage - Battery
RESERVE POWER HOLDINGS (JERSEY) LIMITED,Flexitricity Limited,F21018,Yes,Existing Generating CMU,1.735,1,Gas
RESERVE POWER HOLDINGS (JERSEY) LIMITED,Flexitricity Limited,F22153,Yes,Existing Generating CMU,2.74,1,Gas
RESERVE POWER HOLDINGS (JERSEY) LIMITED,Flexitricity Limited,F18009,Yes,Existing Generating CMU,4.006,1,Gas
RESERVE POWER HOLDINGS (JERSEY) LIMITED,Flexitricity Limited,F18010,Yes,Existing Generating CMU,1.218,1,Gas
RESERVE POWER HOLDINGS (JERSEY) LIMITED,Flexitricity Limited,F20111,Yes,Existing Generating CMU,7.139,1,Gas
RESERVE POWER HOLDINGS (JERSEY) LIMITED,Flexitricity Limited,F20025,Yes,Existing Generating CMU,14.208,1,Gas
RESERVE POWER HOLDINGS (JERSEY) LIMITED,Flexitricity Limited,F22112,Yes,Proven DSR CMU,1.965,1,DSR
RESERVE POWER HOLDINGS (JERSEY) LIMITED,Flexitricity Limited,F22116,No,Proven DSR CMU,0.868,1,DSR
RESERVE POWER HOLDINGS (JERSEY) LIMITED,Flexitricity Limited,F22080,Yes,Proven DSR CMU,4.821,1,DSR
RESERVE POWER HOLDINGS (JERSEY) LIMITED,Flexitricity Limited,F22082,Yes,Proven DSR CMU,4.279,1,DSR
RESERVE POWER HOLDINGS (JERSEY) LIMITED,Flexitricity Limited,F22091,Yes,Proven DSR CMU,7.545,1,DSR
RESERVE POWER HOLDINGS (JERSEY) LIMITED,Flexitricity Limited,F22063,Yes,Proven DSR CMU,1.986,1,DSR
RESERVE POWER HOLDINGS (JERSEY) LIMITED,Flexitricity Limited,F22157,No,Unproven DSR CMU,2.232,1,DSR
RESERVE POWER HOLDINGS (JERSEY) LIMITED,Flexitricity Limited,F20001,Yes,Existing Generating CMU,5.153,1,Gas
RWE Generation UK Holdings Limited,RWE Generation UK plc,CHEN22,Yes,New Build Generating CMU,19.036,1,Gas
RWE Generation UK Holdings Limited,RWE Generation UK plc,CHEG22,Yes,Existing Generating CMU,42.253,1,Gas
Shift Energy Limited,Impact Power Limited,EMIST2,Yes,Proven DSR CMU,1.888,1,DSR
SLOANE DEVELOPMENTS LIMITED,PYEBRIDGE POWER LTD,PB2022,Yes,Existing Generating CMU,5.14,1,Gas
SMS Energy Services Limited,BRENTWOOD ENERGY STORAGE LIMITED,BRETB1,Yes,New Build Generating CMU,9.281,1,Storage - Battery
SMS Energy Services Limited 03197379,ADD RENEWABLES NO.3 LIMITED,BARNB1,Yes,New Build Generating CMU,7.44,1,Storage - Battery
SMS Energy Services Limited 03197379,NEWTONWOOD ENERGY STORAGE LIMITED,NEWTB1,Yes,New Build Generating CMU,9.281,1,Storage - Battery
SMS Energy Services Limited 03197379,BROOK FARM ENERGY STORAGE LIMITED,BROFB1,Yes,New Build Generating CMU,9.179,1,Storage - Battery
SMS Energy Services Limited 03197379,EAST ANGLIA GRID STORAGE ONE LIMITED,BURWB1,Yes,New Build Generating CMU,9.281,1,Storage - Battery
SSDC Opium Power Limited,FAREHAM ENERGY RESERVE 2 LIMITED,FAR226,Yes,New Build Generating CMU,3.72,1,Storage - Battery
SSDC Opium Power Limited,FAREHAM ENERGY RESERVE LIMITED,FAR123,Yes,Existing Generating CMU,7.44,1,Storage - Battery
SSE Plc,SEAGREEN WIND ENERGY LIMITED,SG2231,No,New Build Generating CMU,8.547,1,Offshore Wind
SSE Plc,Keadby Generation Limited,KED231,Yes,Existing Generating CMU,726.392,1,Gas
SSE Plc,Medway Power Limited,MED231,Yes,Existing Generating CMU,671.349,1,Gas
SSE Plc,SEAGREEN WIND ENERGY LIMITED,SG4231,No,New Build Generating CMU,14.958,1,Offshore Wind
SSE Plc,SEAGREEN WIND ENERGY LIMITED,SG3231,No,New Build Generating CMU,17.094,1,Offshore Wind
SSE Plc,SSEPG (Operations) Limited,BUR231,Yes,Existing Generating CMU,44.773,1,Gas
SSE Plc,SSEPG (Operations) Limited,CHI231,Yes,Existing Generating CMU,44.773,1,Gas
SSE Plc,SEAGREEN WIND ENERGY LIMITED,SG5231,No,New Build Generating CMU,8.547,1,Offshore Wind
SSE Plc,SEAGREEN WIND ENERGY LIMITED,SG1231,Yes,New Build Generating CMU,32.052,1,Offshore Wind
Statera Energy Limited,Dollymans Storage Limited,SEL110,Yes,New Build Generating CMU,18.563,1,Storage - Battery
Statera Energy Limited,Minety South Storage 2 LTD,SEL109,No,New Build Generating CMU,9.298,1,Storage - Battery
Still Waters Green Technology Limited,SW Mannington Limited,SWM023,Yes,Existing Generating CMU,10.289,1,Storage - Battery
Susi Storage Development Uk Ltd,SUSI EELPOWER FORDTOWN LIMITED,FORD23,Yes,New Build Generating CMU,9.298,1,Storage - Battery
SUSI Storage Development UK Ltd,SUSI Eelpower Dunsinane Limited,LYND23,Yes,New Build Generating CMU,9.281,1,Storage - Battery
SUSI Storage Development UK Ltd,SUSI EELPOWER HALESWORTH LIMITED,HALE23,Yes,New Build Generating CMU,9.3,1,Storage - Battery
TAGEnergy UK Limited,Harmony CF Limited,HCFL23,Yes,New Build Generating CMU,18.325,1,Storage - Battery
TAGENERGYUK LIMITED,Hawkers Hill Energy Park Limited,HHEP23,Yes,New Build Generating CMU,7.404,1,Storage - Battery
THE FERN POWER COMPANY LIMITED,NORTHWICH POWER LIMITED,NORT_3,Yes,Existing Generating CMU,13.195,1,Gas
The Shell Petroleum Company Limited,Limejump Ltd,BAT203,Yes,Existing Generating CMU,0.446,1,Storage - Battery
Thrive Renewables plc,FEEDER GRID STORAGE LIMITED,FR2116,Yes,New Build Generating CMU,3.72,1,Storage - Battery
Todd Waste Management Group Ltd,ALLIUM HELMSLEY LTD,ALLHM2,Yes,New Build Generating CMU,0.88,1,Waste
Todd Waste Management Group Ltd,ALLIUM HELMSLEY LTD,ALLHM1,Yes,Existing Generating CMU,1.523,1,Gas
TOLLCUX FINANCE LIMITED,TOLLGATE ENERGY STORAGE LIMITED,TOL001,Yes,New Build Generating CMU,9.207,1,Storage - Battery
Uniper Holding GmbH,Uniper UK Limited,RTGT14,Yes,Existing Generating CMU,16.181,1,Diesel
Uniper Holding GmbH,Uniper UK Limited,HOLF01,Yes,Proven DSR CMU,5.659,1,DSR
Uniper Holding GmbH,Uniper UK Limited,RTGT12,Yes,Existing Generating CMU,16.181,1,Diesel
URBAN RESERVE (ASSETCO 2) LIMITED,URBAN RESERVE (ASSETCO 2) LIMITED,UR0310,Yes,New Build Generating CMU,4.826,1,Gas
URBAN RESERVE (ASSETCO 2) LIMITED,URBAN RESERVE (ASSETCO 2) LIMITED,UR0331,Yes,New Build Generating CMU,4.826,1,Gas
Urban Reserve Finco Limited,URBAN RESERVE (ASSETCO) LIMITED,UR9279,Yes,New Build Generating CMU,4.814,1,Gas
Urban Reserve Finco Limited,URBAN RESERVE (ASSETCO) LIMITED,UR0125,Yes,New Build Generating CMU,2.413,1,Gas
Urban Reserve Finco Limited,URBAN RESERVE (ASSETCO) LIMITED,UR0332,Yes,New Build Generating CMU,4.093,1,Gas
Urban Reserve Finco Limited,URBAN RESERVE (ASSETCO) LIMITED,URX141,Yes,Existing Generating CMU,3.736,1,Gas
Urban Reserve Finco Limited,URBAN RESERVE (ASSETCO) LIMITED,URX119,Yes,Existing Generating CMU,2.413,1,Gas
Urban Reserve Finco Limited,URBAN RESERVE (ASSETCO) LIMITED,URX132,Yes,Existing Generating CMU,4.759,1,Gas
Urban Reserve Finco Limited,URBAN RESERVE (ASSETCO) LIMITED,URX145,Yes,Existing Generating CMU,3.857,1,Gas
Urban Reserve Finco Limited,URBAN RESERVE (ASSETCO) LIMITED,URX197,Yes,Existing Generating CMU,4.341,1,Gas
Urban Reserve Finco Limited,URBAN RESERVE (ASSETCO) LIMITED,URX214,Yes,Existing Generating CMU,4.814,1,Gas
Urban Reserve Finco Limited,URBAN RESERVE (ASSETCO) LIMITED,URX217,Yes,Existing Generating CMU,4.814,1,Gas
Urban Reserve Finco Limited,URBAN RESERVE (ASSETCO) LIMITED,URX226,Yes,Existing Generating CMU,2.413,1,Gas
Urban Reserve Finco Limited,URBAN RESERVE (ASSETCO) LIMITED,UR9263,Yes,New Build Generating CMU,3.415,1,Gas
Vattenfall AB,Vattenfall Wind Power Ltd,URB-03,Yes,New Build Generating CMU,7.404,1,Storage - Battery
VEOLIA ENVIRONNEMENT SA,Veolia UK Limited,TYSE07,Yes,Existing Generating CMU,23.939,1,Waste
Victory Hill Flexible Power Limited,RHODESIA POWER LIMITED,RhodCC,No,New Build Generating CMU,9.518,1,Gas
Virmati Energy Ltd,FIELD OLDHAM LTD,22OLD1,Yes,New Build Generating CMU,3.72,1,Storage - Battery
Vital Holdings Limited,VITAL ENERGI SOLUTIONS LIMITED,VIT404,Yes,Existing Generating CMU,8.1,1,Gas
Vital Holdings Limited,VITAL ENERGI SOLUTIONS LIMITED,VIT305,Yes,Existing Generating CMU,4.069,1,Gas
Vital Holdings Limited,VITAL ENERGI SOLUTIONS LIMITED,VIT502,Yes,Existing Generating CMU,2.987,1,Gas
Vital Holdings Limited,VITAL ENERGI SOLUTIONS LIMITED,VIT503,Yes,Existing Generating CMU,3.014,1,Gas
VPI Holding Limited,VPI Power Limited,VP22BM,Yes,Existing Generating CMU,54.804,1,Gas
WARRINGTON RENEWABLES (HULL) LIMITED,WARRINGTON RENEWABLES (HULL) LIMITED,BILT02,Yes,Existing Generating CMU,3.448,1,Solar
Warrington Renewables (York) Ltd,Warrington Renewables (York) Ltd,BOSC01,Yes,Existing Generating CMU,2.959,1,Solar
Whitetower Holdings UK Limited,Whitetower Energy Limited,THRN26,Yes,Existing Generating CMU,37.239,1,Gas
Whitetower Holdings UK Limited,Whitetower Energy Limited,EXET26,Yes,Existing Generating CMU,41.909,1,Gas
WWS Development LLP,CROSSDYKES WF LIMITED,CRDY23,Yes,Existing Generating CMU,3.772,1,Onshore Wind
Ylem Group Limited,Biogas Technology Limited,AXB023,Yes,New Build Generating CMU,6.567,1,Gas
Zenobe Energy Limited,Zenobe Energy Limited,DSRBS3,Yes,Unproven DSR CMU,2.066,1,DSR
ZENOBE EV FLEETCO LIMITED,BESS Holdco 8 Limited,DSRUU3,No,Unproven DSR CMU,1.35,1,DSR
ZENOBE EV FLEETCO LIMITED,BESS Holdco 14 Limited,DSWAL3,Yes,Unproven DSR CMU,0.9,1,DSR
Zenobe EV Parent,ZENOBE EV FLEETCO LIMITED,EVLLS1,Yes,Unproven DSR CMU,0.714,1,DSR
Zenobe Parent Fleetco Limited,ZENOBE BORROWER FLEETCO LIMITED,EVINC1,No,Unproven DSR CMU,0.715,1,DSR
